,辆肺备,辆肺备,辆肺备,辆肺备,辆肺备,辆肺备,辆肺备,辆肺备,辆肺备,辆肺备,辆肺备,辆肺备,辆肺备,吝备,吝备,吝备,吝备,吝备,吝备,吝备,吝备,吝备,吝备,吝备,吝备,吝备,侩魂备,侩魂备,侩魂备,侩魂备,侩魂备,侩魂备,侩魂备,侩魂备,侩魂备,侩魂备,侩魂备,侩魂备,侩魂备,己悼备,己悼备,己悼备,己悼备,己悼备,己悼备,己悼备,己悼备,己悼备,己悼备,己悼备,己悼备,己悼备,堡柳备,堡柳备,堡柳备,堡柳备,堡柳备,堡柳备,堡柳备,堡柳备,堡柳备,堡柳备,堡柳备,堡柳备,堡柳备,悼措巩备,悼措巩备,悼措巩备,悼措巩备,悼措巩备,悼措巩备,悼措巩备,悼措巩备,悼措巩备,悼措巩备,悼措巩备,悼措巩备,悼措巩备,吝尔备,吝尔备,吝尔备,吝尔备,吝尔备,吝尔备,吝尔备,吝尔备,吝尔备,吝尔备,吝尔备,吝尔备,吝尔备,己合备,己合备,己合备,己合备,己合备,己合备,己合备,己合备,己合备,己合备,己合备,己合备,己合备,碍合备,碍合备,碍合备,碍合备,碍合备,碍合备,碍合备,碍合备,碍合备,碍合备,碍合备,碍合备,碍合备,档豪备,档豪备,档豪备,档豪备,档豪备,档豪备,档豪备,档豪备,档豪备,档豪备,档豪备,档豪备,档豪备,畴盔备,畴盔备,畴盔备,畴盔备,畴盔备,畴盔备,畴盔备,畴盔备,畴盔备,畴盔备,畴盔备,畴盔备,畴盔备,篮乞备,篮乞备,篮乞备,篮乞备,篮乞备,篮乞备,篮乞备,篮乞备,篮乞备,篮乞备,篮乞备,篮乞备,篮乞备,辑措巩备,辑措巩备,辑措巩备,辑措巩备,辑措巩备,辑措巩备,辑措巩备,辑措巩备,辑措巩备,辑措巩备,辑措巩备,辑措巩备,辑措巩备,付器备,付器备,付器备,付器备,付器备,付器备,付器备,付器备,付器备,付器备,付器备,付器备,付器备,剧玫备,剧玫备,剧玫备,剧玫备,剧玫备,剧玫备,剧玫备,剧玫备,剧玫备,剧玫备,剧玫备,剧玫备,剧玫备,碍辑备,碍辑备,碍辑备,碍辑备,碍辑备,碍辑备,碍辑备,碍辑备,碍辑备,碍辑备,碍辑备,碍辑备,碍辑备,备肺备,备肺备,备肺备,备肺备,备肺备,备肺备,备肺备,备肺备,备肺备,备肺备,备肺备,备肺备,备肺备,陛玫备,陛玫备,陛玫备,陛玫备,陛玫备,陛玫备,陛玫备,陛玫备,陛玫备,陛玫备,陛玫备,陛玫备,陛玫备,康殿器备,康殿器备,康殿器备,康殿器备,康殿器备,康殿器备,康殿器备,康殿器备,康殿器备,康殿器备,康殿器备,康殿器备,康殿器备,悼累备,悼累备,悼累备,悼累备,悼累备,悼累备,悼累备,悼累备,悼累备,悼累备,悼累备,悼累备,悼累备,包厩备,包厩备,包厩备,包厩备,包厩备,包厩备,包厩备,包厩备,包厩备,包厩备,包厩备,包厩备,包厩备,辑檬备,辑檬备,辑檬备,辑檬备,辑檬备,辑檬备,辑檬备,辑檬备,辑檬备,辑檬备,辑檬备,辑檬备,辑檬备,碍巢备,碍巢备,碍巢备,碍巢备,碍巢备,碍巢备,碍巢备,碍巢备,碍巢备,碍巢备,碍巢备,碍巢备,碍巢备,价颇备,价颇备,价颇备,价颇备,价颇备,价颇备,价颇备,价颇备,价颇备,价颇备,价颇备,价颇备,价颇备,碍悼备,碍悼备,碍悼备,碍悼备,碍悼备,碍悼备,碍悼备,碍悼备,碍悼备,碍悼备,碍悼备,碍悼备,碍悼备
5技喊,10 - 14技,15 - 19技,20 - 24技,25 - 29技,30 - 34技,35 - 39技,40 - 44技,45 - 49技,50 - 54技,55 - 59技,60 - 64技,65 - 69技,100+,10 - 14技,15 - 19技,20 - 24技,25 - 29技,30 - 34技,35 - 39技,40 - 44技,45 - 49技,50 - 54技,55 - 59技,60 - 64技,65 - 69技,100+,10 - 14技,15 - 19技,20 - 24技,25 - 29技,30 - 34技,35 - 39技,40 - 44技,45 - 49技,50 - 54技,55 - 59技,60 - 64技,65 - 69技,100+,10 - 14技,15 - 19技,20 - 24技,25 - 29技,30 - 34技,35 - 39技,40 - 44技,45 - 49技,50 - 54技,55 - 59技,60 - 64技,65 - 69技,100+,10 - 14技,15 - 19技,20 - 24技,25 - 29技,30 - 34技,35 - 39技,40 - 44技,45 - 49技,50 - 54技,55 - 59技,60 - 64技,65 - 69技,100+,10 - 14技,15 - 19技,20 - 24技,25 - 29技,30 - 34技,35 - 39技,40 - 44技,45 - 49技,50 - 54技,55 - 59技,60 - 64技,65 - 69技,100+,10 - 14技,15 - 19技,20 - 24技,25 - 29技,30 - 34技,35 - 39技,40 - 44技,45 - 49技,50 - 54技,55 - 59技,60 - 64技,65 - 69技,100+,10 - 14技,15 - 19技,20 - 24技,25 - 29技,30 - 34技,35 - 39技,40 - 44技,45 - 49技,50 - 54技,55 - 59技,60 - 64技,65 - 69技,100+,10 - 14技,15 - 19技,20 - 24技,25 - 29技,30 - 34技,35 - 39技,40 - 44技,45 - 49技,50 - 54技,55 - 59技,60 - 64技,65 - 69技,100+,10 - 14技,15 - 19技,20 - 24技,25 - 29技,30 - 34技,35 - 39技,40 - 44技,45 - 49技,50 - 54技,55 - 59技,60 - 64技,65 - 69技,100+,10 - 14技,15 - 19技,20 - 24技,25 - 29技,30 - 34技,35 - 39技,40 - 44技,45 - 49技,50 - 54技,55 - 59技,60 - 64技,65 - 69技,100+,10 - 14技,15 - 19技,20 - 24技,25 - 29技,30 - 34技,35 - 39技,40 - 44技,45 - 49技,50 - 54技,55 - 59技,60 - 64技,65 - 69技,100+,10 - 14技,15 - 19技,20 - 24技,25 - 29技,30 - 34技,35 - 39技,40 - 44技,45 - 49技,50 - 54技,55 - 59技,60 - 64技,65 - 69技,100+,10 - 14技,15 - 19技,20 - 24技,25 - 29技,30 - 34技,35 - 39技,40 - 44技,45 - 49技,50 - 54技,55 - 59技,60 - 64技,65 - 69技,100+,10 - 14技,15 - 19技,20 - 24技,25 - 29技,30 - 34技,35 - 39技,40 - 44技,45 - 49技,50 - 54技,55 - 59技,60 - 64技,65 - 69技,100+,10 - 14技,15 - 19技,20 - 24技,25 - 29技,30 - 34技,35 - 39技,40 - 44技,45 - 49技,50 - 54技,55 - 59技,60 - 64技,65 - 69技,100+,10 - 14技,15 - 19技,20 - 24技,25 - 29技,30 - 34技,35 - 39技,40 - 44技,45 - 49技,50 - 54技,55 - 59技,60 - 64技,65 - 69技,100+,10 - 14技,15 - 19技,20 - 24技,25 - 29技,30 - 34技,35 - 39技,40 - 44技,45 - 49技,50 - 54技,55 - 59技,60 - 64技,65 - 69技,100+,10 - 14技,15 - 19技,20 - 24技,25 - 29技,30 - 34技,35 - 39技,40 - 44技,45 - 49技,50 - 54技,55 - 59技,60 - 64技,65 - 69技,100+,10 - 14技,15 - 19技,20 - 24技,25 - 29技,30 - 34技,35 - 39技,40 - 44技,45 - 49技,50 - 54技,55 - 59技,60 - 64技,65 - 69技,100+,10 - 14技,15 - 19技,20 - 24技,25 - 29技,30 - 34技,35 - 39技,40 - 44技,45 - 49技,50 - 54技,55 - 59技,60 - 64技,65 - 69技,100+,10 - 14技,15 - 19技,20 - 24技,25 - 29技,30 - 34技,35 - 39技,40 - 44技,45 - 49技,50 - 54技,55 - 59技,60 - 64技,65 - 69技,100+,10 - 14技,15 - 19技,20 - 24技,25 - 29技,30 - 34技,35 - 39技,40 - 44技,45 - 49技,50 - 54技,55 - 59技,60 - 64技,65 - 69技,100+,10 - 14技,15 - 19技,20 - 24技,25 - 29技,30 - 34技,35 - 39技,40 - 44技,45 - 49技,50 - 54技,55 - 59技,60 - 64技,65 - 69技,100+,10 - 14技,15 - 19技,20 - 24技,25 - 29技,30 - 34技,35 - 39技,40 - 44技,45 - 49技,50 - 54技,55 - 59技,60 - 64技,65 - 69技,100+
2016-01,5874,8504,11428,11877,11352,10427,12700,13540,13135,12460,9548,7695,214,3590,5454,8318,9330,10666,9859,10115,10310,10453,10993,8244,6509,137,8487,11245,14712,16691,20083,18994,20412,19888,18556,18092,13599,11068,289,10712,14929,20913,22713,25905,25153,25562,24763,24325,23527,16795,13118,178,13920,20236,27458,31557,34168,29088,30062,30707,28949,27856,19924,14682,156,12941,18096,26739,27682,29244,28202,29442,29007,28171,29304,22675,17841,231,14770,22106,29365,29439,34064,32069,32866,35468,36494,36429,26513,20076,146,19748,24896,32913,32291,35053,35706,41369,38955,35297,35470,26679,21511,284,12378,17659,22517,20903,24543,24785,27694,27966,27259,27845,21736,18432,229,14581,21030,24913,22784,25373,25086,28524,30569,29981,31200,22406,16711,126,29832,41243,42652,34907,39928,42185,50876,53748,47421,44802,31782,23335,218,20832,28296,33036,32239,39351,40311,43813,41926,39213,39594,29780,24381,345,12290,16814,23605,23726,24586,23434,26283,26523,24750,24145,17898,14961,203,15303,19221,26815,31719,37956,34596,35550,31434,28215,26934,19605,15727,248,26875,36156,35387,29850,34172,34909,42985,47460,42143,37894,26884,19036,131,24044,31662,40107,43836,55175,51794,49727,45917,45770,47766,35319,26061,192,16039,20854,27124,29791,38052,37647,35966,32825,32274,33862,26323,20533,141,8312,12235,16538,18022,19675,17855,18971,20463,21270,20508,15137,11567,131,13027,17797,24526,30248,36066,32203,31480,30014,29727,30159,22909,18295,220,14677,19561,29294,33858,37028,33950,33076,30599,29782,30462,23401,19163,227,15893,22545,39240,55646,54726,43508,41128,37181,35858,36849,29442,24472,245,22792,27410,28563,30783,37714,38843,41974,39545,32427,31008,23931,18871,184,27624,40063,39896,43133,51694,48954,50870,53500,44698,39588,30717,23587,218,30504,40031,45031,48336,58213,55965,57349,56073,52483,51865,38805,27036,202,19370,27184,31880,32199,37880,36810,37370,38494,38652,39866,29290,20603,189
2016-02,5833,8433,11462,11894,11326,10502,12588,13605,13077,12578,9577,7720,215,3557,5480,8287,9312,10628,9892,10061,10302,10424,10971,8323,6506,140,8428,11233,14672,16658,19964,19110,20358,19938,18416,18108,13726,11075,292,10637,14952,20850,22692,25745,25196,25375,24901,24224,23631,16899,13184,180,13866,20130,27575,31544,33987,29222,29961,30752,28836,27983,20056,14663,159,12838,18267,26870,27573,29009,28202,29260,29115,28064,29400,22804,17829,233,14635,21998,29349,29375,33852,32125,32666,35613,36315,36642,26753,20136,148,19597,25060,33009,32173,34829,35664,41184,39113,35213,35572,26825,21593,291,12252,17640,22517,20891,24369,24787,27562,28067,27141,27921,21916,18431,229,14524,20919,24845,22686,25211,25071,28375,30651,29860,31306,22592,16780,127,29631,41235,42645,34800,39761,42238,50704,53917,47240,44993,32097,23415,219,20711,28126,32945,32257,39097,40367,43673,42047,39074,39642,29982,24421,348,12260,16929,23726,23826,24587,23602,26303,26748,24815,24286,18107,14976,205,15185,19213,26894,31702,37744,34741,35364,31624,28193,26952,19696,15769,251,26776,35846,35165,29739,34026,35044,42933,47420,41967,38011,27077,19069,138,23839,31607,39956,43805,55066,52054,49655,46080,45607,47960,35635,26181,191,15935,20822,27172,29719,37777,37696,35784,32991,32210,34046,26455,20630,142,8218,12145,16471,18022,19609,17926,18817,20466,21168,20606,15262,11627,133,12941,17730,24469,30277,35996,32342,31303,30162,29571,30307,23045,18307,223,14619,19617,29417,33860,36850,33948,33033,30706,29679,30605,23522,19199,230,15767,22578,39518,55731,54520,43680,40918,37383,35844,36902,29616,24508,247,22748,27272,28414,30728,37347,38976,41888,39671,32337,30992,24050,18907,183,27593,39780,39656,42961,51364,49109,50831,53683,44530,39585,30856,23646,224,30177,39717,44798,48051,57744,56097,57011,56211,52243,51819,39053,27153,202,19251,26975,31701,32063,37541,36850,37109,38510,38475,39929,29500,20612,190
2016-03,5779,8724,11666,11932,11219,10460,12395,13570,13028,12646,9697,7680,220,3537,5480,8362,9354,10594,9912,10019,10314,10405,11010,8409,6505,143,8381,11182,14712,16682,19885,19124,20205,19896,18337,18183,13840,11035,297,10588,14917,20911,22745,25567,25118,25257,24909,24168,23725,17003,13171,183,13790,20081,27665,31706,33793,29202,29732,30653,28777,28108,20249,14681,168,12728,18257,27025,27646,28786,28201,29034,29063,28040,29459,23066,17804,231,14500,21913,29448,29434,33672,32098,32494,35512,36207,36863,27051,20085,150,19478,25124,33245,32186,34497,35516,40926,39152,35180,35583,27107,21518,292,12160,17573,22533,20836,24204,24747,27421,28021,27069,28047,22094,18393,231,14437,20845,24832,22663,25091,24999,28258,30581,29780,31404,22833,16792,129,29427,41282,43168,34826,39589,42129,50302,53907,47097,45117,32488,23430,219,20618,28052,32932,32410,38733,40238,43432,42011,38977,39805,30257,24358,350,12215,16963,23955,23922,24589,23643,26251,26801,24853,24462,18290,14992,208,15174,19138,26971,31672,37570,34662,35163,31656,28098,27041,19871,15820,253,26533,35681,35149,29796,33811,34955,42677,47210,41950,38081,27390,19062,140,23773,31488,40097,44077,54882,52076,49558,46065,45404,48237,36031,26225,193,15873,20850,27220,29826,37508,37654,35671,32998,32083,34165,26699,20614,143,8164,12071,16459,18111,19515,17871,18668,20334,21194,20680,15440,11632,134,12878,17669,24496,30402,35905,32289,31203,30045,29516,30326,23184,18313,226,14519,19656,29594,34071,36680,33930,32938,30735,29629,30694,23705,19202,235,15683,22569,40042,55864,54123,43578,40743,37444,35747,36971,29964,24489,253,22675,27118,28516,30896,37067,38810,41777,39690,32303,31019,24208,18929,184,27337,39432,39683,42935,50951,48890,50443,53559,44259,39584,31110,23671,222,30003,39491,44813,48050,57304,56015,56698,56103,52084,51914,39400,27111,203,19133,26795,31624,32002,37127,36726,36922,38298,38201,40011,29745,20644,191
2016-04,5707,8635,11659,11973,11171,10475,12302,13548,12975,12700,9752,7634,220,3533,5443,8341,9372,10583,9943,9987,10334,10368,11022,8467,6503,144,8320,11166,14670,16782,19795,19065,20136,19942,18266,18182,13966,11004,305,10545,14888,20900,22817,25473,25148,25195,24932,24099,23838,17074,13150,182,13734,19956,27689,31802,33619,29219,29605,30654,28694,28189,20355,14700,169,12619,18172,26946,27644,28674,28172,28942,29072,27906,29576,23149,17850,230,14472,21826,29466,29443,33535,32124,32347,35552,36049,37087,27243,20103,151,19395,25065,33243,32186,34335,35486,40692,39254,35044,35670,27291,21458,295,12130,17506,22496,20872,24040,24721,27371,28042,27003,28154,22200,18376,230,14361,20750,24821,22700,24923,25018,28116,30569,29714,31531,22956,16832,128,29221,41187,43208,34889,39386,42159,50118,53968,47020,45235,32728,23505,221,20543,27965,32876,32448,38403,40281,43252,42038,38831,39876,30415,24286,351,12205,16902,23962,24090,24561,23705,26201,26896,24816,24634,18390,15004,210,15074,19058,27000,31546,37349,34624,35056,31675,27925,27152,19937,15794,255,26383,35499,35142,29832,33639,34892,42477,47167,41801,38251,27500,19115,140,23730,31295,40121,44199,54773,52177,49526,46096,45212,48457,36247,26285,195,15809,20749,27187,29848,37288,37639,35612,32989,31993,34096,26840,20667,143,8126,12000,16467,18121,19418,17851,18594,20310,21158,20774,15512,11673,136,12794,17640,24442,30459,35833,32277,31110,30104,29325,30459,23247,18308,226,14476,19567,29646,34218,36606,33941,32873,30839,29498,30815,23801,19221,235,15596,22430,40165,56064,53856,43556,40699,37398,35605,37104,30041,24502,254,22573,27004,28534,30870,36932,38762,41699,39838,32178,31137,24307,18890,188,27120,39219,39716,42944,50561,48854,50202,53628,44043,39556,31242,23590,224,29843,39348,44757,48011,57086,56001,56509,56137,51881,52054,39596,27093,207,19019,26650,31451,31974,36867,36721,36742,38197,37967,40000,29841,20652,192
2016-05,5643,8542,11657,11967,11100,10477,12152,13599,12929,12774,9793,7589,219,3524,5380,8342,9381,10495,9970,9927,10365,10290,11033,8514,6476,147,8261,11135,14643,16810,19693,19161,19929,20011,18205,18214,14083,10971,304,10515,14811,20893,22914,25510,25327,25057,25101,24072,23970,17134,13164,181,13660,19827,27649,31787,33345,29306,29383,30780,28519,28311,20431,14703,170,12563,18083,26827,27656,28498,28183,28741,29209,27661,29661,23206,17821,231,14393,21734,29471,29504,33330,32198,32078,35680,35935,37247,27437,20131,147,19343,24984,33160,32192,34001,35534,40309,39471,34893,35692,27448,21407,296,12034,17418,22402,20906,23873,24814,27063,28178,26783,28295,22313,18327,229,14286,20677,24852,22722,24723,25138,27871,30726,29566,31685,23140,16866,128,29046,41047,43261,34970,39149,42335,49637,54227,46856,45407,32887,23525,222,20498,27895,32832,32466,38071,40374,42931,42284,38609,40072,30518,24188,353,12173,16827,23874,24151,24458,23778,25958,27004,24731,24763,18482,15005,211,15029,18939,26863,31618,37180,34538,34825,31907,27736,27190,20048,15678,255,26280,35310,35086,29894,33495,34951,42095,47361,41571,38451,27592,19136,141,23626,31232,40069,44360,54503,52400,49313,46305,44893,48731,36496,26337,193,15791,20632,27235,29920,36947,37756,35412,33201,31821,34259,26972,20673,143,8075,11957,16444,18122,19352,17882,18445,20354,21035,20870,15566,11707,140,12704,17585,24413,30591,35552,32341,30862,30197,29141,30569,23301,18300,228,14441,19496,29637,34310,36490,34025,32687,31079,29342,30967,23928,19179,235,15558,22289,40231,56246,53655,43531,40472,37582,35393,37224,30121,24534,257,22579,26813,28495,30926,36741,38806,41507,40068,32061,31205,24445,18876,187,27024,39058,39584,42952,50167,48842,49856,53863,43818,39609,31429,23527,225,29721,39138,44701,47919,56802,56176,56050,56375,51561,52328,39777,27081,208,18909,26412,31250,31881,36515,36769,36337,38294,37536,39926,29888,20663,192
2016-06,5626,8446,11601,11931,11067,10503,12085,13621,12841,12769,9846,7574,219,3509,5335,8304,9379,10421,9992,9890,10365,10255,11043,8577,6451,153,8228,11069,14655,16836,19574,19249,19784,20136,18090,18267,14188,10932,306,10515,14752,20840,23020,25506,25490,24942,25225,23898,24121,17268,13121,183,13619,19700,27652,31791,33297,29388,29259,30790,28330,28464,20529,14701,169,12511,17976,26681,27646,28290,28164,28566,29245,27426,29804,23266,17785,232,14372,21618,29380,29572,33159,32332,31838,35706,35693,37479,27567,20110,148,19300,24894,33050,32190,33773,35592,40058,39680,34609,35830,27531,21315,297,11980,17311,22451,20961,23716,24884,26879,28232,26581,28467,22396,18299,232,14178,20619,24811,22689,24592,25218,27733,30748,29342,31860,23322,16852,129,28932,40863,43158,35017,38843,42453,49294,54388,46465,45636,33067,23492,220,20358,27821,32795,32440,37810,40489,42645,42428,38388,40255,30664,24156,357,12118,16748,23911,24176,24392,23904,25817,27074,24618,24941,18571,14946,210,15023,18853,26820,31588,36941,34624,34679,32021,27505,27259,20123,15542,259,26214,35180,35049,29935,33303,35132,41918,47458,41398,38636,27760,19167,145,23569,31122,40036,44465,54248,52704,49072,46456,44453,49029,36639,26325,196,15751,20560,27255,29926,36752,37798,35288,33290,31609,34450,27089,20661,144,8052,11892,16403,18156,19184,17929,18344,20370,20915,21018,15616,11687,141,12664,17470,24287,30572,35327,32443,30700,30209,28840,30696,23367,18227,229,14470,19417,29618,34450,36357,34172,32640,31215,29174,31126,23999,19145,237,15535,22144,40270,56389,53369,43682,40227,37684,35157,37329,30242,24463,260,22506,26832,28480,30910,36653,38940,41409,40242,31923,31449,24621,18789,187,27001,39038,39503,42935,49773,49037,49629,54121,43602,39819,31524,23471,226,29627,39019,44584,47898,56590,56393,55754,56590,51239,52604,39981,27135,210,18796,26246,31115,31722,36244,36864,36079,38327,37045,40078,29948,20604,192
2016-07,5620,8350,11533,11945,11000,10558,11992,13652,12801,12786,9921,7509,218,3481,5276,8316,9427,10375,10030,9805,10423,10189,11090,8582,6466,154,8176,11005,14636,16822,19537,19330,19579,20257,18046,18296,14273,10884,309,10471,14660,20840,23008,25441,25620,24745,25395,23777,24240,17361,13085,188,13520,19620,27612,31844,33092,29538,29042,30835,28218,28562,20640,14645,171,12450,17853,26614,27564,28150,28261,28331,29315,27252,29904,23316,17742,235,14271,21518,29296,29577,33053,32393,31567,35808,35477,37615,27674,20112,150,19249,24758,32883,32143,33503,35629,39756,39807,34376,35858,27569,21237,297,11936,17248,22356,21061,23591,24960,26646,28311,26405,28573,22537,18273,235,14067,20514,24722,22715,24394,25296,27400,30878,29177,31929,23478,16823,130,28814,40652,43028,35018,38556,42490,48841,54618,46255,45735,33233,23468,221,20349,27660,32758,32480,37516,40627,42344,42591,38240,40382,30836,24067,356,12041,16628,23838,24200,24253,23952,25600,27155,24529,24997,18647,14892,208,14969,18784,26769,31584,36746,34701,34441,32185,27404,27265,20141,15498,265,26116,35010,35008,30018,33105,35331,41553,47683,41190,38775,27877,19176,146,23463,30987,39953,44559,53948,52834,48819,46581,44261,49092,36732,26305,195,15750,20473,27192,29931,36531,37829,35117,33397,31458,34555,27194,20649,146,8011,11865,16293,18202,19125,17960,18170,20444,20792,21123,15693,11685,142,12640,17342,24151,30497,35202,32476,30447,30262,28655,30714,23382,18151,228,14371,19374,29573,34497,36153,34266,32473,31338,29010,31274,24119,19066,240,15487,21956,40237,56612,53159,43867,39978,37788,35024,37433,30336,24454,264,22483,26814,28474,30964,36503,38929,41213,40542,31910,31524,24756,18803,188,27039,38904,39424,42842,49477,49156,49341,54413,43391,39872,31676,23370,226,29489,38888,44556,47834,56438,56642,55392,56875,51047,52785,40219,27136,212,18701,26121,30954,31703,35975,36973,35821,38403,36744,40162,30061,20573,196
2016-08,5561,8286,11560,11926,10969,10503,11883,13702,12761,12787,9947,7492,218,3441,5276,8324,9478,10420,10061,9798,10424,10138,11119,8654,6450,157,8136,10986,14640,16822,19364,19281,19461,20350,17978,18292,14378,10797,311,10427,14575,20911,23066,25479,25637,24609,25441,23664,24301,17522,13035,190,13503,19544,27658,31904,32881,29547,28877,30966,28121,28585,20771,14547,173,12445,17758,26678,27541,27912,28186,28168,29365,27175,29840,23405,17655,237,14259,21358,29211,29657,32910,32497,31273,35794,35352,37611,27811,20058,153,19201,24659,32886,32096,33172,35426,39483,39944,34229,35839,27718,21063,298,11871,17179,22379,21084,23431,24925,26448,28473,26344,28663,22640,18225,237,13965,20453,24658,22677,24278,25262,27294,30903,29076,31925,23620,16794,129,28656,40460,43025,35029,38435,42403,48470,54708,46185,45688,33467,23446,219,20239,27545,32698,32521,37195,40636,42085,42721,38129,40437,31033,24000,359,11935,16637,23743,24185,24091,23917,25398,27258,24372,25035,18822,14759,212,14907,18718,26797,31552,36509,34629,34200,32344,27279,27215,20201,15377,268,26026,34873,34893,30045,33033,35373,41301,47779,41068,38797,28122,19176,147,23407,30942,39837,44957,53761,53087,48739,46759,44153,49122,36994,26257,196,15603,20427,27137,29960,36138,37775,34885,33458,31334,34531,27314,20613,143,7987,11764,16227,18234,18960,17892,18064,20450,20692,21211,15780,11680,142,12548,17218,24056,30484,35038,32435,30150,30302,28510,30650,23457,18026,226,14342,19384,29613,34498,36004,34247,32360,31457,28970,31282,24275,18999,243,15388,21805,40305,56761,52805,43894,39682,37943,34892,37420,30498,24322,264,22437,26891,28431,30956,36277,38937,41129,40738,31794,31528,24939,18709,190,26995,38940,39454,42742,49140,49129,49134,54506,43345,39831,31914,23173,228,29410,38679,44488,47796,56227,56690,55153,57069,50899,52821,40503,27048,210,18561,25905,30852,31736,35682,36852,35533,38358,36553,40089,30222,20440,197
2016-09,5525,8336,11561,11931,10877,10507,11841,13729,12710,12730,10012,7442,220,3449,5230,8279,9518,10416,10107,9724,10459,10107,11113,8711,6428,156,8123,10932,14516,16867,19245,19299,19341,20399,17962,18218,14472,10766,310,10368,14463,20879,23055,25419,25693,24518,25492,23648,24232,17665,12974,190,13457,19448,27583,31949,32761,29581,28711,31062,28114,28536,20928,14503,171,12365,17714,26582,27618,27722,28230,27992,29399,27160,29781,23569,17623,237,14242,21191,29137,29672,32750,32597,31070,35822,35314,37588,28072,19987,154,19137,24484,32877,32086,32937,35309,39205,40048,34222,35708,27897,20906,298,11807,17084,22278,21184,23247,24967,26223,28555,26309,28673,22759,18206,239,13916,20333,24610,22726,24164,25256,27156,30966,29065,31850,23823,16777,128,28484,40329,42904,35101,38258,42416,48144,54865,46099,45591,33698,23362,219,20160,27435,32700,32560,36917,40638,41840,42932,38063,40337,31270,23921,359,11902,16555,23662,24232,23951,23982,25200,27336,24350,25030,18931,14680,211,14793,18574,26678,31598,36345,34664,33979,32414,27243,27160,20290,15255,271,25881,34771,34794,30077,32895,35442,41011,47901,41031,38699,28302,19151,149,23295,30853,39822,45185,53850,53323,48556,46979,44114,49056,37379,26254,197,15563,20367,26978,29921,35831,37818,34743,33569,31341,34427,27499,20579,145,7937,11680,16195,18223,18836,17908,17977,20442,20634,21216,15846,11660,144,12521,17077,23854,30489,34825,32387,29905,30367,28350,30452,23550,17909,226,14307,19276,29622,34532,35861,34355,32242,31584,29047,31207,24456,18954,246,15319,21718,40168,56901,52486,43883,39467,38061,34845,37342,30659,24307,265,22440,26850,28390,31084,36182,39068,41088,40979,31832,31567,25124,18618,189,26953,38793,39448,42711,48760,49226,48884,54658,43358,39738,32141,23094,229,29367,38440,44451,47865,56054,56889,54912,57219,50878,52807,40791,27043,213,18484,25747,30801,31743,35521,36837,35363,38349,36432,40005,30430,20376,198
2016-10,5510,8248,11537,11982,10807,10486,11770,13747,12652,12750,10089,7430,220,3452,5226,8243,9519,10419,10115,9683,10525,10066,11121,8763,6453,159,8053,10864,14442,16898,19163,19282,19203,20416,17919,18194,14566,10722,315,10305,14309,20802,23046,25278,25637,24406,25473,23583,24178,17823,12855,192,13373,19181,27651,31989,32646,29562,28471,31122,28099,28510,21061,14452,171,12358,17511,26464,27759,27535,28319,27807,29432,27214,29707,23719,17572,239,14165,21021,29060,29715,32623,32642,30922,35835,35240,37645,28232,19976,153,19077,24387,32699,32122,32698,35311,38923,40151,34190,35571,28043,20750,297,11734,16928,22195,21233,23102,24939,26024,28612,26272,28670,22846,18185,239,13831,20243,24526,22819,24017,25315,27003,31015,29070,31804,24076,16750,130,28348,40151,42963,35143,38037,42264,47765,54944,46100,45516,33939,23261,222,20127,27236,32638,32558,36700,40598,41581,43037,37999,40328,31428,23913,360,11912,16417,23656,24311,23816,24019,24987,27467,24360,24992,19046,14626,217,14707,18384,26524,31575,36153,34546,33850,32502,27150,27082,20353,15168,271,25850,34550,34617,30051,32716,35407,40763,47993,40926,38584,28491,19151,149,23202,30694,39730,45377,53836,53584,48474,47144,44103,49094,37642,26260,200,15429,20279,26854,29962,35583,37747,34593,33619,31337,34361,27625,20532,147,7903,11600,16095,18287,18740,17843,17891,20426,20618,21171,15974,11610,144,12476,16982,23676,30448,34630,32361,29682,30345,28256,30361,23672,17796,227,14265,19102,29487,34588,35853,34429,32095,31717,29031,31168,24608,18922,248,15250,21587,39935,57132,52175,43759,39218,38209,34806,37284,30789,24244,269,22473,26821,28382,31099,36051,39224,41041,41280,31883,31534,25381,18590,192,26950,38659,39396,42611,48454,49252,48646,54858,43338,39716,32360,22988,233,29333,38276,44412,48198,56132,57102,54800,57480,50834,52817,41118,27056,216,18356,25525,30631,31670,35324,36729,35123,38273,36364,39768,30572,20364,201
2016-11,5494,8195,11434,11937,10759,10436,11708,13812,12617,12700,10146,7412,220,3436,5178,8215,9558,10352,10156,9620,10555,10023,11102,8793,6435,159,8042,10827,14404,16914,19075,19222,19104,20457,17857,18166,14612,10703,312,10279,14187,20747,23126,25322,25758,24287,25547,23564,24196,17938,12885,197,13316,19042,27578,31993,32459,29523,28399,31164,28011,28584,21151,14412,172,12283,17376,26383,27800,27382,28253,27743,29487,27185,29700,23782,17555,241,14087,20891,28912,29784,32501,32664,30826,35771,35250,37603,28422,19982,154,18972,24268,32532,32098,32518,35192,38722,40215,34162,35495,28092,20668,301,11695,16830,22099,21322,22825,24859,25973,28677,26256,28556,22964,18187,244,13782,20121,24494,22842,23829,25372,26859,31010,28974,31805,24231,16775,128,28227,39953,42813,35157,37776,42114,47543,55005,46010,45414,34164,23263,223,20066,27113,32519,32542,36322,40559,41470,43118,37899,40373,31555,23913,360,11836,16303,23575,24332,23694,24025,24847,27542,24336,25000,19152,14571,216,14663,18322,26416,31555,36040,34448,33700,32533,27054,27020,20346,15113,272,25746,34382,34441,29982,32490,35302,40568,47932,40823,38435,28592,19130,151,23212,30625,39673,45531,53892,53678,48542,47391,44093,49096,37973,26218,201,15410,20146,26820,29879,35304,37631,34567,33684,31306,34329,27807,20506,148,7877,11536,15976,18256,18687,17831,17831,20431,20603,21181,16034,11634,146,12396,16876,23493,30567,34387,32262,29591,30312,28149,30284,23687,17790,228,14191,19009,29330,34589,35726,34449,32043,31752,28943,31154,24723,18880,250,15163,21395,39739,57379,51873,43711,39004,38329,34773,37224,30834,24210,270,22489,26790,28290,31136,35868,39246,41006,41523,31851,31504,25533,18576,194,26865,38476,39212,42545,48105,49072,48535,54987,43256,39578,32488,22925,235,29235,38143,44379,48466,56280,57225,54798,57680,50818,52806,41426,27066,218,18277,25398,30497,31658,35038,36693,35020,38258,36217,39660,30686,20337,204
2016-12,5455,8091,11379,11891,10684,10379,11603,13819,12620,12703,10124,7411,220,3410,5123,8216,9529,10332,10107,9552,10542,10024,11091,8818,6399,160,8026,10789,14317,16972,19032,19127,19073,20424,17811,18185,14595,10675,315,10299,14191,20813,23383,25507,25979,24526,25637,23737,24334,18120,12938,198,13315,18945,27368,32092,32302,29496,28370,31069,27985,28525,21234,14402,174,12232,17204,26261,27808,27277,28095,27737,29403,27205,29629,23845,17506,242,13992,20800,28727,29833,32277,32632,30787,35679,35248,37524,28519,19957,154,18925,24116,32372,32003,32154,35029,38544,40214,34132,35378,28157,20618,305,11647,16704,22058,21374,22650,24750,25885,28653,26328,28506,23045,18172,241,13689,20001,24350,22867,23613,25303,26820,30948,28955,31695,24407,16819,129,28108,39716,42548,35036,37414,41931,47484,54884,46023,45249,34318,23312,227,19962,26995,32347,32574,36008,40266,41410,43079,37954,40233,31659,23873,361,11821,16249,23517,24297,23523,24000,24815,27589,24386,24965,19262,14545,215,14578,18268,26248,31622,35720,34307,33617,32486,27008,26929,20386,15049,279,25667,34214,34199,29917,32220,35167,40472,47805,40796,38275,28653,19119,153,23090,30460,39654,45771,53646,53813,48599,47424,44169,48985,38274,26279,201,15331,20050,26616,29824,35072,37329,34591,33678,31318,34282,27872,20552,150,7874,11543,16122,18384,18822,17995,17884,20495,20882,21267,16199,11672,147,12337,16779,23337,30612,34136,32051,29494,30226,28128,30222,23663,17748,228,14181,18866,29154,34672,35429,34334,32033,31765,28897,31119,24721,18866,251,15120,21254,39635,57510,51521,43595,38922,38271,34718,37183,30809,24225,269,22519,26652,28108,31164,35666,39133,41001,41578,31910,31467,25648,18569,193,26876,38220,38888,42574,47580,48855,48581,55010,43181,39428,32626,22899,237,29157,37966,44255,48619,56183,57186,54982,57624,50870,52838,41539,27064,222,18175,25223,30239,31645,34739,36608,34969,38119,36174,39566,30821,20287,204
2017-01,5411,7989,11325,11843,10630,10348,11483,13839,12599,12706,10155,7435,222,3395,5098,8141,9575,10227,10128,9505,10534,9986,11081,8820,6415,164,7995,10693,14257,17053,18949,19149,18934,20432,17750,18297,14581,10707,322,10282,14222,20925,23566,25680,26265,24577,25867,23751,24490,18317,12966,200,13280,18834,27371,32104,32154,29527,28338,31075,27963,28584,21366,14492,176,12176,17073,26181,27824,27019,28067,27618,29472,27081,29650,23968,17558,243,13983,20587,28543,29985,32083,32744,30660,35655,35078,37583,28704,19994,156,18877,23981,32232,31943,31921,35066,38281,40337,34079,35436,28208,20622,305,11578,16596,21983,21515,22421,24739,25758,28729,26221,28587,23080,18169,244,13644,19878,24262,22808,23504,25233,26724,30913,28919,31662,24631,16825,133,27976,39399,42500,35019,37105,41972,47152,54883,45884,45416,34480,23368,232,19944,26871,32321,32541,35733,40231,41272,43232,37814,40321,31878,23828,361,11846,16159,23457,24317,23377,24075,24743,27657,24462,24982,19437,14536,219,14526,18171,26124,31614,35498,34296,33532,32594,26898,26978,20388,15082,281,25601,34054,33965,29989,31947,35339,40320,47737,40749,38327,28813,19195,155,23059,30375,39520,45998,53480,54022,48571,47615,44037,49129,38520,26338,201,15205,19981,26505,29838,34805,37382,34547,33752,31204,34332,28047,20611,150,7907,11501,16103,18466,18753,18168,17905,20549,20868,21413,16255,11743,148,12251,16654,23307,30666,33904,32076,29358,30200,28025,30231,23721,17797,230,14147,18727,29013,34724,35257,34419,31812,31912,28793,31166,24811,18871,253,15023,21171,39607,57722,51260,43714,38866,38285,34680,37267,30741,24333,270,22491,26539,27978,31235,35454,39187,40959,41671,31855,31439,25775,18569,193,26954,38036,38713,42521,47249,48909,48556,55233,43159,39394,32727,23038,244,29128,37840,44158,48749,56203,57645,54943,57768,50747,52844,41834,27202,226,18172,25118,30212,31740,34621,36842,34975,38210,36117,39654,31084,20445,207
2017-02,5420,7951,11326,11867,10545,10362,11472,13804,12596,12757,10167,7417,226,3345,5112,8180,9552,10109,10077,9476,10504,10004,11097,8842,6360,167,7966,10692,14269,17031,18883,19193,18791,20439,17699,18328,14639,10665,325,10292,14334,21120,23721,25709,26543,24592,26009,23785,24708,18403,13005,205,13268,18800,27407,32071,32012,29640,28270,30990,27982,28618,21468,14473,178,12117,17275,26295,27670,26815,28097,27491,29359,27120,29708,23961,17520,246,13872,20456,28420,30010,31941,32795,30528,35528,35027,37754,28820,19853,156,18798,24156,32472,31887,31742,35034,38162,40386,34104,35514,28324,20576,304,11472,16569,21994,21457,22177,24773,25601,28702,26141,28677,23097,18068,246,13542,19714,24247,22709,23291,25301,26555,30858,28857,31744,24738,16772,136,27826,39254,42402,34885,36735,41995,46882,54683,45795,45565,34589,23362,232,19864,26753,32265,32422,35468,40235,41150,43236,37864,40360,31985,23637,360,11793,16221,23639,24294,23240,24177,24702,27634,24567,25109,19474,14436,221,14472,18185,26205,31649,35214,34343,33373,32584,26882,27010,20424,15027,284,25547,33789,33700,29920,31667,35530,40241,47546,40632,38455,28863,19221,160,22987,30289,39445,46141,53307,54289,48484,47710,43991,49252,38706,26318,199,15109,19882,26465,29769,34518,37326,34457,33694,31228,34417,28101,20563,152,7871,11425,16089,18444,18738,18225,17885,20448,20975,21518,16306,11704,145,12126,16547,23258,30691,33743,31932,29204,30108,27980,30208,23714,17693,237,14129,18828,29175,34695,35017,34399,31740,31814,28846,31221,24837,18825,253,14925,21283,39960,57941,51086,43734,38617,38201,34716,37421,30721,24215,273,22534,26439,27879,31158,35171,39205,41025,41741,31968,31423,25817,18541,191,27063,37569,38386,42308,46950,49189,48648,55166,43074,39413,32746,23028,248,29214,37704,43938,48755,56327,58177,55059,57793,50747,52945,41875,27230,222,18301,25099,30195,31863,34752,37404,35250,38309,36278,39858,31247,20526,206
2017-03,5401,8112,11582,11973,10629,10493,11446,13833,12713,12790,10212,7472,214,3322,5058,8181,9592,10068,10032,9374,10434,9991,11025,8847,6417,160,7959,10650,14282,17132,18744,19194,18659,20429,17703,18259,14643,10683,311,10283,14343,21219,23966,25662,26663,24520,26059,23847,24739,18486,13046,202,13210,18671,27556,32186,31850,29642,28124,30883,27973,28555,21492,14583,177,12090,17179,26432,27715,26514,28147,27241,29367,27186,29571,24025,17591,241,13832,20239,28420,30139,31610,32765,30382,35374,35164,37635,28857,19927,158,18789,24089,32566,32027,31502,34995,37924,40383,34180,35416,28344,20708,296,11521,16503,22084,21518,22070,24737,25514,28711,26264,28560,23152,18142,218,13501,19538,24115,22802,23109,25253,26331,30713,28873,31647,24823,16884,133,27696,39402,42630,34945,36536,41900,46556,54528,45884,45494,34716,23491,222,19810,26548,32368,32549,35150,40161,40825,43065,38022,40163,32086,23708,356,11751,16187,23729,24450,23124,24151,24550,27570,24682,25068,19503,14408,212,14440,18084,26255,31797,34968,34301,33126,32622,26964,26863,20469,15014,279,25526,33551,33625,30025,31397,35529,39918,47366,40742,38322,28945,19370,153,22911,30177,39545,46573,53151,54435,48374,47734,44053,49114,38839,26575,189,15097,19783,26523,29810,34182,37329,34254,33703,31271,34275,28236,20656,145,7821,11361,16164,18508,18663,18298,17754,20420,20971,21456,16369,11772,144,12062,16397,23321,30763,33511,31820,29008,30006,28079,29981,23777,17637,231,14094,18800,29318,34845,34679,34389,31592,31780,28925,31186,24810,18900,246,14857,21225,40205,58436,50731,43702,38415,38216,34751,37259,30645,24320,273,22461,26285,27816,31168,34945,39106,40748,41692,32068,31272,25722,18640,190,26934,37189,38367,42487,46512,49254,48339,55047,43157,39186,32748,23229,229,29120,37464,43902,49095,56122,58198,54869,57737,50819,52657,42038,27445,215,18254,24999,30203,32158,34697,37692,35143,38226,36349,39829,31427,20694,201
2017-04,5401,8063,11562,12044,10599,10582,11463,13853,12782,12787,10278,7458,215,3333,4994,8161,9630,10011,10054,9314,10400,10022,10953,8838,6392,162,7942,10560,14214,17179,18670,19156,18542,20422,17676,18260,14646,10670,313,10252,14295,21207,24072,25635,26766,24457,26065,23894,24689,18549,13055,203,13161,18569,27557,32337,31779,29696,28001,30899,28045,28539,21549,14638,179,12025,17055,26388,27819,26435,28111,27106,29449,27226,29440,24110,17618,239,13802,20086,28343,30198,31419,32829,30352,35260,35201,37615,28855,20043,160,18817,23934,32429,32125,31292,34998,37779,40383,34245,35388,28346,20715,298,11453,16415,22125,21628,21950,24797,25388,28728,26307,28544,23177,18166,217,13455,19413,24023,22870,22916,25226,26179,30703,28896,31552,24855,16988,134,27605,39106,42633,35076,36314,42014,46274,54550,45950,45404,34806,23647,222,19737,26412,32385,32610,35003,40204,40658,43163,38051,40095,32182,23735,355,11727,16087,23641,24545,23045,24255,24453,27537,24737,25073,19528,14412,211,14444,18003,26294,31892,34809,34302,33017,32685,26983,26856,20406,15048,272,25469,33337,33640,30092,31201,35598,39770,47335,40749,38266,28983,19461,153,22836,29996,39617,46696,53085,54778,48347,47729,44139,48985,39029,26658,189,15062,19717,26453,29849,34006,37360,34162,33673,31314,34220,28235,20688,144,7814,11285,16142,18612,18690,18299,17714,20348,20998,21468,16372,11839,142,12080,16349,23272,30813,33389,31920,28939,30001,28145,29868,23744,17702,233,14113,18705,29287,34851,34473,34371,31463,31875,28919,31124,24830,18949,245,14826,21088,40221,58680,50491,43727,38267,38224,34671,37215,30620,24355,268,22450,26096,27845,31105,34800,39136,40547,41781,32073,31221,25771,18653,184,26879,36989,38335,42652,46260,49240,48200,54960,43265,39025,32741,23265,228,29062,37223,43864,49191,56036,58333,54652,57720,50803,52549,42055,27586,217,18244,24843,30167,32190,34597,37903,35075,38168,36446,39730,31548,20842,201
2017-05,5413,8010,11552,12148,10580,10676,11396,13925,12792,12856,10241,7521,216,3350,4943,8142,9654,9960,10077,9267,10456,9983,10946,8776,6478,161,7899,10529,14200,17228,18600,19197,18370,20469,17653,18244,14633,10742,316,10267,14139,21240,24228,25643,26819,24351,26108,23890,24693,18504,13167,202,13144,18464,27495,32443,31633,29770,27807,30957,27996,28519,21482,14811,178,12002,16908,26324,27900,26220,28107,26998,29438,27207,29354,23977,17832,243,13789,19926,28379,30258,31352,32818,30196,35270,35151,37699,28718,20281,155,18771,23837,32414,32082,31158,35007,37539,40424,34231,35353,28147,20907,298,11420,16319,22141,21725,21827,24755,25197,28736,26314,28552,23062,18332,218,13428,19290,24037,22918,22837,25273,25962,30756,28834,31523,24791,17167,136,27428,38903,42610,35115,36057,42031,46000,54552,45870,45364,34609,23987,223,19693,26241,32350,32654,34787,40146,40439,43269,38034,40052,31990,24035,355,11653,15976,23615,24617,22894,24286,24368,27551,24734,25072,19458,14503,215,14460,17909,26267,31987,34622,34425,32809,32723,26958,26832,20328,15216,269,25318,33138,33598,30062,31044,35575,39457,47372,40651,38265,28839,19748,156,22795,29874,39646,47061,53113,55165,48266,47958,43998,49024,38899,27014,189,15095,19554,26363,29827,33818,37307,33988,33697,31223,34231,28071,20914,145,7809,11195,16126,18669,18696,18366,17616,20389,20868,21514,16320,11957,143,12112,16328,23333,30957,33402,32145,28899,30166,28157,29874,23653,17913,233,14065,18588,29205,34959,34265,34388,31287,31899,28849,31137,24695,19053,243,14785,20932,40214,58795,50283,43906,38034,38311,34562,37230,30456,24549,268,22469,25903,27787,31155,34622,39092,40372,41782,32023,31128,25635,18757,185,26808,36847,38287,42628,45966,49328,47885,55067,43237,38945,32561,23482,229,29004,37058,43878,49454,55958,58560,54378,57898,50636,52579,41895,27967,218,18192,24748,30116,32234,34430,38071,34927,38306,36330,39806,31423,21139,203
2017-06,5414,7902,11560,12180,10588,10729,11370,13949,12820,12883,10228,7541,214,3363,4917,8168,9686,9892,10089,9214,10465,9946,10944,8764,6493,161,7908,10442,14185,17274,18633,19265,18272,20512,17619,18244,14621,10801,306,10316,14046,21229,24349,25536,26917,24290,26134,23906,24736,18531,13202,204,13111,18372,27528,32591,31507,29884,27717,30968,27954,28567,21526,14824,175,11967,16796,26243,28008,26027,28150,26919,29455,27131,29338,23963,17813,242,13792,19795,28354,30313,31349,32977,30171,35373,35066,37749,28790,20406,155,18752,23731,32316,32126,30958,35033,37301,40450,34149,35315,28122,20968,301,11418,16211,22113,21855,21698,24800,25158,28763,26283,28550,23102,18330,214,13396,19132,24051,22927,22730,25424,25844,30763,28776,31547,24824,17257,136,27357,38641,42454,35107,35663,41896,45741,54496,45769,45313,34628,24029,224,19616,26073,32224,32713,34520,40156,40228,43362,37935,40054,31957,24071,355,11643,15906,23687,24651,22813,24273,24355,27592,24750,25145,19462,14572,214,14490,17788,26191,32032,34509,34403,32709,32799,26957,26741,20328,15249,270,25288,32983,33566,30056,30862,35592,39349,47387,40494,38327,28843,19826,154,22825,29702,39578,47520,53000,55431,48372,48059,43956,49084,38914,27135,188,15080,19490,26247,29918,33538,37334,33856,33788,31108,34235,28084,20944,145,7787,11129,16072,18736,18642,18411,17547,20403,20796,21558,16341,12009,142,12101,16234,23311,31050,33281,32262,28857,30200,28078,29933,23703,17975,233,13998,18535,29141,35075,34083,34435,31198,31994,28724,31163,24663,19089,239,14722,20842,40100,59147,50102,43943,37783,38344,34463,37202,30439,24576,270,22456,25764,27635,31185,34393,39125,40182,41873,31908,31029,25612,18715,183,26796,36801,38201,42648,45610,49344,47749,55084,43231,38878,32537,23561,228,28973,36880,43922,49626,55848,58774,54298,58043,50566,52577,41921,28133,219,18222,24602,29933,32279,34226,38212,34862,38348,36098,39729,31438,21221,201
2017-07,5442,7833,11587,12183,10631,10818,11348,13998,12861,12947,10241,7582,217,3325,4864,8150,9707,9862,10117,9173,10468,9933,10941,8801,6508,162,7908,10350,14184,17335,18550,19359,18161,20539,17589,18263,14621,10817,305,10285,13965,21246,24443,25435,26969,24270,26172,23923,24797,18578,13216,205,13141,18215,27501,32802,31449,29951,27631,31013,27961,28564,21559,14905,178,11935,16660,26163,28061,25935,28134,26749,29493,27122,29364,23961,17857,242,13819,19657,28319,30410,31270,33086,30092,35394,35006,37825,28877,20523,159,18750,23640,32188,32233,30766,35030,37063,40651,34039,35241,28166,21026,302,11384,16083,22053,21925,21564,24764,25045,28801,26205,28563,23083,18340,211,13353,19004,24041,23034,22597,25395,25740,30777,28750,31588,24868,17337,137,27267,38291,42445,35061,35381,41781,45442,54458,45644,45233,34675,24140,228,19578,25998,32156,32766,34241,40057,40076,43414,37872,40082,31951,24106,360,11594,15839,23548,24847,22771,24269,24280,27649,24681,25144,19445,14629,215,14500,17669,26180,32037,34391,34419,32632,32880,26901,26729,20376,15214,275,25251,32826,33570,30070,30700,35608,39181,47456,40409,38409,28861,19897,154,22823,29486,39610,47722,52981,55564,48359,48184,43892,49097,38946,27298,191,15069,19428,26175,29878,33307,37269,33837,33811,31067,34255,28088,20974,145,7744,11086,16040,18762,18600,18447,17444,20384,20707,21608,16331,12037,141,12049,16147,23294,31120,33162,32315,28803,30239,28010,29941,23697,18029,237,13950,18388,29167,35142,33979,34439,31140,32016,28678,31124,24721,19120,239,14697,20753,39935,59311,49914,43947,37683,38369,34402,37214,30393,24654,270,22450,25698,27560,31203,34137,39131,40001,41909,31983,30962,25622,18790,186,26840,36750,38163,42586,45388,49259,47596,55186,43275,38812,32515,23611,226,29015,36784,43874,49826,55739,58875,54140,58189,50476,52682,41932,28311,218,18173,24419,29757,32171,33931,38156,34699,38341,35805,39676,31247,21313,202
2017-08,5427,7789,11635,12182,10699,10802,11332,14013,12916,12912,10359,7577,219,3313,4899,8159,9831,9964,10222,9216,10530,10000,10930,8937,6522,161,7840,10324,14103,17517,18549,19459,18040,20536,17563,18184,14779,10795,303,10294,13955,21312,24573,25431,27093,24190,26169,23911,24741,18770,13279,208,13151,18138,27517,32921,31382,30050,27563,31044,27888,28552,21788,14968,177,11922,16566,26190,28219,25819,28083,26557,29522,27009,29225,24154,17840,244,13785,19532,28214,30511,31120,33161,29998,35328,34863,37784,29183,20597,161,18749,23578,32168,32229,30568,35000,36840,40702,33939,35029,28418,21045,303,11355,16035,21998,22060,21441,24708,24856,28841,26123,28444,23286,18382,214,13397,18856,24024,23143,22471,25380,25642,30747,28711,31513,25079,17412,138,27241,38004,42297,35012,35048,41609,45174,54403,45407,44994,34934,24206,229,19585,25850,32054,32941,34037,40022,39924,43440,37809,39942,32274,24089,363,11586,15776,23575,24907,22619,24282,24107,27741,24632,25030,19657,14620,215,14477,17608,26215,32145,34218,34412,32390,32885,26842,26564,20542,15220,275,25288,32704,33452,30101,30481,35592,38996,47446,40293,38308,29095,19941,153,22846,29363,39608,48012,52872,55720,48181,48335,43702,48892,39287,27429,189,15108,19279,26052,29829,33022,37221,33641,33838,30932,34027,28360,20969,146,7707,10997,16049,18813,18556,18434,17349,20347,20607,21592,16434,12069,141,11995,16100,23267,31136,33134,32326,28576,30174,27889,29764,23926,18105,237,13935,18300,29281,35219,33890,34303,30979,32038,28561,30987,24982,19122,236,14648,20667,39946,59539,49717,43970,37408,38423,34289,37058,30641,24645,274,22495,25725,27545,31263,33967,39077,39883,41926,31973,30829,25770,18844,188,26920,36860,38037,42485,45090,49090,47423,55190,43221,38527,32698,23634,232,29093,36690,43821,49971,55603,58965,53911,58334,50469,52442,42326,28498,220,18139,24200,29510,32063,33666,38037,34519,38188,35463,39303,31403,21325,201
2017-09,5422,7802,11658,12258,10671,10812,11278,14002,12922,12884,10401,7608,220,3325,4897,8138,9873,10066,10314,9256,10580,10024,10951,8968,6556,161,7859,10288,14117,17616,18563,19479,17941,20582,17542,18163,14864,10813,305,10274,13844,21345,24612,25387,27153,24119,26200,23908,24748,18897,13292,209,13172,17989,27447,32981,31342,30055,27478,31058,27847,28579,21821,15052,176,11942,16475,26112,28226,25682,28100,26451,29577,26890,29216,24230,17866,244,13776,19373,28064,30614,31004,33116,29876,35338,34686,37859,29296,20649,159,18759,23453,32050,32236,30419,34908,36582,40794,33902,34889,28519,21042,301,11336,15903,21974,22039,21317,24698,24727,28798,26103,28459,23336,18398,217,13379,18708,23964,23189,22367,25325,25513,30703,28647,31526,25179,17460,138,27210,37809,42221,35084,34744,41406,44987,54258,45219,44941,35038,24205,228,19586,25726,32007,33072,33937,40074,39727,43555,37777,39955,32413,24156,366,11589,15657,23453,24960,22569,24254,23971,27746,24554,25028,19722,14637,219,14480,17496,26136,32251,34029,34427,32240,32970,26745,26535,20616,15195,276,25327,32536,33382,30016,30284,35536,38797,47431,40223,38286,29186,20015,152,22923,29204,39406,48264,52847,55726,48129,48384,43596,48812,39550,27461,189,15111,19131,25972,29829,32720,37212,33452,33814,30851,33996,28459,20980,148,7703,10876,15954,18864,18428,18435,17247,20339,20508,21656,16520,12077,139,11989,15976,23189,31204,33089,32515,28531,30220,27807,29715,23990,18107,234,14005,18165,29168,35189,33766,34287,30900,32001,28528,30916,25164,19065,242,14640,20477,39916,59681,49507,43872,37283,38459,34197,37019,30756,24582,276,22545,25666,27505,31253,33758,38989,39796,42007,31991,30704,25958,18844,186,26976,36627,37869,42451,44698,48895,47325,55179,43095,38380,32757,23659,230,29213,36572,43647,50025,55343,59056,53664,58384,50434,52348,42537,28694,221,18162,23915,29240,31841,33331,37892,34314,38098,35094,39017,31280,21322,205
2017-10,5428,7751,11632,12272,10706,10786,11214,14028,12843,12970,10436,7643,223,3341,4827,8080,9955,10067,10359,9213,10607,9982,10974,9068,6548,164,7879,10213,14108,17749,18608,19497,17928,20581,17530,18205,14925,10781,306,10284,13723,21201,24767,25345,27254,24027,26167,23731,24828,19034,13321,211,13214,17880,27292,33055,31350,29997,27426,31153,27774,28613,21933,15059,178,12004,16294,26042,28264,25626,28003,26364,29594,26789,29289,24329,17850,244,13789,19233,27915,30739,30860,33111,29754,35307,34485,37963,29429,20737,160,18770,23315,31881,32258,30240,34826,36402,40781,33741,34913,28632,20994,303,11341,15754,21913,22168,21223,24611,24678,28803,26014,28571,23440,18394,217,13373,18577,23910,23262,22251,25242,25468,30729,28484,31582,25348,17535,140,27229,37559,42009,35135,34535,41229,44698,54293,45076,44930,35149,24217,231,19596,25586,31894,33227,33835,39988,39585,43655,37594,40083,32555,24163,368,11606,15555,23381,24979,22475,24231,23838,27832,24462,25086,19808,14607,222,14486,17360,25918,32289,33837,34406,32073,33001,26636,26610,20674,15186,276,25348,32351,33320,30042,30116,35500,38667,47446,40047,38410,29338,20091,153,22928,29013,39384,48440,52631,55784,48104,48424,43297,48969,39712,27578,192,15169,19004,25895,29848,32499,37071,33409,33829,30728,33981,28575,21014,149,7669,10808,15879,18925,18380,18422,17165,20331,20409,21746,16601,12081,139,12040,15838,23123,31223,33173,32603,28505,30290,27672,29812,24100,18103,233,14017,17997,28934,35263,33616,34244,30821,31994,28368,30941,25289,19031,244,14615,20268,39702,59948,49295,43845,37153,38459,34045,37090,30844,24618,275,22575,25670,27387,31296,33495,38833,39724,42082,31995,30727,26031,18891,185,27083,36371,37710,42286,44378,48713,47252,55158,42984,38348,32711,23692,229,29279,36405,43613,50152,55248,59336,53682,58427,50334,52518,42833,28854,224,18135,23683,28949,31689,33096,37683,34155,38006,34666,38890,31220,21313,204
2017-11,5432,7648,11612,12279,10704,10786,11143,13986,12834,12989,10475,7599,224,3374,4770,8025,10021,10062,10388,9187,10638,9959,11011,9116,6567,165,7868,10159,14040,17878,18561,19512,17843,20602,17510,18267,14998,10782,310,10312,13658,21061,24834,25277,27300,23990,26191,23686,24926,19123,13319,212,13230,17774,27290,33225,31253,30046,27408,31105,27783,28709,21998,15069,177,11937,16166,25885,28351,25452,27945,26349,29508,26679,29320,24372,17897,247,13720,19100,27750,30671,30796,33021,29583,35248,34385,37978,29638,20742,162,18780,23137,31791,32262,30038,34724,36250,40840,33696,34906,28639,21019,309,11306,15654,21837,22226,21144,24553,24576,28803,25924,28562,23615,18351,215,13350,18470,23797,23303,22147,25142,25367,30780,28382,31630,25516,17582,142,27164,37305,41757,35139,34268,41081,44447,54202,44976,44866,35264,24255,238,19581,25456,31822,33346,33726,39907,39514,43639,37525,40116,32696,24158,367,11579,15435,23284,24974,22336,24140,23793,27740,24365,25124,19873,14630,225,14535,17214,25859,32309,33698,34314,31998,33022,26639,26605,20748,15126,276,25341,32248,33166,30103,29903,35371,38608,47402,39931,38522,29434,20143,151,22966,28914,39134,48667,52476,55886,48051,48512,43161,49072,39884,27638,191,15159,18864,25761,29875,32216,36958,33348,33852,30611,34002,28663,20991,149,7670,10740,15808,18963,18369,18354,17181,20362,20269,21782,16686,12109,139,12047,15742,23068,31291,33107,32655,28480,30297,27585,29877,24158,18086,233,14014,17883,28751,35194,33452,34143,30824,31911,28330,30917,25336,19027,246,14617,20003,39507,60115,49202,43805,37031,38451,33908,37095,30910,24591,274,22630,25547,27289,31235,33309,38689,39645,42164,31926,30719,26105,18838,181,27075,36167,37498,42165,43915,48487,47111,55083,42879,38207,32764,23659,230,29361,36219,43465,50330,55153,59388,53712,58493,50329,52650,43159,29029,221,18041,23495,28558,31506,32798,37444,34010,37733,34357,38712,31163,21243,205
2017-12,5413,7565,11524,12383,10662,10771,11112,13960,12815,13042,10490,7568,226,3379,4750,7986,10116,9984,10411,9206,10595,9997,11025,9185,6560,166,7864,10144,13997,17996,18542,19474,17812,20629,17575,18271,15059,10775,312,10295,13559,21011,24929,25124,27272,24025,26158,23660,24954,19232,13325,215,13257,17618,27180,33369,31210,29988,27455,31017,27806,28708,22093,15085,177,11943,15971,25790,28376,25312,27815,26333,29457,26692,29261,24456,17901,246,13642,18912,27572,30747,30558,32890,29533,35119,34377,37937,29732,20717,165,18755,23000,31660,32221,29844,34603,36152,40804,33714,34876,28706,20991,312,11275,15539,21708,22304,20985,24386,24529,28731,25897,28544,23691,18378,217,13328,18325,23675,23336,21883,25015,25323,30662,28383,31586,25660,17594,141,27088,36904,41546,35192,33973,40705,44297,54090,44919,44842,35434,24308,238,19609,25309,31695,33512,33534,39679,39508,43700,37538,40092,32782,24149,369,11536,15338,23148,25004,22219,24027,23716,27661,24359,25108,19983,14579,226,14523,17136,25724,32391,33533,34164,31985,33009,26630,26577,20830,15096,276,25335,32003,33050,30141,29715,35202,38516,47296,39859,38552,29563,20192,150,22956,28769,38896,48899,52321,55872,48069,48536,43178,49016,40109,27702,195,15171,18741,25645,29929,31913,36666,33241,33886,30594,33993,28681,20969,150,7629,10636,15729,19064,18282,18300,17125,20233,20260,21846,16758,12098,140,12030,15603,22917,31429,33022,32490,28471,30238,27591,29864,24220,18043,234,13969,17778,28599,35176,33137,33987,30759,31918,28287,30874,25421,18980,244,14577,19788,39452,60338,48985,43569,36991,38347,33896,37045,31047,24557,273,22640,25357,27132,31335,33023,38507,39572,42245,31984,30639,26146,18853,181,27174,35779,37259,42133,43516,48129,47126,54967,42895,38088,32735,23691,234,29390,36089,43494,50553,54883,59420,53827,58525,50466,52630,43412,29088,226,18026,23239,28285,31568,32456,37231,33951,37572,34293,38508,31146,21282,206
