area,날짜,rentcnt,인구,아파트가격,평균풍속,최대풍속,순간최고풍속,기온평균,강수일강수,습도평균,미세먼지,초미세먼지,오존,이산화질소,일산화탄소,아황산가스
은평구,2016-09-06,4,408773,95.6,1.6,5.3,7.1,25.6,0,71.6,62,39,0.022,0.031,0.4,0.005
은평구,2016-09-25,0,408773,95.6,1.4,4.6,5.9,23.4,0,63.6,45,32,0.03,0.029,0.4,0.004
은평구,2016-09-28,59,408773,95.6,1.3,3.4,4.3,20.8,0.5,86.7,34,21,0.013,0.023,0.4,0.005
은평구,2016-09-29,158,408773,95.6,2.8,5.6,8.7,20.8,0,66.6,18,8,0.014,0.017,0.3,0.004
은평구,2016-09-30,144,408773,95.6,1.4,3.4,4.1,21.2,0,68.3,30,14,0.013,0.029,0.4,0.004
은평구,2016-10-01,288,408143,96,1.5,3.5,5.2,21.5,0,73.2,46,27,0.012,0.036,0.5,0.005
은평구,2016-10-02,48,408143,96,1.9,5.1,6.8,19.5,13,85.8,27,18,0.016,0.021,0.4,0.005
은평구,2016-10-03,344,408143,96,1.5,7.8,11,23.9,6.5,75.4,18,8,0.017,0.019,0.4,0.004
은평구,2016-10-04,255,408143,96,2.5,6.3,7.9,22.3,0,65,29,13,0.023,0.019,0.3,0.004
은평구,2016-10-05,238,408143,96,2.4,5.6,8.4,21.9,0,64.9,32,14,0.026,0.021,0.4,0.004
은평구,2016-10-06,292,408143,96,1.6,4.2,5.1,19.3,0,62.4,39,18,0.023,0.021,0.4,0.005
은평구,2016-10-07,148,408143,96,2.2,5.4,8.3,20.2,1,70.1,25,11,0.021,0.023,0.3,0.005
은평구,2016-10-08,285,408143,96,2.5,7.3,11.8,17.9,6,69.7,22,12,0.026,0.019,0.4,0.005
은평구,2016-10-09,301,408143,96,2.1,4.8,6.7,12.4,0,48.4,18,11,0.026,0.014,0.3,0.004
은평구,2016-10-10,218,408143,96,1.7,4.2,5.6,14.4,0,45.7,29,13,0.017,0.029,0.4,0.005
은평구,2016-10-11,245,408143,96,1.8,5.1,7.2,15.7,0,62.9,41,21,0.016,0.038,0.6,0.005
은평구,2016-10-12,302,408143,96,1.5,6.7,7.9,16.6,0,61.5,55,31,0.018,0.027,0.6,0.005
은평구,2016-10-13,340,408143,96,1.6,4.9,5.9,15.8,0,47.1,40,18,0.016,0.032,0.5,0.005
은평구,2016-10-14,373,408143,96,1.3,3.4,4.4,17,0,63.9,73,40,0.012,0.044,0.7,0.005
은평구,2016-10-15,492,408143,96,1.5,3.4,5.4,19.1,0,65.8,85,49,0.015,0.043,0.7,0.004
은평구,2016-10-16,246,408143,96,1.4,3.2,4,17.9,1,76,56,35,0.017,0.03,0.6,0.004
은평구,2016-10-17,396,408143,96,1.4,4.1,6.4,18.1,0,78.3,54,32,0.019,0.027,0.6,0.004
은평구,2016-10-18,436,408143,96,1.3,3.4,4.8,17.5,0,75.3,57,28,0.012,0.033,0.6,0.004
은평구,2016-10-19,411,408143,96,1.6,4.4,6,18.7,0,70.2,66,35,0.02,0.042,0.6,0.005
은평구,2016-10-20,429,408143,96,1.8,5.4,8.5,18.8,0,67.1,63,32,0.024,0.032,0.6,0.004
은평구,2016-10-21,470,408143,96,2.3,5.2,7,18.4,0,62.7,26,11,0.025,0.018,0.4,0.004
은평구,2016-10-22,555,408143,96,1.8,3.8,4.8,18.8,0,63.1,31,15,0.025,0.02,0.4,0.004
은평구,2016-10-23,216,408143,96,3.2,8.3,12.1,14.5,2,68.1,10,6,0.027,0.011,0.3,0.004
은평구,2016-10-24,423,408143,96,2,4.3,6.3,15,0,59.9,17,7,0.016,0.025,0.3,0.004
은평구,2016-10-25,247,408143,96,1.7,4.7,6.3,14.7,39,85.2,16,10,0.013,0.022,0.4,0.004
은평구,2016-10-26,375,408143,96,1.2,3,3.7,13.9,0,86,43,23,0.008,0.026,0.7,0.004
은평구,2016-10-27,426,408143,96,1.6,4.3,5.2,15.1,0,72,41,23,0.01,0.026,0.6,0.004
은평구,2016-10-28,375,408143,96,1.7,4.4,6.7,16,0,65.8,39,19,0.015,0.025,0.4,0.004
은평구,2016-10-29,282,408143,96,1.9,5.9,7.8,10,0,44.2,38,18,0.019,0.019,0.3,0.005
은평구,2016-10-30,307,408143,96,1.3,3.4,4.4,8.6,0,34.4,26,13,0.013,0.024,0.4,0.005
은평구,2016-10-31,187,408143,96,1.8,5.6,7.5,7.3,0,59.1,32,13,0.007,0.029,0.5,0.005
은평구,2016-11-01,212,407449,96.5,1.9,5,7.5,3.3,0,43,25,12,0.017,0.019,0.4,0.005
은평구,2016-11-02,209,407449,96.5,1.5,5.7,6.9,4.9,0,52.9,33,15,0.008,0.031,0.5,0.005
은평구,2016-11-03,285,407449,96.5,1.5,5.9,7.6,9.5,0.5,68.2,42,23,0.01,0.034,0.7,0.006
은평구,2016-11-04,313,407449,96.5,1.3,5,7,13.1,0,68.1,64,18,0.021,0.034,0.6,0.006
은평구,2016-11-05,322,407449,96.5,1.1,6,7.9,15.8,0,77.8,81,62,0.03,0.03,0.7,0.005
은평구,2016-11-06,413,407449,96.5,3,6.4,8.2,14.7,0,63.7,30,18,0.023,0.015,0.4,0.004
은평구,2016-11-07,204,407449,96.5,2.1,5.5,7.4,14,4.5,70.2,37,26,0.016,0.024,0.5,0.005
은평구,2016-11-08,217,407449,96.5,2.3,5.3,7.1,6.2,0,61.4,69,55,0.019,0.019,0.5,0.004
은평구,2016-11-09,238,407449,96.5,2,5.6,6.8,3.6,0,43,40,27,0.014,0.022,0.5,0.005
은평구,2016-11-10,217,407449,96.5,1.6,4.4,5.2,6.5,1,59.9,36,23,0.005,0.034,0.5,0.004
은평구,2016-11-11,267,407449,96.5,2,7.3,10.4,10.3,8,66.9,44,18,0.015,0.03,0.5,0.005
은평구,2016-11-12,346,407449,96.5,1.3,5.5,7.2,12,0,64.9,80,32,0.021,0.029,0.6,0.005
은평구,2016-11-13,379,407449,96.5,1.3,3.5,4.8,15.1,0,76.4,60,28,0.022,0.023,0.6,0.005
은평구,2016-11-14,183,407449,96.5,1,2.7,4.2,14.4,2,83.7,51,28,0.015,0.028,0.6,0.005
은평구,2016-11-15,256,407449,96.5,1.9,4.8,6.2,8,0,45.3,63,25,0.017,0.021,0.4,0.005
은평구,2016-11-16,277,407449,96.5,1.2,2.9,3.4,6.4,0,48.1,50,24,0.006,0.032,0.5,0.005
은평구,2016-11-17,269,407449,96.5,1.2,3.3,4,9.7,0,57.4,68,34,0.006,0.036,0.7,0.005
은평구,2016-11-18,276,407449,96.5,1.5,3.5,4.4,10.7,0,63.7,83,39,0.011,0.039,0.9,0.006
은평구,2016-11-19,310,407449,96.5,2,5.7,7.4,13.7,0,70.7,44,25,0.015,0.032,0.7,0.005
은평구,2016-11-20,374,407449,96.5,2,5.8,7.6,11.9,0,52.3,45,26,0.018,0.021,0.6,0.005
은평구,2016-11-21,295,407449,96.5,1.7,4.2,6.3,10.7,0,46.1,60,27,0.008,0.035,0.7,0.005
은평구,2016-11-22,214,407449,96.5,2.5,6.6,8.5,4.8,0,44.9,45,20,0.017,0.019,0.5,0.005
은평구,2016-11-23,180,407449,96.5,2.1,4.7,6,0.3,0,37.2,41,17,0.013,0.018,0.4,0.006
은평구,2016-11-24,168,407449,96.5,1.9,6.5,7.9,-0.6,0,38.4,31,11,0.012,0.023,0.4,0.006
은평구,2016-11-25,205,407449,96.5,1.4,4.1,5.8,1.8,0,45.3,35,17,0.006,0.034,0.6,0.006
은평구,2016-11-26,97,407449,96.5,1.6,3.4,4.3,1.6,1,70.5,46,29,0.006,0.033,0.6,0.005
은평구,2016-11-27,147,407449,96.5,1.2,2.9,3.4,4.2,0,83.3,71,40,0.003,0.034,0.7,0.005
은평구,2016-11-28,177,407449,96.5,1.7,5.6,8.4,3.3,0,58.8,83,39,0.009,0.028,0.7,0.005
은평구,2016-11-29,203,407449,96.5,1.2,3.2,4.1,3,0,45.9,39,20,0.006,0.032,0.6,0.006
은평구,2016-11-30,182,407449,96.5,1.2,3.8,5.3,6.6,0.5,60.8,42,23,0.003,0.037,0.6,0.007
은평구,2016-12-01,192,406360,96.8,2.3,7,10.7,6.2,0,51.2,55,31,0.016,0.025,0.6,0.006
은평구,2016-12-02,215,406360,96.8,1.5,4.6,6.9,3,0,48.3,38,15,0.011,0.028,0.5,0.006
은평구,2016-12-03,226,406360,96.8,1.3,3.8,4.8,5.2,0,61,50,27,0.007,0.039,0.7,0.006
은평구,2016-12-04,214,406360,96.8,1.1,3,3.4,6.2,0,66.2,67,39,0.005,0.048,0.9,0.007
은평구,2016-12-05,200,406360,96.8,2.3,6.4,9.9,7.3,2,71.2,76,45,0.013,0.035,0.7,0.007
은평구,2016-12-06,155,406360,96.8,2,5.2,7.6,0.6,0,40.5,28,13,0.011,0.023,0.4,0.006
은평구,2016-12-07,166,406360,96.8,1.5,3.9,5.1,2.9,0,58.7,52,21,0.004,0.04,0.6,0.007
은평구,2016-12-08,129,406360,96.8,1.5,3.7,5.3,2.8,3,75.2,53,29,0.002,0.04,0.7,0.006
은평구,2016-12-09,157,406360,96.8,2.3,6.8,8,3.3,4,67.8,24,17,,0.025,0.4,0.005
은평구,2016-12-10,158,406360,96.8,1.7,4.8,5.6,-0.1,0,52.4,34,21,,0.025,0.5,0.005
은평구,2016-12-11,126,406360,96.8,1.4,3.8,5,0.2,0,46.1,34,21,,0.032,0.6,0.005
은평구,2016-12-12,151,406360,96.8,1.8,3.7,4.4,2.7,0,45.4,44,28,,0.038,0.7,0.006
은평구,2016-12-13,173,406360,96.8,1.6,5.6,6.9,4.8,0,55.5,57,38,0.006,0.036,0.7,0.006
은평구,2016-12-14,132,406360,96.8,1.6,3.8,5.8,0.9,0,73.3,58,35,0.005,0.025,0.6,0.007
은평구,2016-12-15,129,406360,96.8,2.3,6.4,9.1,-2.7,0,44.4,39,19,0.009,0.02,0.5,0.006
은평구,2016-12-16,135,406360,96.8,2,7.3,9.1,-3.4,0,41,35,17,0.005,0.029,0.5,0.006
은평구,2016-12-17,182,406360,96.8,1.3,2.6,3.3,3,0,60.5,59,34,0.01,0.044,0.7,0.008
은평구,2016-12-18,170,406360,96.8,1.3,3.7,4.8,5.7,0,71.7,38,26,0.013,0.038,0.6,0.006
은평구,2016-12-19,188,406360,96.8,1.8,3.9,4.9,8,0,70.3,28,19,0.011,0.025,0.5,0.005
은평구,2016-12-20,214,406360,96.8,1.2,3.3,3.9,8.6,0,73.1,43,27,0.009,0.034,0.8,0.005
은평구,2016-12-21,92,406360,96.8,2.1,4.7,6.8,8.2,31,78.5,33,20,0.008,0.026,0.6,0.005
은평구,2016-12-22,39,406360,96.8,2.9,6.5,9.4,7.2,22.5,92.3,58,42,0.006,0.023,0.7,0.005
은평구,2016-12-23,123,406360,96.8,3,6.6,9.8,-0.6,0,70.4,54,35,0.005,0.016,0.6,0.005
은평구,2016-12-24,131,406360,96.8,1.8,5,5.4,-0.9,0,66.3,70,53,0.003,0.02,0.6,0.005
은평구,2016-12-25,120,406360,96.8,1.5,3,4,1.7,0,73.9,54,38,0.007,0.027,0.7,0.005
은평구,2016-12-26,129,406360,96.8,1.4,4.3,5.7,3.8,0,76.5,54,34,0.006,0.03,0.9,0.005
은평구,2016-12-27,133,406360,96.8,2.4,7,8.2,0,0,58.6,46,29,0.004,0.019,0.6,0.006
은평구,2016-12-28,127,406360,96.8,1.7,4.9,7.1,-2.4,0,48.7,45,24,0.008,0.029,0.6,0.006
은평구,2016-12-29,112,406360,96.8,2.1,6.1,8.4,-2.6,0,53.5,37,18,,0.023,0.5,0.006
은평구,2016-12-30,112,406360,96.8,1.4,3.8,4.7,-2.6,0,51.1,38,21,,0.032,0.6,0.006
은평구,2016-12-31,168,406360,96.8,1.2,2.6,3.3,1.4,0,66.6,51,33,,0.038,0.8,0.007
은평구,2017-01-01,158,405986,96.9,1.2,2.7,3.7,3.5,0,77.3,70,46,0.005,0.042,0.7,0.006
은평구,2017-01-02,156,405986,96.9,1.6,5.5,8,6.2,0,78.1,110,79,0.021,0.038,0.7,0.007
은평구,2017-01-03,147,405986,96.9,1.6,5.7,7.1,3.6,0,66.5,74,47,0.016,0.043,0.4,0.005
은평구,2017-01-04,210,405986,96.9,1.4,5.5,6.9,5.2,0,61.5,49,30,0.007,0.036,0.6,0.005
은평구,2017-01-05,181,405986,96.9,2.3,5.9,8.8,5,0,58.4,32,20,0.009,0.014,0.6,0.004
은평구,2017-01-06,241,405986,96.9,1.6,4.3,5.4,6.8,0,60.3,18,10,0.01,0.021,0.4,0.003
은평구,2017-01-07,203,405986,96.9,1.4,3.2,4,5.5,0,68.5,38,26,0.006,0.033,0.6,0.003
은평구,2017-01-08,191,405986,96.9,2,5.8,7.2,7.5,0,65.1,31,20,0.01,0.026,0.6,0.004
은평구,2017-01-09,178,405986,96.9,2.6,7,9.6,3.6,0,61.4,64,48,0.016,0.016,0.7,0.004
은평구,2017-01-10,134,405986,96.9,2.5,7,10.5,-1.4,0,47.7,33,16,0.014,0.013,0.5,0.003
은평구,2017-01-11,161,405986,96.9,2.1,6.7,8.9,-2.5,0,38.7,26,13,0.01,0.018,0.7,0.002
은평구,2017-01-12,141,405986,96.9,2.2,7,10.9,-0.6,0,48.1,30,17,0.012,0.018,0.8,0.003
은평구,2017-01-13,110,405986,96.9,2.3,6.5,11,-4.3,0,47,32,13,0.014,0.011,0.7,0.002
은평구,2017-01-14,90,405986,96.9,2.6,6.4,9.4,-6.7,0,36.4,48,13,0.014,0.007,0.9,0.002
은평구,2017-01-15,81,405986,96.9,1.6,3.8,5.2,-4.9,0,36.8,28,15,0.01,0.012,1,0.002
은평구,2017-01-16,157,405986,96.9,1.1,3.2,4.1,-2.5,0,41.7,42,22,0.005,0.033,1.1,0.003
은평구,2017-01-17,179,405986,96.9,1.3,4,4.9,-1.1,0,47,60,36,0.004,0.054,1.1,0.007
은평구,2017-01-18,184,405986,96.9,1,2.8,3.6,0.7,0,65.2,99,69,0.007,0.044,1,0.007
은평구,2017-01-19,159,405986,96.9,1.5,5.2,7.1,0.3,0,60.1,97,64,0.01,0.044,0.9,0.006
은평구,2017-01-20,61,405986,96.9,2,6.1,8.9,-2.5,3,66.7,62,37,0.025,0.021,0.6,0.006
은평구,2017-01-21,48,405986,96.9,1.4,4.8,7.7,-4.3,0.5,76.3,46,28,0.011,0.034,0.6,0.005
은평구,2017-01-22,41,405986,96.9,2.8,7.3,11.3,-6.1,0,51.1,86,29,0.032,0.011,0.5,0.006
은평구,2017-01-23,75,405986,96.9,1.9,6.1,7.5,-7.1,0,48.2,55,35,0.028,0.017,0.6,0.005
은평구,2017-01-24,82,405986,96.9,1.6,4.7,6.2,-5.6,0,51,36,25,0.019,0.026,0.7,0.004
은평구,2017-01-25,120,405986,96.9,1.5,4.3,5.4,-4.1,0,53.1,49,31,0.012,0.037,0.9,0.004
은평구,2017-01-26,106,405986,96.9,1.4,4.5,7.2,-1.2,0,62.9,61,40,0.014,0.043,1,0.006
은평구,2017-01-27,78,405986,96.9,2.8,8,10.8,-0.6,4,52.3,117,21,0.031,0.01,0.6,0.004
은평구,2017-01-28,94,405986,96.9,1.5,3.5,4.3,-0.8,0,43.1,31,12,0.013,0.028,0.8,0.004
은평구,2017-01-29,35,405986,96.9,1.3,3.8,5,1.6,5,71.3,26,14,0.01,0.029,0.9,0.004
은평구,2017-01-30,67,405986,96.9,1.2,5.8,6.6,-2.8,0,64.4,53,33,0.031,0.011,0.8,0.005
은평구,2017-01-31,86,405986,96.9,1.7,4.8,5.9,-4.1,0,49,25,15,0.019,0.023,0.8,0.004
은평구,2017-02-01,103,405239,97.2,2.1,6.6,8.5,-2.2,0,45.6,34,19,0.023,0.023,0.8,0.004
은평구,2017-02-02,134,405239,97.2,1.9,6.7,8.4,-1.5,0,50.9,33,18,0.023,0.026,0.9,0.004
은평구,2017-02-03,159,405239,97.2,1.6,5.7,7.3,2.6,0,67.1,69,42,0.023,0.039,1.1,0.006
은평구,2017-02-04,164,405239,97.2,1.5,3.1,3.8,1.9,0,71,67,44,0.01,0.047,1.2,0.005
은평구,2017-02-05,70,405239,97.2,2,5.7,8,2.9,0,72.5,64,46,0.019,0.031,1.3,0.005
은평구,2017-02-06,143,405239,97.2,2.4,6.2,8.8,0.1,0,51,45,27,0.032,0.018,0.8,0.005
은평구,2017-02-07,41,405239,97.2,1.4,4.1,5.1,-0.3,0,48.8,37,22,0.012,0.037,0.7,0.005
은평구,2017-02-08,118,405239,97.2,1.8,5.1,6.9,-0.4,0,52.4,51,26,0.012,0.039,0.8,0.005
은평구,2017-02-09,121,405239,97.2,2.9,6.7,9.7,-3.4,0,48.6,53,20,0.03,0.016,0.6,0.004
은평구,2017-02-10,93,405239,97.2,3,7.7,11.2,-5.2,0,45.3,34,18,0.032,0.013,0.6,0.003
은평구,2017-02-11,113,405239,97.2,2.4,6.5,8.4,-3.4,0,46.2,31,17,0.028,0.018,0.6,0.004
은평구,2017-02-12,115,405239,97.2,2,6.2,8.4,-0.9,0,52.1,30,17,0.025,0.024,0.7,0.004
은평구,2017-02-13,150,405239,97.2,1.4,4.7,6.7,1.1,0,63.3,38,24,0.01,0.047,0.9,0.005
은평구,2017-02-14,144,405239,97.2,1.5,5.6,7.8,1.9,0,48.4,51,30,0.029,0.029,0.8,0.006
은평구,2017-02-15,171,405239,97.2,1.3,4,5.1,2.7,0,52.6,56,34,0.009,0.057,1.2,0.007
은평구,2017-02-16,170,405239,97.2,1.1,5,7.5,6.1,0,61.8,56,33,0.016,0.053,1.3,0.007
은평구,2017-02-17,125,405239,97.2,3,7.8,9.2,3.5,3,61.6,46,17,0.036,0.015,0.8,0.004
은평구,2017-02-18,118,405239,97.2,2.5,7,9.9,-0.9,0,45.9,32,17,0.033,0.019,0.8,0.004
은평구,2017-02-19,74,405239,97.2,1.5,5.1,6.7,2.8,2.5,67.4,40,22,0.027,0.028,1,0.004
은평구,2017-02-20,121,405239,97.2,2.8,7.5,10.5,0.9,1,59.6,46,20,0.036,0.014,0.7,0.004
은평구,2017-02-21,162,405239,97.2,1.7,5,7.1,0.2,0,40,41,25,0.014,0.026,0.6,0.004
은평구,2017-02-22,76,405239,97.2,1.9,5.4,7.5,2.6,4,72.3,39,21,0.017,0.027,0.5,0.004
은평구,2017-02-23,142,405239,97.2,2.5,7.1,9.5,0.4,0,57.5,27,16,0.04,0.016,0.3,0.004
은평구,2017-02-24,152,405239,97.2,2,7.1,9.5,0.3,0,50.6,29,17,0.028,0.025,0.4,0.004
은평구,2017-02-25,200,405239,97.2,2.2,7.1,9.5,3.4,0,63.2,43,26,0.018,0.036,0.6,0.005
은평구,2017-02-26,157,405239,97.2,1.5,5.3,6.7,4.8,0,55.2,39,25,0.025,0.024,0.5,0.004
은평구,2017-02-27,197,405239,97.2,1.8,6.7,9.7,5.1,0,42.8,32,20,0.021,0.032,0.5,0.004
은평구,2017-02-28,204,405239,97.2,1.5,5.2,7.1,6.2,0,47.1,34,22,0.018,0.042,0.6,0.005
은평구,2017-03-01,172,404455,97.4,1.5,7.7,9.9,6.2,3.5,62.4,48,33,0.03,0.035,0.6,0.005
은평구,2017-03-02,127,404455,97.4,2.5,6.9,9.9,3.4,0.5,64.2,32,19,0.037,0.016,0.5,0.004
은평구,2017-03-03,199,404455,97.4,2,6.5,8.2,4.2,0,53.2,37,20,0.023,0.032,0.5,0.004
은평구,2017-03-04,304,404455,97.4,1.6,4.4,5.8,6.3,0,62.1,44,27,0.019,0.04,0.7,0.005
은평구,2017-03-05,226,404455,97.4,1.8,5.1,7.5,6,0,68.9,59,39,0.037,0.023,0.6,0.004
은평구,2017-03-06,167,404455,97.4,2.8,7.5,10.4,1.9,0,43.8,37,24,0.038,0.013,0.5,0.004
은평구,2017-03-07,154,404455,97.4,2.9,7.4,10,-0.1,0,39.3,34,20,0.039,0.013,0.5,0.003
은평구,2017-03-08,175,404455,97.4,2.8,8.4,12.4,1.1,0,50,42,19,0.034,0.018,0.5,0.003
은평구,2017-03-09,204,404455,97.4,2.7,8.7,12.4,4.4,0,49.3,46,20,0.033,0.023,0.5,0.004
은평구,2017-03-10,232,404455,97.4,1.8,5.8,8,6.1,0,37.5,41,24,0.028,0.03,0.6,0.004
은평구,2017-03-11,320,404455,97.4,1.6,6.3,7.6,7.9,0,38.8,52,33,0.028,0.041,0.7,0.005
은평구,2017-03-12,223,404455,97.4,1.9,6,8.5,9.2,0,56.9,80,57,0.034,0.041,0.9,0.006
은평구,2017-03-13,294,404455,97.4,1.9,4.5,6.4,8.1,0,50.2,67,44,0.04,0.019,0.7,0.004
은평구,2017-03-14,252,404455,97.4,2.1,7.4,9.5,7.7,0,39,55,33,0.03,0.019,0.7,0.004
은평구,2017-03-15,284,404455,97.4,1.9,6.6,8.2,7.4,0,35.5,58,30,0.023,0.034,0.4,0.003
은평구,2017-03-16,285,404455,97.4,2.2,6.3,8.2,7.3,0,43.1,66,36,0.03,0.037,0.5,0.004
은평구,2017-03-17,233,404455,97.4,1.7,6.8,9.5,8.6,0,43.2,76,45,0.022,0.042,0.6,0.004
은평구,2017-03-18,360,404455,97.4,2.1,7.6,9.7,10.7,0,33.7,73,40,0.026,0.048,0.7,0.006
은평구,2017-03-19,345,404455,97.4,1.4,5.5,8.1,11.4,0,37.4,74,45,0.028,0.035,0.7,0.004
은평구,2017-03-20,286,404455,97.4,1.5,5.1,6.2,11.2,0,41.5,95,55,0.016,0.048,0.7,0.005
은평구,2017-03-21,333,404455,97.4,2.2,5.9,7.8,9.1,0,51,103,57,0.027,0.027,0.6,0.004
은평구,2017-03-22,315,404455,97.4,2,6.6,8.4,8.7,0,37.1,52,25,0.028,0.027,0.5,0.003
은평구,2017-03-23,353,404455,97.4,2,6.5,8.6,10.5,0,36,76,34,0.032,0.029,0.6,0.004
은평구,2017-03-24,333,404455,97.4,1.8,5.8,7.8,9.7,0,46.8,61,34,0.023,0.032,0.5,0.004
은평구,2017-03-25,309,404455,97.4,1.9,6.1,8.1,9.5,0,44.1,69,39,0.02,0.039,0.6,0.005
은평구,2017-03-26,333,404455,97.4,2,6.6,7.7,8.2,0,53.4,67,43,0.027,0.032,0.6,0.005
은평구,2017-03-27,257,404455,97.4,2,8.9,12,7.4,1,68.6,78,57,0.032,0.029,0.9,0.004
은평구,2017-03-28,335,404455,97.4,2,6.2,7.8,7.4,0,64.1,83,56,0.023,0.039,0.8,0.005
은평구,2017-03-29,365,404455,97.4,1.9,5.7,7.3,9.5,0,53.4,55,36,0.036,0.027,0.6,0.004
은평구,2017-03-30,381,404455,97.4,1.4,4.9,7.8,11.8,0,50.2,68,37,0.03,0.032,0.6,0.004
은평구,2017-03-31,201,404455,97.4,2.1,5.2,6.1,9.8,4,70.9,49,28,0.025,0.031,0.6,0.003
은평구,2017-04-01,404,404235,97.7,2,7.4,9.7,9.2,1,66,25,16,0.034,0.02,0.5,0.003
은평구,2017-04-02,458,404235,97.7,2.3,6.8,9.4,9.6,0,59.2,51,36,0.037,0.027,0.6,0.004
은평구,2017-04-03,413,404235,97.7,1.7,6.8,8.6,12.2,0,48.3,82,51,0.032,0.046,0.8,0.006
은평구,2017-04-04,472,404235,97.7,1.9,6.3,8.7,14.6,0,39.9,72,40,0.046,0.039,0.7,0.005
은평구,2017-04-05,72,404235,97.7,1.7,5.1,6.6,13.1,35.5,61.8,39,22,0.027,0.043,0.6,0.004
은평구,2017-04-06,296,404235,97.7,2,5.2,7.2,11.7,4,89.4,27,18,0.029,0.028,0.6,0.003
은평구,2017-04-07,516,404235,97.7,1.8,6.1,7.8,15.5,0,69,39,24,0.028,0.034,0.6,0.003
은평구,2017-04-08,605,404235,97.7,2.2,6.1,8.3,14.6,0.5,70.9,59,36,0.024,0.035,0.7,0.004
은평구,2017-04-09,671,404235,97.7,2.6,6.8,9.5,15.2,0.5,65.2,38,22,0.037,0.018,0.6,0.003
은평구,2017-04-10,617,404235,97.7,2,6,8.6,16.9,0,28,29,15,0.038,0.025,0.5,0.003
은평구,2017-04-11,573,404235,97.7,2.8,7.9,11.2,16.4,0,36.7,65,23,0.038,0.029,0.5,0.003
은평구,2017-04-12,487,404235,97.7,3.2,9,13.8,12.7,0,19.8,78,11,0.041,0.018,0.4,0.002
은평구,2017-04-13,503,404235,97.7,2.2,6.8,11.7,13.1,0,53.6,75,25,0.038,0.031,0.6,0.004
은평구,2017-04-14,356,404235,97.7,1.9,7.7,11,14,5,59.5,61,18,0.049,0.028,0.6,0.005
은평구,2017-04-15,667,404235,97.7,1.7,6.2,9,17,0,63.8,72,31,0.048,0.032,0.7,0.006
은평구,2017-04-16,695,404235,97.7,1.3,5.1,7,19.3,0,56,57,27,0.04,0.033,0.7,0.005
은평구,2017-04-17,347,404235,97.7,1.9,6.2,11.7,16.1,5,66,48,24,0.026,0.038,0.7,0.003
은평구,2017-04-18,417,404235,97.7,2.4,7.4,10.8,12.6,10,78.4,41,20,0.028,0.03,0.6,0.003
은평구,2017-04-19,567,404235,97.7,2.9,7.4,10.4,13.5,0,45.7,95,15,0.035,0.021,0.5,0.002
은평구,2017-04-20,473,404235,97.7,2,6.4,8.3,13.8,0,46.9,95,20,0.036,0.032,0.5,0.003
은평구,2017-04-21,513,404235,97.7,1.9,6.7,9.3,13.7,0,55.8,75,21,0.034,0.033,0.6,0.003
은평구,2017-04-22,649,404235,97.7,2.1,6.4,10.2,15.4,0,49.6,65,22,0.037,0.026,0.6,0.003
은평구,2017-04-23,666,404235,97.7,2.2,8.1,10.7,15.8,0,41.9,57,22,0.043,0.03,0.6,0.004
은평구,2017-04-24,595,404235,97.7,2.3,7.8,11.1,15.6,0,41,47,18,0.047,0.029,0.5,0.004
은평구,2017-04-25,530,404235,97.7,2.2,7.2,10,17,0,55,68,31,0.05,0.03,0.6,0.005
은평구,2017-04-26,605,404235,97.7,2.8,8.2,11.2,16.4,0,31.4,53,17,0.043,0.017,0.5,0.003
은평구,2017-04-27,591,404235,97.7,2.8,10,14.7,14.8,0,40.9,58,16,0.04,0.023,0.5,0.003
은평구,2017-04-28,622,404235,97.7,2.1,7.4,10.4,15.4,0,56.7,72,24,0.037,0.033,0.7,0.005
은평구,2017-04-29,727,404235,97.7,2,7.2,9.9,17.5,0,47.7,69,27,0.042,0.032,0.7,0.005
은평구,2017-04-30,709,404235,97.7,2,6.9,8.9,20.3,0,55.6,103,52,0.077,0.025,0.8,0.007
은평구,2017-05-01,680,403690,98.1,1.6,6.2,8.2,20.8,0,51.9,92,46,0.063,0.026,0.7,0.004
은평구,2017-05-02,645,403690,98.1,1.5,5.7,7.5,21.5,0,48.5,107,45,0.052,0.038,0.8,0.005
은평구,2017-05-03,824,403690,98.1,1.8,7,9.3,22,0,42.1,77,31,0.073,0.029,0.6,0.004
은평구,2017-05-04,816,403690,98.1,1.7,5.5,7.9,21.9,0,46.1,69,31,0.047,0.03,0.6,0.004
은평구,2017-05-05,763,403690,98.1,2.8,7.9,12.1,22,0,56.8,67,25,0.046,0.016,0.5,0.003
은평구,2017-05-06,420,403690,98.1,3.6,11,15.3,16.1,0,32.2,233,21,0.043,0.019,0.4,0.003
은평구,2017-05-07,590,403690,98.1,3,8.9,12.5,17.3,0,43.4,104,17,0.044,0.022,0.5,0.003
은평구,2017-05-08,530,403690,98.1,1.7,6,7.5,18.5,0,46,207,42,0.049,0.037,0.7,0.006
은평구,2017-05-09,377,403690,98.1,1.8,5.9,8.2,17.8,1,60.4,140,34,0.026,0.033,0.6,0.004
은평구,2017-05-10,576,403690,98.1,2,7.3,9.1,17.1,4,74.2,53,22,0.032,0.023,0.6,0.002
은평구,2017-05-11,621,403690,98.1,1.5,4.7,6.5,19.4,0,65.5,76,35,0.04,0.035,0.7,0.004
은평구,2017-05-12,620,403690,98.1,1.3,6.2,9.3,20.1,0,72.1,77,41,0.047,0.034,0.7,0.005
은평구,2017-05-13,498,403690,98.1,2.1,10.1,14.3,17.6,6.5,77.7,56,24,0.045,0.025,0.6,0.003
은평구,2017-05-14,711,403690,98.1,3.4,10.7,14.1,16.5,0,58.4,67,14,0.046,0.015,0.4,0.003
은평구,2017-05-15,597,403690,98.1,2.1,6,8.3,16.5,0,62.8,59,9,0.039,0.018,0.4,0.004
은평구,2017-05-16,733,403690,98.1,1.7,5.5,7,17.8,0,63.4,,,,,,
은평구,2017-05-17,644,403690,98.1,2.2,8,10.1,19.5,0,55.3,49,23,0.048,0.024,0.4,0.009
은평구,2017-05-18,735,403690,98.1,2.2,7.1,9.5,21.1,0,46.8,52,28,0.048,0.034,0.5,0.008
은평구,2017-05-19,719,403690,98.1,2.5,7.5,9.8,21.8,0,44.3,49,25,0.041,0.034,0.4,0.008
은평구,2017-05-20,803,403690,98.1,2.6,7.6,9.3,21.6,0,45.6,38,21,0.041,0.029,0.4,0.007
은평구,2017-05-21,859,403690,98.1,2.2,6.6,8.3,22.1,0,47.3,31,19,0.039,0.025,0.4,0.005
은평구,2017-05-22,824,403690,98.1,1.9,5.5,7.7,22.4,0,55.2,49,29,0.03,0.029,0.5,0.005
은평구,2017-05-23,463,403690,98.1,1.7,6.7,8.6,20.6,4,67.2,35,21,0.023,0.026,0.4,0.006
은평구,2017-05-24,669,403690,98.1,1.8,6.2,8.3,22.2,0.5,63.3,26,15,0.028,0.021,0.4,0.005
은평구,2017-05-25,789,403690,98.1,2.5,8.8,12.3,20.7,0,47.9,39,15,0.034,0.025,0.4,0.005
은평구,2017-05-26,767,403690,98.1,2.1,7.1,9.7,18.3,0,41.2,25,8,0.033,0.021,0.3,0.005
은평구,2017-05-27,854,403690,98.1,2.1,6.6,9.4,20.3,0,48.8,33,14,0.036,0.028,0.4,0.005
은평구,2017-05-28,793,403690,98.1,2.3,6.9,8.4,21.6,0,51.7,48,25,0.053,0.024,0.4,0.006
은평구,2017-05-29,713,403690,98.1,1.9,6.6,8.8,23.5,0,63.6,73,40,0.053,0.028,0.5,0.007
은평구,2017-05-30,773,403690,98.1,1.6,6.6,8.6,24.7,0,42.3,51,25,0.033,0.034,0.5,0.007
은평구,2017-05-31,805,403690,98.1,1.8,5.7,7.1,23.9,0,48.5,37,21,0.029,0.033,0.4,0.007
은평구,2017-06-01,806,402909,98.7,2.7,8.5,10.8,24,0,55.7,43,16,0.034,0.017,0.4,0.005
은평구,2017-06-02,526,402909,98.7,2.7,8.6,10.1,21.4,0,40,29,11,0.036,0.018,0.3,0.005
은평구,2017-06-03,919,402909,98.7,2.6,7.7,10.1,21.3,0,43.3,32,12,0.034,0.019,0.3,0.005
은평구,2017-06-04,818,402909,98.7,2.3,6.9,9.5,22.6,0,38.9,26,10,0.039,0.021,0.4,0.005
은평구,2017-06-05,832,402909,98.7,1.9,5.6,7.9,24.4,0,36.2,26,12,0.043,0.025,0.4,0.005
은평구,2017-06-06,406,402909,98.7,2.6,5.7,8.1,20.1,13,59.1,24,12,0.035,0.022,0.4,0.005
은평구,2017-06-07,366,402909,98.7,1.4,4.8,6.3,18.2,12.5,90.5,17,11,0.024,0.023,0.5,0.005
은평구,2017-06-08,791,402909,98.7,2,6.4,9,20.8,0,66.5,45,27,0.042,0.024,0.6,0.005
은평구,2017-06-09,757,402909,98.7,2.4,8,11.9,21.8,0,69,62,40,0.048,0.025,0.6,0.005
은평구,2017-06-10,957,402909,98.7,1.7,4.5,6,22.5,2.5,49.6,47,23,0.039,0.019,0.4,0.005
은평구,2017-06-11,881,402909,98.7,2.2,10.5,13.8,23.3,0,37,28,10,0.036,0.019,0.3,0.005
은평구,2017-06-12,849,402909,98.7,2.6,5.7,7.9,22.5,0,45.3,36,14,0.049,0.017,0.4,0.003
은평구,2017-06-13,806,402909,98.7,2.5,7.4,9.7,21.9,5,63.6,40,18,0.037,0.018,0.4,0.002
은평구,2017-06-14,810,402909,98.7,2.5,7.1,9.7,22.2,0,64.5,49,22,0.047,0.019,0.4,0.002
은평구,2017-06-15,874,402909,98.7,1.9,6.1,8.6,23.8,0,61.9,60,28,0.042,0.03,0.5,0.003
은평구,2017-06-16,818,402909,98.7,1.9,6.5,8.4,25.8,0,57,75,40,0.062,0.03,0.6,0.004
은평구,2017-06-17,937,402909,98.7,2.1,6,8.2,25.1,0,51,58,32,0.064,0.025,0.5,0.005
은평구,2017-06-18,836,402909,98.7,2.5,7.5,9.6,25.3,0,50.8,45,26,0.055,0.019,0.4,0.002
은평구,2017-06-19,786,402909,98.7,1.7,5.9,8.6,25.7,0,50.1,58,33,0.042,0.031,0.5,0.003
은평구,2017-06-20,827,402909,98.7,1.7,6.8,9.4,26.5,0,46.2,55,30,0.052,0.029,0.4,0.002
은평구,2017-06-21,809,402909,98.7,2.6,7.5,10.1,26.3,0,51.1,64,37,0.048,0.021,0.4,0.002
은평구,2017-06-22,864,402909,98.7,2.3,7.1,9.8,25.7,0,60.3,42,26,0.046,0.02,0.3,0.002
은평구,2017-06-23,806,402909,98.7,1.9,6.5,8.5,27.6,0,52,50,25,0.043,0.032,0.4,0.002
은평구,2017-06-24,507,402909,98.7,1.3,3.8,4.7,25.6,1.5,57.9,45,24,0.026,0.042,0.5,0.004
은평구,2017-06-25,568,402909,98.7,1.6,8.2,9.3,23.3,40,80.5,38,23,0.041,0.021,0.4,
은평구,2017-06-26,461,402909,98.7,1.9,8.2,10.7,23.6,7.5,75.1,31,18,0.043,0.02,0.3,
은평구,2017-06-27,826,402909,98.7,1.9,5,6.8,25.3,1,70.6,33,21,0.046,0.024,0.4,0.005
은평구,2017-06-28,889,402909,98.7,1.9,5.8,7.8,26.3,0,68.7,57,34,0.045,0.027,0.4,0.006
은평구,2017-06-29,843,402909,98.7,1.9,5.2,7.5,27,0,61.7,59,38,0.044,0.027,0.4,0.005
은평구,2017-06-30,832,402909,98.7,2.2,6.2,8,26.9,0,64.2,64,38,0.049,0.019,0.4,0.004
은평구,2017-07-01,628,402297,99.1,1.5,4.8,6.7,25.9,1.5,72.7,48,29,0.04,0.021,0.4,0.004
은평구,2017-07-02,201,402297,99.1,1.4,6.5,9.1,25.2,85,91.3,30,16,0.021,0.016,0.2,0.004
은평구,2017-07-03,352,402297,99.1,2.1,7,10,25.3,54,87.8,27,16,0.031,0.017,0.2,0.004
은평구,2017-07-04,730,402297,99.1,1.7,6,8.5,27.5,1,76.1,40,26,0.043,0.015,0.2,0.005
은평구,2017-07-05,233,402297,99.1,1.2,5.1,6,28.5,0,66.7,42,27,0.04,0.024,0.3,0.004
은평구,2017-07-07,93,402297,99.1,1.6,4.6,7,27,29.5,82.7,24,13,0.012,0.026,0.2,0.003
은평구,2017-07-08,404,402297,99.1,1.1,5.2,6.2,26.9,3.5,84.9,28,18,0.021,0.021,0.2,0.004
은평구,2017-07-09,297,402297,99.1,0.9,5.4,6.6,26.6,18.5,87.1,27,18,0.024,0.019,0.2,0.003
은평구,2017-07-10,59,402297,99.1,1.3,6,8.7,24.7,154.5,94.8,12,8,0.018,0.021,0.1,0.003
은평구,2017-07-11,643,402297,99.1,1.4,4.9,6.1,26.8,4.5,81.3,38,28,0.039,0.023,0.3,0.003
은평구,2017-07-12,739,402297,99.1,1.8,5.6,8.2,28.2,0,74.4,40,29,0.047,0.02,0.4,0.003
은평구,2017-07-13,697,402297,99.1,1.6,4.6,6.3,28.5,0,69.9,46,34,0.042,0.026,0.5,0.004
은평구,2017-07-14,625,402297,99.1,1.9,8.2,10.7,29.5,0,70,46,34,0.033,0.029,0.4,0.004
은평구,2017-07-15,241,402297,99.1,1.4,5.9,8.4,25.6,54,88.4,20,14,0.026,0.021,0.3,0.003
은평구,2017-07-16,557,402297,99.1,1.2,4.1,5.4,26.5,17,83.9,18,13,0.024,0.016,0.2,0.003
은평구,2017-07-17,585,402297,99.1,1,5,8,27.6,13.5,77.8,25,14,0.02,0.024,0.3,0.003
은평구,2017-07-18,621,402297,99.1,1.3,4.9,6.2,27,2.5,81.9,25,17,0.033,0.023,0.3,0.003
은평구,2017-07-19,731,402297,99.1,1.6,6.3,8.9,28.9,0,72.7,34,24,0.047,0.021,0.3,0.002
은평구,2017-07-20,675,402297,99.1,1.4,4.9,5.9,30.5,0,68.3,53,38,0.046,0.028,0.5,0.004
은평구,2017-07-21,656,402297,99.1,1.7,5.1,6.3,30.7,0,71.8,60,46,0.058,0.027,0.4,0.004
은평구,2017-07-22,494,402297,99.1,1.3,5.6,6.7,30,1,75.6,56,40,0.04,0.027,0.4,0.004
은평구,2017-07-23,375,402297,99.1,1,5.7,6.6,27.5,106.5,89.5,45,35,0.038,0.018,0.4,0.003
은평구,2017-07-24,530,402297,99.1,1,3.3,4,27,3,81.3,37,20,0.017,0.025,0.5,0.002
은평구,2017-07-25,708,402297,99.1,2.2,5.4,7.2,29.7,0,67.8,28,15,0.028,0.015,0.3,0.002
은평구,2017-07-26,675,402297,99.1,2.5,6,7.6,29.1,0,58.2,18,10,0.039,0.019,0.3,0.003
은평구,2017-07-27,537,402297,99.1,1.8,4.3,6,27.6,2,61.7,27,16,0.025,0.032,0.4,0.004
은평구,2017-07-28,375,402297,99.1,1.4,3.8,5,25.5,8.5,90.5,25,16,0.013,0.028,0.5,0.004
은평구,2017-07-29,684,402297,99.1,2.1,4.7,5.9,27.6,0,74.4,15,7,0.03,0.012,0.4,0.004
은평구,2017-07-30,630,402297,99.1,1.7,4.7,6.2,28.6,0,64.3,21,16,0.044,0.012,0.3,0.004
은평구,2017-07-31,461,402297,99.1,1.3,4.3,5.4,26.1,7.5,83,22,13,0.01,0.026,0.4,0.004
은평구,2017-08-01,646,401967,99.5,1.4,4.6,5.3,28.9,2,72.4,22,13,0.031,0.022,0.2,0.004
은평구,2017-08-02,645,401967,99.5,1.4,3.6,4.8,30.6,0,71.3,31,23,0.046,0.017,0.4,0.004
은평구,2017-08-03,640,401967,99.5,2.4,6.5,7.8,30.3,0,64.2,23,16,0.039,0.022,0.5,0.004
은평구,2017-08-04,630,401967,99.5,2,4.7,6.9,30.6,0,61.3,24,19,0.05,0.018,0.4,0.004
은평구,2017-08-05,517,401967,99.5,1.9,4.6,7.3,31.9,0,64.3,25,21,0.049,0.015,0.4,0.003
은평구,2017-08-06,511,401967,99.5,1.7,5.2,7.1,30.5,0,70.2,20,18,0.04,0.013,0.4,0.004
은평구,2017-08-07,656,401967,99.5,2,6.2,7.8,30.1,0,65.3,30,22,0.054,0.011,0.4,0.003
은평구,2017-08-08,708,401967,99.5,1.7,5.1,7.5,28.8,0,64,39,30,0.056,0.017,0.5,0.004
은평구,2017-08-09,692,401967,99.5,2.2,5.3,6.6,27.7,4,68.2,30,24,0.042,0.016,0.4,0.004
은평구,2017-08-10,335,401967,99.5,1.8,3.6,4.8,24.8,12.5,90.5,8,5,0.027,0.012,0.3,0.003
은평구,2017-08-11,572,401967,99.5,2.1,5.5,7.6,27.6,0,70.3,9,5,0.03,0.013,0.2,0.003
은평구,2017-08-12,724,401967,99.5,2.3,5.8,6.9,28.2,0,60.1,9,6,0.028,0.012,0.2,0.003
은평구,2017-08-13,678,401967,99.5,2.7,5.5,7.7,26.7,0,64.1,8,5,0.024,0.008,0.2,0.003
은평구,2017-08-14,455,401967,99.5,2.9,6.5,8.9,25.5,0,66.7,7,4,0.016,0.009,0.2,0.003
은평구,2017-08-15,117,401967,99.5,2.2,5.3,6.5,22.8,67.5,87.3,6,3,0.018,0.005,0.1,0.003
은평구,2017-08-16,663,401967,99.5,2.3,5.4,6.7,23.5,9,79.8,6,4,0.02,0.007,0.2,0.003
은평구,2017-08-17,677,401967,99.5,1.6,4.2,5.5,24.9,1.5,78.9,11,6,0.017,0.016,0.2,0.003
은평구,2017-08-18,766,401967,99.5,1,8.4,10.1,26.2,0.5,76.8,20,16,0.022,0.024,0.4,0.004
은평구,2017-08-19,727,401967,99.5,1.8,4,4.8,26.1,0,77.2,20,14,0.029,0.016,0.5,0.003
은평구,2017-08-20,71,401967,99.5,1.9,5.7,8.8,23.7,118.5,90.6,9,5,0.028,0.007,,0.003
은평구,2017-08-21,684,401967,99.5,1.4,5.6,7.5,26.2,6,81.4,11,8,0.019,0.015,,0.003
은평구,2017-08-22,783,401967,99.5,1.3,4.6,6.1,28,0,69.3,16,9,0.022,0.017,0.4,0.006
은평구,2017-08-23,427,401967,99.5,1.7,6.8,10.6,27.2,26.5,84.7,17,9,0.009,0.014,0.3,0.004
은평구,2017-08-24,470,401967,99.5,2.4,9.6,14.2,27.5,10.5,83.2,18,8,0.02,0.01,0.3,0.004
은평구,2017-08-25,722,401967,99.5,1.7,5.6,7.3,26.3,0,63.2,23,12,0.028,0.016,0.4,0.004
은평구,2017-08-26,828,401967,99.5,1.8,5.2,9.2,25.3,0,50.1,21,11,0.031,0.013,0.3,0.004
은평구,2017-08-27,742,401967,99.5,1.8,4.3,5.3,23.1,0,63.9,20,12,0.024,0.016,0.3,0.003
은평구,2017-08-28,444,401967,99.5,1.8,7.3,8.5,22.1,8.5,74,23,16,0.019,0.022,0.4,0.004
은평구,2017-08-29,889,401967,99.5,2,5.1,6.8,20.8,0,52.3,17,8,0.03,0.007,0.2,0.003
은평구,2017-08-30,920,401967,99.5,1.6,5.1,6.5,20.3,0,49.8,22,11,0.021,0.018,0.3,0.004
은평구,2017-08-31,916,401967,99.5,1.6,4.7,6.2,22.6,0,61,33,21,0.03,0.018,0.5,0.003
은평구,2017-09-01,974,401985,99.6,1.7,4.2,6.3,23.7,0,53.7,21,12,0.029,0.013,0.4,0.003
은평구,2017-09-02,993,401985,99.6,1.8,5,6.3,24.2,0,55.7,25,17,0.036,0.014,0.4,0.003
은평구,2017-09-03,952,401985,99.6,1.7,5,5.9,24.5,0,59.2,28,21,0.048,0.012,0.4,0.003
은평구,2017-09-04,913,401985,99.6,1.4,4.8,6.1,24.9,0,54.7,27,21,0.04,0.02,0.5,0.003
은평구,2017-09-05,886,401985,99.6,1.6,4.3,5.2,22.5,0,61.5,19,13,0.015,0.023,0.5,0.003
은평구,2017-09-06,531,401985,99.6,0.7,3.1,3.5,21.4,1.5,73,23,16,0.015,0.024,0.5,0.003
은평구,2017-09-07,922,401985,99.6,0.9,5.7,7.5,22.8,0,71.5,31,26,0.04,0.015,0.6,0.004
은평구,2017-09-08,928,401985,99.6,1.2,4.8,6.3,24.8,0,64.7,43,31,0.035,0.02,0.8,0.004
은평구,2017-09-09,947,401985,99.6,1.1,4.2,5.7,24.5,0,64.5,50,36,0.036,0.023,0.8,0.004
은평구,2017-09-10,691,401985,99.6,1.4,3.8,5.1,23.5,0,72.5,43,34,0.032,0.019,0.7,0.003
은평구,2017-09-11,644,401985,99.6,1.8,4.9,6.1,21.7,17.5,77.2,19,14,0.034,0.014,0.5,0.003
은평구,2017-09-12,906,401985,99.6,1.3,6.3,7.9,23,0,58.1,24,13,0.029,0.017,0.5,0.003
은평구,2017-09-13,954,401985,99.6,1.3,5.5,6.7,22.2,0,48.3,21,8,0.03,0.019,0.5,0.003
은평구,2017-09-14,953,401985,99.6,1.4,4.1,5.7,22.5,0,49.9,22,10,0.028,0.02,0.5,0.003
은평구,2017-09-15,979,401985,99.6,2.9,7.2,9.3,23,0,49.3,13,7,0.038,0.01,0.4,0.003
은평구,2017-09-16,1058,401985,99.6,2.8,7.2,11,22.2,0,51,9,5,0.034,0.008,0.3,0.003
은평구,2017-09-17,1063,401985,99.6,2.5,6.3,7.5,23.1,0,53.6,9,5,0.029,0.009,0.4,0.003
은평구,2017-09-18,967,401985,99.6,1.4,5.8,7.8,22.3,0,59.8,19,11,0.029,0.017,0.5,0.003
은평구,2017-09-19,684,401985,99.6,2.1,9.6,13.3,23.4,8,74.3,59,43,0.054,0.02,0.8,0.004
은평구,2017-09-20,957,401985,99.6,1.5,5.9,8,20.6,0,45.1,21,9,0.031,0.016,0.5,0.003
은평구,2017-09-21,954,401985,99.6,0.3,3.3,4.8,20.3,0,54.2,25,14,0.028,0.027,0.6,0.003
은평구,2017-09-22,986,401985,99.6,0.6,5.2,6.9,20.9,0,57.9,27,20,0.042,0.026,0.6,0.004
은평구,2017-09-23,1059,401985,99.6,0.6,3.9,5.4,21.9,0,66.9,47,24,0.03,0.028,0.7,0.004
은평구,2017-09-24,917,401985,99.6,0.9,7.5,9.6,22.6,0,70.7,57,36,0.048,0.015,0.7,0.003
은평구,2017-09-25,954,401985,99.6,0.6,4.4,5.4,23.4,0,60,38,25,0.033,0.027,0.7,0.003
은평구,2017-09-26,856,401985,99.6,1.4,4.6,5.7,24.5,0,59.1,41,27,0.042,0.031,0.7,0.004
은평구,2017-09-27,789,401985,99.6,0.9,6.1,7.8,23.3,0,63.3,38,25,0.029,0.03,0.7,0.006
은평구,2017-09-28,937,401985,99.6,2.3,9.2,12.4,20.3,0,49.4,21,8,0.033,0.017,0.5,0.006
은평구,2017-09-29,953,401985,99.6,1.5,6.1,8.5,17.5,0,40.1,19,8,0.027,0.028,0.5,0.006
은평구,2017-09-30,1087,401985,99.6,0.8,4.6,5.4,20.1,0,59,30,18,0.027,0.036,0.7,0.007
은평구,2017-10-01,512,401761,99.8,0.5,3.6,4.6,18.4,3,72.6,27,17,0.033,0.024,0.6,0.006
은평구,2017-10-02,913,401761,99.8,1.1,5,6.2,21.4,2.5,66.1,18,11,0.036,0.016,0.6,0.005
은평구,2017-10-03,813,401761,99.8,1.5,5.3,7,18.8,0,48.6,33,11,0.031,0.013,0.5,0.005
은평구,2017-10-04,712,401761,99.8,1.6,4.3,5.8,17.3,0,45.1,19,8,0.027,0.015,0.5,0.005
은평구,2017-10-05,940,401761,99.8,1.2,4.7,6.1,18.5,0,58.7,12,7,0.029,0.017,0.5,0.005
은평구,2017-10-06,796,401761,99.8,1.3,6.3,7.8,18.6,0,66.4,11,7,0.028,0.015,0.5,0.005
은평구,2017-10-07,1126,401761,99.8,0.6,4.8,5.8,21.3,0,69.4,8,6,0.025,0.02,0.6,0.005
은평구,2017-10-08,1105,401761,99.8,0.5,3.7,4.8,23,0,65.8,15,13,0.031,0.024,0.7,0.006
은평구,2017-10-09,1188,401761,99.8,0.8,4.4,5.7,22.8,0,63.7,23,17,0.028,0.029,0.7,0.007
은평구,2017-10-10,752,401761,99.8,0.3,2.8,4.8,21.7,0.5,73.6,24,17,0.016,0.034,0.8,0.006
은평구,2017-10-11,619,401761,99.8,1.4,5.8,7.7,16.8,20,75.2,8,5,0.024,0.016,0.6,0.005
은평구,2017-10-12,790,401761,99.8,1.6,4.4,6.7,12.9,0,62.2,17,10,0.016,0.021,0.6,0.005
은평구,2017-10-13,797,401761,99.8,1.3,4.7,6.1,13.3,0,49.2,21,13,0.019,0.026,0.7,0.005
은평구,2017-10-14,1002,401761,99.8,1.6,6.5,8,14.6,0,42.8,18,10,0.028,0.022,0.7,0.005
은평구,2017-10-15,909,401761,99.8,1.5,4.9,6.6,15.6,0,41.3,15,8,0.027,0.022,0.7,0.005
은평구,2017-10-16,925,401761,99.8,1,5,5.7,16.9,0,46.4,25,14,0.023,0.028,0.7,0.005
은평구,2017-10-17,846,401761,99.8,0.6,3.8,4.5,16.3,0,44.6,29,18,0.021,0.037,0.8,0.005
은평구,2017-10-18,709,401761,99.8,0.9,3.8,5.7,16.8,0,55.9,22,12,0.027,0.026,0.7,0.005
은평구,2017-10-19,994,401761,99.8,1,4.3,5,16.9,0,55.4,15,10,0.024,0.027,0.7,0.005
은평구,2017-10-20,881,401761,99.8,0.8,3.3,4.4,17,0,54,26,15,0.024,0.033,0.8,0.005
은평구,2017-10-21,1061,401761,99.8,0.8,4.6,6.3,17.5,0,50.8,36,20,0.021,0.037,0.9,0.005
은평구,2017-10-22,939,401761,99.8,3,8.8,12,16.3,0,49.3,18,11,0.031,0.02,0.8,0.005
은평구,2017-10-23,819,401761,99.8,1.3,4.4,5.5,14,0,43.4,21,9,0.032,0.024,0.7,0.005
은평구,2017-10-24,847,401761,99.8,0.9,3.6,4.5,14.3,0,49,25,14,0.019,0.036,0.7,0.005
은평구,2017-10-25,822,401761,99.8,0.6,5.2,6.4,14.6,0,54.7,34,20,0.022,0.032,0.5,0.005
은평구,2017-10-26,851,401761,99.8,0.3,2.8,3.3,14.7,0,53.5,43,25,0.022,0.038,0.6,0.006
은평구,2017-10-27,862,401761,99.8,0.4,2.8,3.8,17.1,0,47.7,44,29,0.026,0.039,0.8,0.005
은평구,2017-10-28,875,401761,99.8,0.9,4.2,4.6,16.8,0,40.9,37,24,0.03,0.033,0.6,0.005
은평구,2017-10-29,634,401761,99.8,1.7,6.6,11,12.9,0,35.3,60,19,0.031,0.017,0.5,0.005
은평구,2017-10-30,619,401761,99.8,1.9,5.8,7.4,8.6,0,14.4,34,12,0.026,0.021,0.5,0.005
은평구,2017-10-31,712,401761,99.8,1.3,6.3,7.7,10,0,41.6,28,13,0.016,0.039,0.6,0.006
은평구,2017-11-01,755,401486,100,0.6,5.3,6.3,14.5,0,60.7,32,18,0.023,0.038,0.7,0.007
은평구,2017-11-02,670,401486,100,0.1,2.1,3.6,14.9,0,67.8,37,24,0.023,0.039,0.7,0.007
은평구,2017-11-03,611,401486,100,,,,,,,31,22,0.032,0.023,0.6,0.006
은평구,2017-11-04,630,401486,100,,,,,,,49,37,0.026,0.022,0.7,0.005
은평구,2017-11-05,624,401486,100,,,,,,,29,22,0.019,0.031,0.7,0.006
은평구,2017-11-06,740,401486,100,,,,,,,29,17,0.003,0.045,0.8,0.006
은평구,2017-11-07,778,401486,100,0.6,3.1,4.1,14.1,0,53.4,30,19,0.003,0.054,0.9,0.006
은평구,2017-11-08,679,401486,100,2.2,6.6,8.7,14.5,0,45.4,48,19,0.034,0.024,0.7,0.006
은평구,2017-11-09,689,401486,100,1,3.1,4.3,10.3,0,32.9,50,23,0.012,0.044,0.8,0.006
은평구,2017-11-10,499,401486,100,2.2,8.4,14.6,10.2,8.5,44.9,41,17,0.019,0.035,0.8,0.006
은평구,2017-11-11,572,401486,100,1.8,6.6,10.8,7.2,0,24.9,79,13,0.021,0.021,0.7,0.005
은평구,2017-11-12,468,401486,100,1.4,4.8,5.9,6.1,0,46.4,28,16,0.016,0.029,0.8,0.005
은평구,2017-11-13,463,401486,100,1.1,4.1,6,8.3,2,53.7,36,21,0.01,0.042,1,0.006
은평구,2017-11-14,588,401486,100,2.1,7,9.4,9,0,32.9,50,16,0.021,0.024,0.9,0.006
은평구,2017-11-15,467,401486,100,2.4,8.9,12.8,4.3,0,29.8,28,11,0.022,0.022,0.8,0.006
은평구,2017-11-16,443,401486,100,1.6,4.8,6.4,2.3,0,19.4,26,11,0.016,0.028,0.9,0.006
은평구,2017-11-17,386,401486,100,2,5.3,6.6,3.4,0,21.6,37,19,0.006,0.046,1.1,0.006
은평구,2017-11-18,266,401486,100,2.3,5.2,7.4,-0.5,0,18.4,44,19,0.025,0.016,0.9,0.006
은평구,2017-11-19,251,401486,100,2,7.3,9.4,-0.6,0,15.6,29,11,0.022,0.021,1,0.006
은평구,2017-11-20,372,401486,100,1.6,3.9,5.6,0.7,0,32.9,37,20,0.012,0.038,1.2,0.007
은평구,2017-11-21,386,401486,100,1.3,3.3,4.1,1.6,0,40.1,41,21,0.008,0.044,0.9,0.006
은평구,2017-11-22,350,401486,100,1.7,6.3,9,4.9,0,36.5,56,23,0.013,0.039,0.5,0.007
은평구,2017-11-23,339,401486,100,2.1,7.8,11.8,2.2,0,25.8,26,10,0.017,0.026,0.3,0.006
은평구,2017-11-24,269,401486,100,1.7,6.1,9.3,0.6,0.5,44.5,19,11,0.014,0.025,0.4,0.005
은평구,2017-11-25,167,401486,100,1.4,4.1,5.1,2.6,21.5,57,23,14,0.007,0.041,0.5,0.005
은평구,2017-11-26,263,401486,100,1.7,6.3,8.4,4.2,0,54,35,18,0.014,0.028,0.6,0.005
은평구,2017-11-27,357,401486,100,0.9,2.7,3.2,3.1,0,37.9,44,25,0.007,0.048,0.7,0.006
은평구,2017-11-28,376,401486,100,0.8,4.1,5.5,6.3,0.5,46.1,67,40,0.005,0.063,1,0.008
은평구,2017-11-29,367,401486,100,1.5,4.4,5.8,5,0,35,59,19,0.017,0.026,0.5,0.006
은평구,2017-11-30,284,401486,100,2.7,6.3,8.7,-1,0,17,27,9,0.024,0.019,0.4,0.006
은평구,2017-12-01,277,401107,100.2,1.5,5.7,8.1,-1.5,0,47.3,29,15,0.016,0.034,0.6,0.006
은평구,2017-12-02,322,401107,100.2,1.2,3.4,4.7,1.9,0,63.1,36,22,0.009,0.04,0.5,0.006
은평구,2017-12-03,259,401107,100.2,1.3,4.5,5.9,5.1,3,81.3,50,36,0.007,0.041,0.7,0.005
은평구,2017-12-04,246,401107,100.2,2.7,7.8,10.3,0.4,0,53.2,45,26,0.02,0.023,0.5,0.005
은평구,2017-12-05,259,401107,100.2,2.1,6.4,8.8,-3.4,0,39.2,24,12,0.021,0.022,0.3,0.004
은평구,2017-12-06,192,401107,100.2,1.7,6.4,8,0.2,3,72.8,31,21,0.007,0.04,0.5,0.003
은평구,2017-12-07,241,401107,100.2,1.8,5.6,6.9,1.8,0,67.5,43,30,0.014,0.033,0.6,0.004
은평구,2017-12-08,242,401107,100.2,2.1,5.5,7.3,-2.8,0,43.3,33,23,0.018,0.025,0.5,0.004
은평구,2017-12-09,257,401107,100.2,1.3,3.6,4.7,-0.1,0,49.9,36,22,0.006,0.045,0.7,0.004
은평구,2017-12-10,143,401107,100.2,2.1,6.8,11.9,1.5,5.5,71.4,34,22,0.016,0.028,0.5,0.004
은평구,2017-12-11,215,401107,100.2,3.1,8,11,-5.7,0,42,61,12,0.02,0.015,0.4,0.003
은평구,2017-12-12,160,401107,100.2,2,5.5,7.7,-8.3,0,44,34,17,0.019,0.019,0.6,0.004
은평구,2017-12-13,192,401107,100.2,1.6,4.5,5.5,-7.2,0,43.4,37,19,0.017,0.026,0.7,0.004
은평구,2017-12-14,234,401107,100.2,1.5,3.7,4.7,-6.1,0,48.5,50,31,0.008,0.042,1,0.004
은평구,2017-12-15,226,401107,100.2,1.2,3.5,4.8,-2.9,0,56.1,72,51,0.004,0.062,1.4,0.005
은평구,2017-12-16,157,401107,100.2,2.3,6.1,9.2,-4.2,0,47,45,25,0.021,0.021,0.8,0.005
은평구,2017-12-17,148,401107,100.2,1.7,6,8.2,-5.8,0,41.6,43,13,0.024,0.022,0.6,0.004
은평구,2017-12-18,118,401107,100.2,1.3,5.2,7.8,-2.2,1.5,81,57,33,0.006,0.045,1,0.005
은평구,2017-12-19,186,401107,100.2,1.8,5.9,9.4,-2.9,0,51.1,52,22,0.018,0.024,0.8,0.004
은평구,2017-12-20,156,401107,100.2,1.8,4.5,5.6,-3.8,0,66.6,41,25,0.008,0.039,0.9,0.003
은평구,2017-12-21,146,401107,100.2,1.3,4.3,5.6,-0.4,0,74.4,47,33,0.006,0.045,1.2,0.004
은평구,2017-12-22,232,401107,100.2,1.1,2.8,4.3,2.8,0,69.7,48,37,0.006,0.037,1.1,0.005
은평구,2017-12-23,260,401107,100.2,0.8,2.6,4,6.5,0,75.4,106,84,0.011,0.029,0.9,0.004
은평구,2017-12-24,83,401107,100.2,1.7,4.7,6.9,3.6,19.5,82.8,69,53,0.024,0.024,0.9,0.003
은평구,2017-12-25,159,401107,100.2,2.2,6.2,8.5,-1.3,0,46,32,16,0.026,0.014,0.5,0.003
은평구,2017-12-26,177,401107,100.2,2.4,8.7,12.1,-2.5,0,45.9,31,15,0.021,0.015,0.5,0.003
은평구,2017-12-27,170,401107,100.2,2.1,6.2,7.9,-6,0,33,31,16,0.018,0.014,0.5,0.003
은평구,2017-12-28,232,401107,100.2,1.2,3.1,4.3,-1.9,0,51.1,44,27,0.008,0.02,0.7,0.003
은평구,2017-12-29,267,401107,100.2,1.2,4.3,5.8,2.7,0,67.8,90,63,0.01,0.026,1,0.004
은평구,2017-12-30,159,401107,100.2,1.3,2.7,3.6,1.9,0.5,78.8,121,89,0.006,0.029,1.1,0.004
은평구,2017-12-31,113,401107,100.2,2.4,5.9,8.2,1.1,0.5,56.5,67,33,0.024,0.018,0.8,0.003
