area,³¯Â¥,rentcnt,ÀÎ±¸,¾ÆÆÄÆ®°¡°Ý,Æò±ÕÇ³¼Ó,ÃÖ´ëÇ³¼Ó,¼ø°£ÃÖ°íÇ³¼Ó,±â¿ÂÆò±Õ,°­¼öÀÏ°­¼ö,½ÀµµÆò±Õ,¹Ì¼¼¸ÕÁö,ÃÊ¹Ì¼¼¸ÕÁö,¿ÀÁ¸,ÀÌ»êÈ­Áú¼Ò,ÀÏ»êÈ­Åº¼Ò,¾ÆÈ²»ê°¡½º
±¤Áø±¸,2016-01-01,33,308607.0,94.0,0.8,2.7,3.9,2.1,0.0,74.6,85,64,0.004,0.046,0.9,0.006
±¤Áø±¸,2016-01-02,22,308607.0,94.0,1.1,3.0,4.3,7.0,0.0,74.3,58,41,0.006999999999999999,0.043,0.6,0.005
±¤Áø±¸,2016-01-03,35,308607.0,94.0,0.6,3.0,4.2,7.7,0.0,80.5,111,80,0.009000000000000001,0.051,1.0,0.005
±¤Áø±¸,2016-01-04,29,308607.0,94.0,2.2,5.1,7.0,4.2,0.0,53.6,85,61,0.026000000000000002,0.024,0.8,0.005
±¤Áø±¸,2016-01-05,23,308607.0,94.0,1.9,5.2,6.8,-0.4,0.0,37.2,29,19,0.018000000000000002,0.021,0.3,0.006
±¤Áø±¸,2016-01-06,22,308607.0,94.0,1.3,4.2,5.9,0.0,0.0,54.1,59,37,0.006999999999999999,0.039,0.7,0.006
±¤Áø±¸,2016-01-07,28,308607.0,94.0,1.9,5.1,7.4,-1.1,0.0,49.1,37,23,0.017,0.023,0.3,0.005
±¤Áø±¸,2016-01-08,18,308607.0,94.0,1.6,4.9,7.7,-1.1,0.0,48.1,36,22,0.013999999999999999,0.028999999999999998,0.5,0.006
±¤Áø±¸,2016-01-09,18,308607.0,94.0,1.6,5.4,7.9,0.1,0.0,55.3,39,25,0.015,0.03,0.5,0.004
±¤Áø±¸,2016-01-10,21,308607.0,94.0,1.8,4.8,8.2,2.5,0.0,45.7,33,24,0.022000000000000002,0.022000000000000002,0.5,0.004
±¤Áø±¸,2016-01-11,15,308607.0,94.0,1.8,3.8,5.5,-1.3,0.0,36.5,43,29,0.016,0.03,0.6,0.005
±¤Áø±¸,2016-01-12,24,308607.0,94.0,1.7,4.5,6.6,-2.9,0.0,43.2,55,34,0.012,0.036000000000000004,0.6,0.005
±¤Áø±¸,2016-01-13,19,308607.0,94.0,1.8,5.1,7.4,-2.9,0.0,62.9,45,30,0.011000000000000001,0.034,0.7,0.005
±¤Áø±¸,2016-01-14,16,308607.0,94.0,1.3,3.8,5.5,-2.1,0.0,47.7,47,28,0.012,0.036000000000000004,0.6,0.005
±¤Áø±¸,2016-01-15,12,308607.0,94.0,1.0,3.3,3.7,1.1,0.0,57.2,58,41,0.005,0.05,0.8,0.005
±¤Áø±¸,2016-01-16,27,308607.0,94.0,1.2,4.7,6.1,0.9,0.0,65.7,65,49,0.01,0.037000000000000005,0.7,0.005
±¤Áø±¸,2016-01-17,36,308607.0,94.0,1.0,3.9,5.0,3.0,0.0,65.1,64,52,0.013999999999999999,0.035,0.7,0.004
±¤Áø±¸,2016-01-18,11,308607.0,94.0,3.3,9.2,13.8,-3.9,0.0,59.7,59,41,0.02,0.023,0.7,0.005
±¤Áø±¸,2016-01-19,6,308607.0,94.0,3.5,8.1,13.0,-11.0,0.0,45.6,36,17,0.024,0.013999999999999999,0.4,0.005
±¤Áø±¸,2016-01-20,7,308607.0,94.0,1.5,4.2,5.8,-8.7,0.0,45.0,44,31,0.012,0.034,0.6,0.005
±¤Áø±¸,2016-01-21,21,308607.0,94.0,1.4,4.4,5.5,-5.4,0.0,45.6,60,43,0.009000000000000001,0.039,0.7,0.006
±¤Áø±¸,2016-01-22,10,308607.0,94.0,1.4,4.0,5.6,-5.4,0.0,41.6,64,43,0.01,0.04,0.7,0.006
±¤Áø±¸,2016-01-23,7,308607.0,94.0,3.0,7.5,11.7,-9.2,0.0,41.2,32,20,0.026000000000000002,0.013000000000000001,0.4,0.005
±¤Áø±¸,2016-01-24,1,308607.0,94.0,2.5,5.1,8.5,-12.8,0.0,46.5,42,27,0.025,0.013999999999999999,0.5,0.005
±¤Áø±¸,2016-01-25,16,308607.0,94.0,1.6,4.3,6.4,-7.9,0.0,46.4,49,23,0.013999999999999999,0.034,0.6,0.005
±¤Áø±¸,2016-01-26,15,308607.0,94.0,0.9,4.5,6.1,-2.6,0.0,66.6,82,48,0.005,0.055,0.9,0.006999999999999999
±¤Áø±¸,2016-01-27,24,308607.0,94.0,1.3,4.7,6.5,0.9,0.0,57.1,68,42,0.01,0.051,0.9,0.006999999999999999
±¤Áø±¸,2016-01-28,17,308607.0,94.0,1.1,3.3,4.8,0.6,0.0,55.3,61,40,0.006,0.051,0.9,0.006
±¤Áø±¸,2016-01-29,11,308607.0,94.0,2.0,4.9,5.9,3.4,0.0,46.3,42,28,0.013999999999999999,0.035,0.5,0.005
±¤Áø±¸,2016-01-30,27,308607.0,94.0,1.4,4.6,5.8,2.6,0.0,60.6,38,28,0.01,0.043,0.7,0.005
±¤Áø±¸,2016-01-31,23,308607.0,94.0,2.1,5.0,6.8,-1.6,0.0,35.5,42,27,0.023,0.022000000000000002,0.5,0.005
±¤Áø±¸,2016-02-01,13,308575.0,94.1,2.2,5.8,6.1,-4.2,0.0,33.4,42,24,0.02,0.027000000000000003,0.5,0.005
±¤Áø±¸,2016-02-02,20,308575.0,94.1,2.1,5.0,5.9,-1.3,0.0,37.3,53,32,0.012,0.043,0.7,0.006
±¤Áø±¸,2016-02-03,16,308575.0,94.1,1.6,5.8,7.0,-1.7,0.0,52.4,65,42,0.008,0.057999999999999996,1.0,0.006
±¤Áø±¸,2016-02-04,16,308575.0,94.1,2.0,6.3,8.8,0.8,0.0,54.1,67,45,0.013999999999999999,0.052000000000000005,1.0,0.008
±¤Áø±¸,2016-02-05,21,308575.0,94.1,1.9,6.4,8.6,-0.7,0.0,40.6,45,27,0.013000000000000001,0.038,0.7,0.005
±¤Áø±¸,2016-02-06,12,308575.0,94.1,2.0,6.5,8.4,-0.9,0.0,39.9,54,31,0.016,0.026000000000000002,0.6,0.005
±¤Áø±¸,2016-02-07,14,308575.0,94.1,1.7,5.5,6.9,-1.5,0.0,46.5,54,32,0.01,0.037000000000000005,0.7,0.005
±¤Áø±¸,2016-02-08,5,308575.0,94.1,2.3,8.8,11.5,2.0,0.0,62.2,77,50,0.017,0.034,0.8,0.006
±¤Áø±¸,2016-02-09,17,308575.0,94.1,2.7,7.2,9.8,2.2,0.0,51.9,52,32,0.02,0.019,0.5,0.005
±¤Áø±¸,2016-02-10,70,308575.0,94.1,1.4,3.2,4.2,3.3,0.0,45.1,45,29,0.006999999999999999,0.040999999999999995,0.6,0.005
±¤Áø±¸,2016-02-11,57,308575.0,94.1,1.9,3.9,5.8,8.0,0.0,36.8,45,28,0.008,0.042,0.7,0.005
±¤Áø±¸,2016-02-12,6,308575.0,94.1,1.6,3.8,5.5,9.1,17.0,93.2,31,23,0.008,0.037000000000000005,0.6,0.004
±¤Áø±¸,2016-02-13,7,308575.0,94.1,1.8,8.8,11.4,12.1,20.5,95.8,14,10,0.004,0.033,0.6,0.004
±¤Áø±¸,2016-02-14,11,308575.0,94.1,4.2,8.5,11.9,-0.4,0.5,76.8,31,23,0.016,0.013999999999999999,0.4,0.003
±¤Áø±¸,2016-02-15,13,308575.0,94.1,2.8,9.1,12.3,-4.7,0.0,50.3,34,15,0.019,0.016,0.4,0.004
±¤Áø±¸,2016-02-16,14,308575.0,94.1,2.1,7.9,10.8,-1.2,1.0,68.0,30,20,0.013000000000000001,0.027000000000000003,0.5,0.005
±¤Áø±¸,2016-02-17,21,308575.0,94.1,1.9,7.5,9.6,1.0,0.0,57.4,41,20,0.009000000000000001,0.036000000000000004,0.6,0.004
±¤Áø±¸,2016-02-18,24,308575.0,94.1,1.9,7.5,10.3,4.8,0.0,68.0,45,26,0.013000000000000001,0.038,0.6,0.005
±¤Áø±¸,2016-02-19,26,308575.0,94.1,1.4,5.9,8.0,4.5,0.0,58.9,92,55,0.006,0.046,0.9,0.006
±¤Áø±¸,2016-02-20,42,308575.0,94.1,2.2,6.8,9.9,3.3,0.0,40.6,54,28,0.015,0.028999999999999998,0.6,0.004
±¤Áø±¸,2016-02-21,14,308575.0,94.1,2.4,8.1,9.9,0.9,0.0,37.6,28,14,0.022000000000000002,0.016,0.4,0.005
±¤Áø±¸,2016-02-22,26,308575.0,94.1,1.5,4.6,5.5,2.4,0.0,37.5,46,22,0.006999999999999999,0.042,0.6,0.005
±¤Áø±¸,2016-02-23,26,308575.0,94.1,2.3,8.2,12.9,2.2,0.0,58.8,56,34,0.015,0.028999999999999998,0.6,0.004
±¤Áø±¸,2016-02-24,31,308575.0,94.1,2.2,6.4,8.4,-1.4,0.0,43.9,37,22,0.016,0.026000000000000002,0.5,0.003
±¤Áø±¸,2016-02-25,37,308575.0,94.1,2.8,9.0,13.0,0.9,0.0,49.0,54,33,0.013999999999999999,0.035,0.7,0.006
±¤Áø±¸,2016-02-26,42,308575.0,94.1,1.8,7.4,9.9,3.4,0.0,40.8,51,34,0.017,0.033,0.6,0.006
±¤Áø±¸,2016-02-27,56,308575.0,94.1,1.9,5.8,7.5,4.7,0.0,62.4,71,50,0.013000000000000001,0.042,0.6,0.005
±¤Áø±¸,2016-02-28,10,308575.0,94.1,2.1,7.1,8.8,2.1,2.0,68.2,54,39,0.011000000000000001,0.039,0.6,0.004
±¤Áø±¸,2016-02-29,11,308575.0,94.1,2.8,7.1,11.0,-2.0,0.0,49.9,57,34,0.023,0.017,0.4,0.005
±¤Áø±¸,2016-03-01,36,308437.0,94.1,2.2,6.4,8.6,-1.4,0.0,45.8,33,22,0.021,0.022000000000000002,0.4,0.004
±¤Áø±¸,2016-03-02,32,308437.0,94.1,1.9,7.3,10.9,4.0,0.0,68.5,41,26,0.015,0.037000000000000005,0.6,0.004
±¤Áø±¸,2016-03-03,81,308437.0,94.1,1.6,5.5,6.7,8.6,0.0,67.8,56,35,0.013000000000000001,0.040999999999999995,0.5,0.004
±¤Áø±¸,2016-03-04,172,308437.0,94.1,1.8,4.2,6.2,13.0,0.0,60.7,68,44,0.015,0.038,0.6,0.003
±¤Áø±¸,2016-03-05,10,308437.0,94.1,1.6,6.4,9.5,12.8,33.0,90.6,23,16,0.008,0.032,0.5,0.004
±¤Áø±¸,2016-03-06,218,308437.0,94.1,2.3,6.7,8.5,9.7,0.0,58.0,84,24,0.016,0.021,0.4,0.003
±¤Áø±¸,2016-03-07,38,308437.0,94.1,1.5,4.8,5.6,9.3,0.0,42.5,103,29,0.006999999999999999,0.040999999999999995,0.6,0.004
±¤Áø±¸,2016-03-08,33,308437.0,94.1,2.6,6.3,8.5,5.0,0.0,36.8,62,21,0.019,0.02,0.4,0.004
±¤Áø±¸,2016-03-09,21,308437.0,94.1,2.8,6.3,10.6,1.9,0.0,40.2,45,18,0.02,0.017,0.4,0.004
±¤Áø±¸,2016-03-10,20,308437.0,94.1,2.2,6.7,8.8,0.7,0.0,37.5,36,16,0.023,0.015,0.4,0.004
±¤Áø±¸,2016-03-11,28,308437.0,94.1,2.4,7.6,9.3,0.9,0.0,43.5,37,21,0.021,0.021,0.5,0.004
±¤Áø±¸,2016-03-12,50,308437.0,94.1,2.1,6.8,8.3,3.2,0.0,58.3,48,25,0.016,0.033,0.6,0.005
±¤Áø±¸,2016-03-13,35,308437.0,94.1,1.1,3.8,5.0,5.0,0.0,68.8,67,44,0.017,0.037000000000000005,0.6,0.004
±¤Áø±¸,2016-03-14,34,308437.0,94.1,1.5,4.8,6.3,6.1,0.0,60.2,73,56,0.021,0.03,0.6,0.004
±¤Áø±¸,2016-03-15,38,308437.0,94.1,2.1,5.8,7.5,6.6,0.0,43.5,65,38,0.011000000000000001,0.052000000000000005,0.7,0.005
±¤Áø±¸,2016-03-16,58,308437.0,94.1,2.0,7.0,8.8,8.8,0.0,48.5,74,45,0.013000000000000001,0.055,0.7,0.005
±¤Áø±¸,2016-03-17,58,308437.0,94.1,1.3,3.9,5.0,9.8,0.0,43.5,87,56,0.005,0.071,0.9,0.006999999999999999
±¤Áø±¸,2016-03-18,153,308437.0,94.1,1.5,4.7,6.7,13.6,0.0,53.6,74,49,0.013999999999999999,0.054000000000000006,0.8,0.005
±¤Áø±¸,2016-03-19,266,308437.0,94.1,2.5,6.5,8.8,12.9,0.0,59.0,79,49,0.022000000000000002,0.034,0.6,0.004
±¤Áø±¸,2016-03-20,279,308437.0,94.1,1.8,5.1,6.3,11.4,0.0,55.4,85,53,0.016,0.040999999999999995,0.7,0.005
±¤Áø±¸,2016-03-21,103,308437.0,94.1,2.0,6.8,9.1,11.2,0.0,56.0,91,60,0.015,0.05,0.8,0.005
±¤Áø±¸,2016-03-22,93,308437.0,94.1,2.4,7.0,9.1,9.4,0.0,56.1,74,52,0.02,0.042,0.6,0.005
±¤Áø±¸,2016-03-23,83,308437.0,94.1,2.3,7.6,10.7,9.3,0.0,53.3,86,60,0.023,0.027999999999999997,0.6,0.005
±¤Áø±¸,2016-03-24,108,308437.0,94.1,2.2,6.3,8.7,8.2,0.0,39.3,38,25,0.03,0.024,0.4,0.004
±¤Áø±¸,2016-03-25,118,308437.0,94.1,2.0,5.5,7.6,8.0,0.0,48.3,65,40,0.024,0.04,0.6,0.004
±¤Áø±¸,2016-03-26,196,308437.0,94.1,2.0,6.6,8.8,7.6,0.0,52.8,68,48,0.025,0.043,0.6,0.004
±¤Áø±¸,2016-03-27,201,308437.0,94.1,2.4,8.1,10.6,8.1,0.0,51.3,69,49,0.036000000000000004,0.037000000000000005,0.7,0.005
±¤Áø±¸,2016-03-28,145,308437.0,94.1,1.7,5.6,7.6,10.3,0.0,48.3,78,53,0.032,0.05,0.7,0.006
±¤Áø±¸,2016-03-29,59,308437.0,94.1,2.4,8.5,12.5,12.7,0.0,57.7,102,65,0.05,0.04,0.7,0.006
±¤Áø±¸,2016-03-30,99,308437.0,94.1,2.1,7.3,9.3,12.7,0.0,53.0,101,61,0.031,0.040999999999999995,0.6,0.005
±¤Áø±¸,2016-03-31,120,308437.0,94.1,1.8,5.7,7.4,14.3,0.0,32.2,54,27,0.018000000000000002,0.051,0.6,0.005
±¤Áø±¸,2016-04-01,214,308216.0,94.1,1.8,6.0,7.8,16.4,0.0,31.8,75,40,0.025,0.057,0.6,0.006
±¤Áø±¸,2016-04-02,356,308216.0,94.1,2.1,7.5,11.2,16.1,0.0,41.9,84,50,0.04,0.05,0.7,0.006
±¤Áø±¸,2016-04-03,38,308216.0,94.1,1.9,6.6,8.8,12.2,2.0,76.2,62,45,0.033,0.027000000000000003,0.6,0.004
±¤Áø±¸,2016-04-04,158,308216.0,94.1,2.0,5.8,8.4,13.1,0.0,48.5,25,12,0.027000000000000003,0.026000000000000002,0.4,0.004
±¤Áø±¸,2016-04-05,164,308216.0,94.1,2.3,7.3,9.9,13.0,0.0,43.5,58,24,0.031,0.037000000000000005,0.5,0.005
±¤Áø±¸,2016-04-06,135,308216.0,94.1,1.5,6.7,9.5,15.3,2.5,43.7,76,44,0.031,0.046,0.6,0.006999999999999999
±¤Áø±¸,2016-04-07,143,308216.0,94.1,2.5,7.3,9.9,15.3,8.0,71.5,44,25,0.038,0.031,0.5,0.004
±¤Áø±¸,2016-04-08,173,308216.0,94.1,2.4,8.0,11.2,12.7,0.0,75.1,76,47,0.031,0.036000000000000004,0.6,0.005
±¤Áø±¸,2016-04-09,158,308216.0,94.1,1.5,4.5,5.8,12.1,0.0,83.3,126,78,0.018000000000000002,0.046,0.9,0.004
±¤Áø±¸,2016-04-10,187,308216.0,94.1,2.1,7.6,9.8,15.1,0.0,73.3,143,88,0.042,0.036000000000000004,0.9,0.005
±¤Áø±¸,2016-04-11,157,308216.0,94.1,2.1,6.0,7.9,13.2,0.0,46.3,39,18,0.038,0.027000000000000003,0.4,0.004
±¤Áø±¸,2016-04-12,131,308216.0,94.1,1.9,5.4,8.3,14.9,0.0,48.4,51,28,0.034,0.033,0.5,0.004
±¤Áø±¸,2016-04-13,261,308216.0,94.1,1.5,5.1,6.5,16.2,0.0,66.7,59,38,0.023,0.044000000000000004,0.6,0.004
±¤Áø±¸,2016-04-14,93,308216.0,94.1,2.3,7.2,9.1,14.4,0.0,74.0,61,38,0.016,0.047,0.6,0.005
±¤Áø±¸,2016-04-15,176,308216.0,94.1,2.2,6.9,9.0,16.2,0.0,49.3,51,28,0.032,0.038,0.6,0.004
±¤Áø±¸,2016-04-16,83,308216.0,94.1,2.4,8.2,10.9,16.0,23.5,59.7,49,26,0.033,0.037000000000000005,0.6,0.004
±¤Áø±¸,2016-04-17,165,308216.0,94.1,4.3,13.0,17.5,12.6,17.0,69.3,40,16,0.046,0.013999999999999999,0.5,0.004
±¤Áø±¸,2016-04-18,82,308216.0,94.1,2.5,9.6,12.4,12.6,2.0,64.2,60,23,0.039,0.024,0.5,0.003
±¤Áø±¸,2016-04-19,133,308216.0,94.1,2.1,7.2,9.1,13.3,0.0,57.1,43,22,0.033,0.031,0.5,0.003
±¤Áø±¸,2016-04-20,65,308216.0,94.1,1.6,5.7,9.2,15.5,0.0,56.4,63,35,0.022000000000000002,0.045,0.6,0.005
±¤Áø±¸,2016-04-21,111,308216.0,94.1,2.0,4.8,5.9,14.4,19.0,87.7,25,15,0.034,0.028999999999999998,0.5,0.004
±¤Áø±¸,2016-04-22,134,308216.0,94.1,2.4,7.3,10.8,15.3,0.0,81.3,77,50,0.040999999999999995,0.03,0.7,0.004
±¤Áø±¸,2016-04-23,150,308216.0,94.1,2.0,6.6,8.8,14.7,0.0,54.3,178,49,0.028999999999999998,0.032,0.5,0.003
±¤Áø±¸,2016-04-24,260,308216.0,94.1,1.7,5.5,7.8,16.4,0.0,40.0,124,25,0.031,0.03,0.5,0.004
±¤Áø±¸,2016-04-25,144,308216.0,94.1,1.9,6.4,8.1,18.3,0.0,40.6,70,24,0.025,0.046,0.6,0.004
±¤Áø±¸,2016-04-26,141,308216.0,94.1,1.9,5.4,7.6,21.4,0.0,40.5,69,28,0.043,0.033,0.5,0.004
±¤Áø±¸,2016-04-27,138,308216.0,94.1,3.2,7.2,10.0,18.3,0.0,34.9,45,13,0.054000000000000006,0.016,0.4,0.004
±¤Áø±¸,2016-04-28,214,308216.0,94.1,1.9,5.6,7.6,18.1,0.0,37.6,51,18,0.042,0.027999999999999997,0.4,0.003
±¤Áø±¸,2016-04-29,204,308216.0,94.1,2.1,7.3,8.7,17.6,0.0,45.6,56,26,0.047,0.027999999999999997,0.5,0.005
±¤Áø±¸,2016-04-30,181,308216.0,94.1,2.1,7.5,10.3,17.4,0.0,50.9,75,42,0.063,0.03,0.6,0.005
±¤Áø±¸,2016-05-01,434,307701.0,94.2,1.8,6.8,9.4,19.7,0.0,43.8,42,21,0.053,0.025,0.6,0.004
±¤Áø±¸,2016-05-02,92,307701.0,94.2,1.7,6.3,9.9,21.9,17.5,64.2,43,23,0.028999999999999998,0.032,0.6,0.004
±¤Áø±¸,2016-05-03,2,307701.0,94.2,3.8,11.1,15.6,14.6,28.0,89.4,19,8,0.035,0.013999999999999999,0.3,0.003
±¤Áø±¸,2016-05-04,116,307701.0,94.2,5.3,13.3,17.4,16.6,0.0,48.8,45,8,0.045,0.017,0.4,0.004
±¤Áø±¸,2016-05-05,326,307701.0,94.2,1.5,5.4,7.0,19.2,5.5,49.9,51,20,0.032,0.034,0.6,0.004
±¤Áø±¸,2016-05-06,51,307701.0,94.2,1.3,5.1,6.5,16.9,8.0,93.4,55,22,0.023,0.033,0.6,0.003
±¤Áø±¸,2016-05-07,297,307701.0,94.2,2.0,6.9,9.6,17.5,0.0,63.0,107,21,0.032,0.026000000000000002,0.5,0.004
±¤Áø±¸,2016-05-08,339,307701.0,94.2,2.0,6.4,8.6,20.1,0.0,50.1,47,14,0.040999999999999995,0.023,0.5,0.004
±¤Áø±¸,2016-05-09,130,307701.0,94.2,1.8,4.8,6.6,21.1,0.0,44.1,54,19,0.038,0.032,0.5,0.003
±¤Áø±¸,2016-05-10,79,307701.0,94.2,2.5,5.8,7.3,15.8,12.5,78.9,28,12,0.045,0.017,0.4,0.003
±¤Áø±¸,2016-05-11,134,307701.0,94.2,2.1,6.3,8.8,17.7,0.0,61.3,27,10,0.039,0.025,0.4,0.004
±¤Áø±¸,2016-05-12,141,307701.0,94.2,2.3,7.5,9.7,19.2,0.0,60.2,29,12,0.03,0.031,0.5,0.004
±¤Áø±¸,2016-05-13,225,307701.0,94.2,2.0,6.2,8.3,19.1,0.0,60.1,40,22,0.042,0.024,0.5,0.004
±¤Áø±¸,2016-05-14,352,307701.0,94.2,2.0,6.8,8.7,21.2,0.0,50.2,31,17,0.036000000000000004,0.027999999999999997,0.5,0.004
±¤Áø±¸,2016-05-15,71,307701.0,94.2,2.4,8.0,10.7,18.9,33.5,71.6,35,24,0.033,0.025,0.6,0.004
±¤Áø±¸,2016-05-16,160,307701.0,94.2,2.9,8.9,13.2,17.0,3.0,57.0,33,16,0.039,0.021,0.5,0.004
±¤Áø±¸,2016-05-17,158,307701.0,94.2,1.7,5.5,7.7,19.9,0.0,51.6,70,42,0.037000000000000005,0.044000000000000004,0.7,0.006
±¤Áø±¸,2016-05-18,189,307701.0,94.2,1.5,4.4,6.2,23.0,0.0,44.5,54,33,0.027999999999999997,0.049,0.6,0.005
±¤Áø±¸,2016-05-19,167,307701.0,94.2,1.5,4.7,6.8,24.9,0.0,41.1,34,17,0.032,0.037000000000000005,0.5,0.004
±¤Áø±¸,2016-05-20,154,307701.0,94.2,1.7,5.4,7.1,25.2,0.0,35.3,43,26,0.037000000000000005,0.039,0.5,0.005
±¤Áø±¸,2016-05-21,247,307701.0,94.2,2.0,5.1,6.9,24.9,0.0,27.7,36,25,0.042,0.028999999999999998,0.4,0.003
±¤Áø±¸,2016-05-22,257,307701.0,94.2,1.8,5.5,6.7,25.2,0.0,40.1,49,37,0.051,0.027000000000000003,0.5,0.003
±¤Áø±¸,2016-05-23,117,307701.0,94.2,1.9,6.5,8.3,24.2,0.0,46.1,63,46,0.043,0.04,0.6,0.004
±¤Áø±¸,2016-05-24,118,307701.0,94.2,1.8,5.8,7.9,18.2,32.0,81.2,35,24,0.045,0.022000000000000002,0.5,0.004
±¤Áø±¸,2016-05-25,188,307701.0,94.2,1.9,5.9,8.1,20.6,0.0,68.8,90,63,0.052000000000000005,0.027000000000000003,0.6,0.006
±¤Áø±¸,2016-05-26,164,307701.0,94.2,1.5,5.1,6.7,20.8,0.0,70.2,121,88,0.035,0.042,0.8,0.005
±¤Áø±¸,2016-05-27,156,307701.0,94.2,1.8,5.5,7.2,21.5,0.0,65.3,100,68,0.035,0.04,0.7,0.005
±¤Áø±¸,2016-05-28,283,307701.0,94.2,2.0,6.8,8.4,23.2,0.0,56.0,78,45,0.035,0.042,0.7,0.005
±¤Áø±¸,2016-05-29,339,307701.0,94.2,1.8,6.9,9.0,22.8,0.0,57.2,76,44,0.04,0.037000000000000005,0.7,0.005
±¤Áø±¸,2016-05-30,132,307701.0,94.2,1.9,6.9,8.6,23.4,0.0,56.9,97,66,0.046,0.037000000000000005,0.7,0.004
±¤Áø±¸,2016-05-31,166,307701.0,94.2,2.3,6.9,8.5,22.7,0.0,64.3,86,57,0.046,0.031,0.7,0.005
±¤Áø±¸,2016-06-01,169,307520.0,94.3,2.4,5.4,8.0,24.1,0.0,48.6,38,20,0.039,0.02,0.5,0.003
±¤Áø±¸,2016-06-02,152,307520.0,94.3,2.2,7.2,8.7,24.3,0.0,40.7,30,13,0.04,0.025,0.3,0.005
±¤Áø±¸,2016-06-03,226,307520.0,94.3,1.9,5.8,8.1,23.6,0.0,47.2,43,24,0.04,0.037000000000000005,0.5,0.005
±¤Áø±¸,2016-06-04,255,307520.0,94.3,1.6,6.2,8.8,22.4,0.0,53.3,50,28,0.027999999999999997,0.045,0.6,0.004
±¤Áø±¸,2016-06-05,275,307520.0,94.3,1.7,4.4,6.6,25.1,0.0,51.8,46,27,0.043,0.03,0.5,0.003
±¤Áø±¸,2016-06-06,281,307520.0,94.3,2.1,6.5,7.7,24.3,0.0,51.3,19,10,0.045,0.017,0.4,0.004
±¤Áø±¸,2016-06-07,160,307520.0,94.3,1.8,5.7,7.2,22.7,0.0,69.2,42,24,0.032,0.034,0.5,0.004
±¤Áø±¸,2016-06-08,173,307520.0,94.3,2.0,6.3,7.9,22.7,0.0,66.8,41,24,0.026000000000000002,0.035,0.4,0.003
±¤Áø±¸,2016-06-09,162,307520.0,94.3,1.8,5.4,7.4,24.7,0.0,62.0,46,26,0.027999999999999997,0.042,0.5,0.003
±¤Áø±¸,2016-06-10,140,307520.0,94.3,2.0,6.0,9.0,25.5,0.0,61.6,60,37,0.035,0.048,0.6,0.005
±¤Áø±¸,2016-06-11,157,307520.0,94.3,1.3,4.8,6.1,24.2,5.5,74.9,56,33,0.024,0.028999999999999998,0.5,0.004
±¤Áø±¸,2016-06-12,259,307520.0,94.3,1.6,4.6,6.2,24.5,0.0,80.7,34,20,0.023,0.02,0.5,0.004
±¤Áø±¸,2016-06-13,135,307520.0,94.3,1.8,4.7,6.1,24.5,0.0,71.5,77,42,0.028999999999999998,0.036000000000000004,0.7,0.004
±¤Áø±¸,2016-06-14,89,307520.0,94.3,1.8,5.5,7.8,24.6,0.0,64.6,57,31,0.034,0.04,0.6,0.005
±¤Áø±¸,2016-06-15,28,307520.0,94.3,1.7,6.8,9.9,21.4,26.0,82.6,41,22,0.023,0.031,0.5,0.003
±¤Áø±¸,2016-06-16,159,307520.0,94.3,2.2,6.9,9.1,21.7,0.0,74.9,32,16,0.042,0.021,0.4,0.004
±¤Áø±¸,2016-06-17,165,307520.0,94.3,1.6,5.9,7.4,24.3,0.0,66.5,59,36,0.052000000000000005,0.028999999999999998,0.6,0.004
±¤Áø±¸,2016-06-18,294,307520.0,94.3,1.7,6.5,8.6,25.5,0.0,60.0,66,44,0.045,0.038,0.7,0.005
±¤Áø±¸,2016-06-19,255,307520.0,94.3,2.0,7.3,9.5,24.8,0.0,65.5,44,27,0.035,0.028999999999999998,0.5,0.004
±¤Áø±¸,2016-06-20,185,307520.0,94.3,1.7,4.7,5.6,25.4,0.0,66.3,55,34,0.040999999999999995,0.034,0.6,0.004
±¤Áø±¸,2016-06-21,160,307520.0,94.3,1.5,5.3,6.7,26.8,0.0,64.1,66,43,0.046,0.048,0.7,0.005
±¤Áø±¸,2016-06-22,107,307520.0,94.3,1.9,6.0,9.3,25.3,9.5,76.5,80,50,0.037000000000000005,0.039,0.7,0.003
±¤Áø±¸,2016-06-23,199,307520.0,94.3,1.8,5.9,7.9,25.3,0.0,72.5,45,28,0.036000000000000004,0.03,0.5,0.004
±¤Áø±¸,2016-06-24,110,307520.0,94.3,2.0,6.1,8.4,24.0,3.0,77.9,82,47,0.027999999999999997,0.034,0.5,0.004
±¤Áø±¸,2016-06-25,208,307520.0,94.3,2.5,7.3,10.9,23.6,0.0,65.6,35,18,0.037000000000000005,0.026000000000000002,0.5,0.003
±¤Áø±¸,2016-06-26,285,307520.0,94.3,2.3,6.9,9.0,25.4,0.0,60.1,35,19,0.037000000000000005,0.024,0.4,0.005
±¤Áø±¸,2016-06-27,229,307520.0,94.3,1.6,4.2,5.7,25.3,0.0,59.7,35,20,0.031,0.037000000000000005,0.5,0.005
±¤Áø±¸,2016-06-28,198,307520.0,94.3,1.7,5.0,6.5,25.7,0.0,60.5,70,47,0.038,0.040999999999999995,0.6,0.004
±¤Áø±¸,2016-06-29,205,307520.0,94.3,2.0,6.0,7.4,26.2,0.0,59.5,36,25,0.036000000000000004,0.035,0.5,0.003
±¤Áø±¸,2016-06-30,132,307520.0,94.3,1.7,6.0,8.3,25.4,0.5,79.9,37,26,0.027000000000000003,0.025,0.5,0.004
±¤Áø±¸,2016-07-01,43,307168.0,94.4,1.6,8.1,12.4,24.8,110.0,88.6,26,15,0.015,0.03,0.5,0.004
±¤Áø±¸,2016-07-02,231,307168.0,94.4,1.7,5.5,7.4,24.3,5.0,82.2,16,9,0.027000000000000003,0.022000000000000002,0.4,0.003
±¤Áø±¸,2016-07-03,255,307168.0,94.4,1.4,4.1,5.2,24.5,0.0,72.0,42,31,0.037000000000000005,0.022000000000000002,0.5,0.003
±¤Áø±¸,2016-07-04,46,307168.0,94.4,2.4,7.0,8.9,22.2,33.5,86.9,23,16,0.022000000000000002,0.021,0.5,0.003
±¤Áø±¸,2016-07-05,11,307168.0,94.4,1.9,6.2,9.0,23.1,104.0,97.4,16,10,0.01,0.022000000000000002,0.4,0.005
±¤Áø±¸,2016-07-06,160,307168.0,94.4,1.4,4.6,5.6,23.9,0.0,77.4,20,10,0.021,0.028999999999999998,0.5,0.004
±¤Áø±¸,2016-07-07,169,307168.0,94.4,1.3,3.4,4.3,24.8,0.0,74.1,50,33,0.022000000000000002,0.047,0.7,0.004
±¤Áø±¸,2016-07-08,180,307168.0,94.4,1.4,4.1,5.1,27.8,0.0,67.9,69,43,0.036000000000000004,0.034,0.6,0.003
±¤Áø±¸,2016-07-09,196,307168.0,94.4,1.8,6.4,7.7,28.8,0.0,67.3,39,22,0.024,0.032,0.6,0.004
±¤Áø±¸,2016-07-10,199,307168.0,94.4,1.5,5.1,7.0,29.0,0.0,67.0,39,25,0.028999999999999998,0.037000000000000005,0.6,0.005
±¤Áø±¸,2016-07-11,118,307168.0,94.4,1.3,4.5,7.0,29.2,6.5,70.2,62,44,0.042,0.037000000000000005,0.7,0.004
±¤Áø±¸,2016-07-12,162,307168.0,94.4,1.8,5.3,7.8,26.8,0.5,73.9,54,40,0.025,0.037000000000000005,0.6,0.005
±¤Áø±¸,2016-07-13,183,307168.0,94.4,1.9,5.3,7.1,27.1,0.0,69.2,36,19,0.012,0.033,0.5,0.005
±¤Áø±¸,2016-07-14,202,307168.0,94.4,2.0,6.0,8.1,27.9,1.0,68.8,28,17,0.025,0.025,0.4,0.004
±¤Áø±¸,2016-07-15,138,307168.0,94.4,2.2,5.1,7.0,26.9,0.5,61.3,17,7,0.021,0.022000000000000002,0.4,0.003
±¤Áø±¸,2016-07-16,31,307168.0,94.4,2.9,7.2,9.6,21.4,39.5,92.2,9,2,0.017,0.017,0.5,0.004
±¤Áø±¸,2016-07-17,222,307168.0,94.4,1.4,4.4,7.6,22.4,2.0,86.1,16,7,0.019,0.018000000000000002,0.5,0.004
±¤Áø±¸,2016-07-18,295,307168.0,94.4,1.3,4.2,5.3,24.6,0.0,77.0,33,18,0.013999999999999999,0.032,0.6,0.003
±¤Áø±¸,2016-07-19,246,307168.0,94.4,1.8,4.7,6.1,27.2,0.0,70.4,37,19,0.03,0.031,0.6,0.003
±¤Áø±¸,2016-07-20,236,307168.0,94.4,2.1,4.8,6.9,28.9,0.0,65.5,36,21,0.037000000000000005,0.024,0.5,0.004
±¤Áø±¸,2016-07-21,235,307168.0,94.4,2.1,4.5,6.4,28.4,0.0,66.1,30,18,0.032,0.027999999999999997,0.5,0.004
±¤Áø±¸,2016-07-22,273,307168.0,94.4,1.9,5.4,8.1,29.8,0.0,65.4,32,21,0.035,0.027999999999999997,0.5,0.004
±¤Áø±¸,2016-07-23,252,307168.0,94.4,1.5,4.4,6.1,29.4,0.0,72.2,42,27,0.025,0.033,0.5,0.004
±¤Áø±¸,2016-07-24,298,307168.0,94.4,1.3,4.0,5.1,28.7,1.0,80.6,52,33,0.015,0.025,0.5,0.004
±¤Áø±¸,2016-07-25,318,307168.0,94.4,1.3,4.4,5.7,29.1,0.0,77.4,60,39,0.018000000000000002,0.027999999999999997,0.5,0.004
±¤Áø±¸,2016-07-26,345,307168.0,94.4,1.9,7.1,8.7,29.0,0.0,72.3,47,29,0.012,0.025,0.5,0.004
±¤Áø±¸,2016-07-27,247,307168.0,94.4,1.3,4.9,8.7,28.4,1.0,77.8,46,29,0.013000000000000001,0.024,0.6,0.003
±¤Áø±¸,2016-07-28,325,307168.0,94.4,2.1,7.2,9.5,28.8,0.0,72.7,66,46,0.033,0.026000000000000002,0.7,0.003
±¤Áø±¸,2016-07-29,242,307168.0,94.4,1.5,4.7,6.2,26.7,40.0,85.9,61,37,0.018000000000000002,0.039,0.9,0.003
±¤Áø±¸,2016-07-30,371,307168.0,94.4,1.3,4.7,6.2,29.5,2.0,76.8,55,39,0.028999999999999998,0.027000000000000003,0.7,0.004
±¤Áø±¸,2016-07-31,410,307168.0,94.4,1.9,6.6,9.0,29.7,0.0,73.8,50,32,0.019,0.024,0.6,0.004
±¤Áø±¸,2016-08-01,371,306904.0,94.6,1.8,5.8,7.2,28.6,0.0,74.3,41,26,0.018000000000000002,0.028999999999999998,0.6,0.005
±¤Áø±¸,2016-08-02,432,306904.0,94.6,1.5,6.4,8.8,28.1,0.0,74.3,30,17,0.013000000000000001,0.027999999999999997,0.6,0.004
±¤Áø±¸,2016-08-03,400,306904.0,94.6,1.6,3.8,4.8,29.6,0.0,67.9,29,16,0.027000000000000003,0.028999999999999998,0.6,0.004
±¤Áø±¸,2016-08-04,354,306904.0,94.6,1.9,4.8,6.2,31.3,0.0,64.1,31,17,0.026000000000000002,0.026000000000000002,0.6,0.004
±¤Áø±¸,2016-08-05,354,306904.0,94.6,1.8,4.5,6.1,31.9,0.0,60.3,36,21,0.033,0.033,0.7,0.003
±¤Áø±¸,2016-08-06,352,306904.0,94.6,1.7,4.3,6.1,31.4,0.0,66.5,59,28,0.05,0.034,0.9,0.004
±¤Áø±¸,2016-08-07,410,306904.0,94.6,1.9,5.6,7.1,31.7,0.0,60.2,36,23,0.038,0.027000000000000003,0.7,0.004
±¤Áø±¸,2016-08-08,393,306904.0,94.6,1.8,4.8,6.5,31.1,0.0,66.1,45,22,0.026000000000000002,0.033,0.7,0.004
±¤Áø±¸,2016-08-09,358,306904.0,94.6,1.9,5.7,7.9,30.1,0.0,68.5,32,21,0.034,0.03,0.7,0.003
±¤Áø±¸,2016-08-10,459,306904.0,94.6,1.8,5.8,8.0,30.6,0.0,68.6,99,62,0.036000000000000004,0.039,0.8,0.004
±¤Áø±¸,2016-08-11,426,306904.0,94.6,1.6,4.3,6.0,31.4,0.0,64.3,33,18,0.026000000000000002,0.033,0.7,0.005
±¤Áø±¸,2016-08-12,383,306904.0,94.6,1.8,5.3,7.1,31.3,0.0,68.6,44,26,0.021,0.033,0.7,0.004
±¤Áø±¸,2016-08-13,384,306904.0,94.6,2.3,6.4,8.0,31.0,0.0,69.8,41,25,0.02,0.022000000000000002,0.6,0.004
±¤Áø±¸,2016-08-14,402,306904.0,94.6,1.5,4.3,6.4,29.5,3.0,78.6,44,28,0.016,0.019,0.6,0.003
±¤Áø±¸,2016-08-15,472,306904.0,94.6,1.8,5.1,6.4,30.1,0.0,68.6,40,24,0.027000000000000003,0.023,0.7,0.004
±¤Áø±¸,2016-08-16,448,306904.0,94.6,1.6,5.3,7.1,30.5,0.0,65.4,44,29,0.035,0.035,0.8,0.005
±¤Áø±¸,2016-08-17,452,306904.0,94.6,1.7,4.3,6.0,30.4,0.0,64.1,37,24,0.036000000000000004,0.031,0.6,0.005
±¤Áø±¸,2016-08-18,436,306904.0,94.6,1.5,4.4,6.3,29.4,9.5,70.6,51,35,0.043,0.035,0.8,0.003
±¤Áø±¸,2016-08-19,403,306904.0,94.6,1.6,3.7,5.2,29.6,1.5,73.7,59,42,0.038,0.034,0.8,0.004
±¤Áø±¸,2016-08-20,439,306904.0,94.6,2.1,4.1,5.5,30.6,0.0,63.6,28,18,0.038,0.02,0.6,0.004
±¤Áø±¸,2016-08-21,444,306904.0,94.6,2.0,4.4,5.6,30.8,0.0,61.5,23,14,0.039,0.019,0.6,0.003
±¤Áø±¸,2016-08-22,443,306904.0,94.6,1.8,5.0,6.0,30.5,0.0,63.7,25,16,0.038,0.025,0.6,0.004
±¤Áø±¸,2016-08-23,366,306904.0,94.6,2.0,4.7,6.5,29.3,0.5,67.9,39,22,0.03,0.034,0.7,0.004
±¤Áø±¸,2016-08-24,460,306904.0,94.6,1.7,4.4,5.6,29.9,0.0,62.8,46,24,0.03,0.036000000000000004,0.7,0.004
±¤Áø±¸,2016-08-25,303,306904.0,94.6,1.9,5.9,8.1,28.0,5.0,71.7,36,20,0.022000000000000002,0.03,0.6,0.004
±¤Áø±¸,2016-08-26,696,306904.0,94.6,3.3,9.2,12.8,23.5,20.5,63.2,12,4,0.027000000000000003,0.015,0.5,0.003
±¤Áø±¸,2016-08-27,961,306904.0,94.6,2.8,6.7,9.6,23.5,0.0,48.3,12,2,0.027999999999999997,0.013000000000000001,0.4,0.004
±¤Áø±¸,2016-08-28,541,306904.0,94.6,2.9,7.3,9.5,21.2,4.5,68.1,8,2,0.023,0.009000000000000001,0.5,0.005
±¤Áø±¸,2016-08-29,955,306904.0,94.6,2.6,7.0,8.7,22.4,0.0,59.1,15,4,0.019,0.02,0.5,0.004
±¤Áø±¸,2016-08-30,685,306904.0,94.6,2.2,5.8,8.2,21.5,0.0,65.6,24,6,0.019,0.019,0.5,0.005
±¤Áø±¸,2016-08-31,184,306904.0,94.6,3.5,8.9,11.9,18.6,16.5,86.1,18,5,0.016,0.023,0.6,0.005
±¤Áø±¸,2016-09-01,619,306633.0,94.9,1.5,6.8,11.4,23.8,0.0,74.3,60,35,0.038,0.035,0.9,0.004
±¤Áø±¸,2016-09-02,706,306633.0,94.9,2.8,7.8,9.9,24.5,7.0,73.1,32,22,0.04,0.021,0.5,0.004
±¤Áø±¸,2016-09-03,886,306633.0,94.9,1.6,5.0,6.5,24.4,1.0,77.1,20,10,0.027999999999999997,0.027999999999999997,0.7,0.003
±¤Áø±¸,2016-09-04,1010,306633.0,94.9,1.8,4.2,5.6,26.1,0.0,75.6,18,8,0.024,0.018000000000000002,0.7,0.003
±¤Áø±¸,2016-09-05,699,306633.0,94.9,1.6,4.7,6.4,27.1,0.0,69.1,28,15,0.024,0.028999999999999998,0.7,0.003
±¤Áø±¸,2016-09-06,680,306633.0,94.9,1.6,5.3,7.1,25.6,0.0,71.6,56,37,0.023,0.040999999999999995,0.9,0.004
±¤Áø±¸,2016-09-07,536,306633.0,94.9,1.6,5.5,7.1,25.1,1.0,74.1,74,56,0.024,0.042,0.9,0.004
±¤Áø±¸,2016-09-08,542,306633.0,94.9,1.4,4.6,6.7,23.9,3.0,77.6,46,31,0.019,0.043,0.8,0.004
±¤Áø±¸,2016-09-09,669,306633.0,94.9,1.5,4.8,6.2,24.3,1.0,74.5,35,22,0.024,0.027999999999999997,0.7,0.003
±¤Áø±¸,2016-09-10,1007,306633.0,94.9,1.9,4.9,6.5,24.7,0.0,70.1,35,24,0.033,0.026000000000000002,0.7,0.004
±¤Áø±¸,2016-09-11,1059,306633.0,94.9,1.7,4.5,5.8,25.0,0.0,70.2,35,26,0.037000000000000005,0.02,0.7,0.003
±¤Áø±¸,2016-09-12,695,306633.0,94.9,2.1,7.4,9.4,24.1,3.0,74.3,26,14,0.023,0.019,0.6,0.003
±¤Áø±¸,2016-09-13,634,306633.0,94.9,1.8,4.3,5.9,24.7,0.0,67.3,13,7,0.024,0.021,0.5,0.003
±¤Áø±¸,2016-09-14,591,306633.0,94.9,1.8,4.7,5.8,25.3,0.0,67.4,27,19,0.033,0.023,0.6,0.003
±¤Áø±¸,2016-09-15,688,306633.0,94.9,1.5,4.1,5.1,24.2,0.0,72.0,39,27,0.026000000000000002,0.026000000000000002,0.7,0.003
±¤Áø±¸,2016-09-16,1006,306633.0,94.9,1.4,3.9,5.1,25.1,0.0,68.4,48,37,0.036000000000000004,0.024,0.7,0.006
±¤Áø±¸,2016-09-17,1131,306633.0,94.9,2.5,6.2,9.4,23.6,8.5,69.5,28,19,0.036000000000000004,0.013000000000000001,0.6,0.003
±¤Áø±¸,2016-09-18,1191,306633.0,94.9,2.9,6.8,8.3,23.7,0.0,58.9,20,9,0.036000000000000004,0.008,0.5,0.003
±¤Áø±¸,2016-09-19,860,306633.0,94.9,3.2,7.5,11.4,22.2,0.0,58.5,12,1,0.027000000000000003,0.012,0.4,0.003
±¤Áø±¸,2016-09-20,874,306633.0,94.9,2.9,7.5,9.3,21.1,0.0,47.0,15,7,0.028999999999999998,0.019,0.3,0.004
±¤Áø±¸,2016-09-21,847,306633.0,94.9,2.0,4.3,5.7,20.4,0.0,49.8,28,18,0.024,0.02,0.3,0.004
±¤Áø±¸,2016-09-22,880,306633.0,94.9,1.6,3.6,4.8,21.8,0.0,52.8,39,25,0.022000000000000002,0.047,0.7,0.003
±¤Áø±¸,2016-09-23,931,306633.0,94.9,1.7,3.6,4.7,21.8,0.0,61.1,44,30,0.031,0.036000000000000004,0.7,0.003
±¤Áø±¸,2016-09-24,1362,306633.0,94.9,1.7,5.4,7.3,22.6,0.0,63.2,54,38,0.045,0.036000000000000004,0.8,0.004
±¤Áø±¸,2016-09-25,1128,306633.0,94.9,1.4,4.6,5.9,23.4,0.0,63.6,52,37,0.034,0.04,0.8,0.004
±¤Áø±¸,2016-09-26,942,306633.0,94.9,1.8,5.2,6.9,23.9,0.0,64.7,42,30,0.023,0.037000000000000005,0.8,0.004
±¤Áø±¸,2016-09-27,257,306633.0,94.9,1.5,4.7,6.2,21.3,14.0,84.0,32,20,0.011000000000000001,0.035,0.8,0.004
±¤Áø±¸,2016-09-28,719,306633.0,94.9,1.3,3.4,4.3,20.8,0.5,86.7,34,20,0.01,0.033,0.7,0.005
±¤Áø±¸,2016-09-29,818,306633.0,94.9,2.8,5.6,8.7,20.8,0.0,66.6,11,2,0.019,0.015,0.4,0.004
±¤Áø±¸,2016-09-30,972,306633.0,94.9,1.4,3.4,4.1,21.2,0.0,68.3,26,12,0.012,0.032,0.5,0.004
±¤Áø±¸,2016-10-01,1214,306117.0,95.3,1.5,3.5,5.2,21.5,0.0,73.2,40,21,0.015,0.035,0.6,0.004
±¤Áø±¸,2016-10-02,233,306117.0,95.3,1.9,5.1,6.8,19.5,13.0,85.8,26,14,0.013999999999999999,0.024,0.5,0.004
±¤Áø±¸,2016-10-03,1187,306117.0,95.3,1.5,7.8,11.0,23.9,6.5,75.4,16,6,0.023,0.021,0.5,0.005
±¤Áø±¸,2016-10-04,912,306117.0,95.3,2.5,6.3,7.9,22.3,0.0,65.0,26,12,0.021,0.022000000000000002,0.4,0.002
±¤Áø±¸,2016-10-05,866,306117.0,95.3,2.4,5.6,8.4,21.9,0.0,64.9,25,8,0.027999999999999997,0.019,0.5,0.003
±¤Áø±¸,2016-10-06,875,306117.0,95.3,1.6,4.2,5.1,19.3,0.0,62.4,39,18,0.024,0.027000000000000003,0.5,0.005
±¤Áø±¸,2016-10-07,470,306117.0,95.3,2.2,5.4,8.3,20.2,1.0,70.1,23,9,0.02,0.023,0.4,0.004
±¤Áø±¸,2016-10-08,856,306117.0,95.3,2.5,7.3,11.8,17.9,6.0,69.7,19,7,0.031,0.016,0.4,0.004
±¤Áø±¸,2016-10-09,821,306117.0,95.3,2.1,4.8,6.7,12.4,0.0,48.4,17,5,0.028999999999999998,0.011000000000000001,0.3,0.004
±¤Áø±¸,2016-10-10,749,306117.0,95.3,1.7,4.2,5.6,14.4,0.0,45.7,24,5,0.018000000000000002,0.027999999999999997,0.4,0.004
±¤Áø±¸,2016-10-11,787,306117.0,95.3,1.8,5.1,7.2,15.7,0.0,62.9,42,19,0.015,0.043,0.5,0.005
±¤Áø±¸,2016-10-12,711,306117.0,95.3,1.5,6.7,7.9,16.6,0.0,61.5,55,31,0.027000000000000003,0.027999999999999997,0.5,0.004
±¤Áø±¸,2016-10-13,752,306117.0,95.3,1.6,4.9,5.9,15.8,0.0,47.1,41,20,0.013000000000000001,0.042,0.5,0.005
±¤Áø±¸,2016-10-14,773,306117.0,95.3,1.3,3.4,4.4,17.0,0.0,63.9,68,44,0.012,0.055999999999999994,0.7,0.005
±¤Áø±¸,2016-10-15,972,306117.0,95.3,1.5,3.4,5.4,19.1,0.0,65.8,75,54,0.019,0.047,0.7,0.005
±¤Áø±¸,2016-10-16,332,306117.0,95.3,1.4,3.2,4.0,17.9,1.0,76.0,51,37,0.015,0.033,0.6,0.003
±¤Áø±¸,2016-10-17,784,306117.0,95.3,1.4,4.1,6.4,18.1,0.0,78.3,48,32,0.018000000000000002,0.035,0.5,0.004
±¤Áø±¸,2016-10-18,765,306117.0,95.3,1.3,3.4,4.8,17.5,0.0,75.3,53,29,0.013000000000000001,0.044000000000000004,0.7,0.004
±¤Áø±¸,2016-10-19,816,306117.0,95.3,1.6,4.4,6.0,18.7,0.0,70.2,63,37,0.021,0.05,0.7,0.006
±¤Áø±¸,2016-10-20,851,306117.0,95.3,1.8,5.4,8.5,18.8,0.0,67.1,67,44,0.026000000000000002,0.043,0.6,0.004
±¤Áø±¸,2016-10-21,841,306117.0,95.3,2.3,5.2,7.0,18.4,0.0,62.7,20,7,0.026000000000000002,0.021,0.4,0.003
±¤Áø±¸,2016-10-22,945,306117.0,95.3,1.8,3.8,4.8,18.8,0.0,63.1,27,13,0.025,0.024,0.4,0.003
±¤Áø±¸,2016-10-23,297,306117.0,95.3,3.2,8.3,12.1,14.5,2.0,68.1,10,2,0.027999999999999997,0.013000000000000001,0.3,0.003
±¤Áø±¸,2016-10-24,735,306117.0,95.3,2.0,4.3,6.3,15.0,0.0,59.9,16,3,0.023,0.021,0.4,0.004
±¤Áø±¸,2016-10-25,420,306117.0,95.3,1.7,4.7,6.3,14.7,39.0,85.2,16,5,0.013000000000000001,0.028999999999999998,0.5,0.004
±¤Áø±¸,2016-10-26,602,306117.0,95.3,1.2,3.0,3.7,13.9,0.0,86.0,38,19,0.006,0.037000000000000005,0.7,0.004
±¤Áø±¸,2016-10-27,782,306117.0,95.3,1.6,4.3,5.2,15.1,0.0,72.0,42,21,0.01,0.032,0.6,0.004
±¤Áø±¸,2016-10-28,668,306117.0,95.3,1.7,4.4,6.7,16.0,0.0,65.8,33,13,0.019,0.026000000000000002,0.4,0.004
±¤Áø±¸,2016-10-29,412,306117.0,95.3,1.9,5.9,7.8,10.0,0.0,44.2,34,13,0.025,0.02,0.4,0.004
±¤Áø±¸,2016-10-30,493,306117.0,95.3,1.3,3.4,4.4,8.6,0.0,34.4,25,8,0.015,0.03,0.4,0.004
±¤Áø±¸,2016-10-31,306,306117.0,95.3,1.8,5.6,7.5,7.3,0.0,59.1,30,14,0.011000000000000001,0.035,0.5,0.005
±¤Áø±¸,2016-11-01,370,305632.0,95.8,1.9,5.0,7.5,3.3,0.0,43.0,23,9,0.023,0.022000000000000002,0.3,0.003
±¤Áø±¸,2016-11-02,341,305632.0,95.8,1.5,5.7,6.9,4.9,0.0,52.9,38,18,0.011000000000000001,0.04,0.5,0.005
±¤Áø±¸,2016-11-03,468,305632.0,95.8,1.5,5.9,7.6,9.5,0.5,68.2,43,26,0.012,0.047,0.6,0.005
±¤Áø±¸,2016-11-04,504,305632.0,95.8,1.3,5.0,7.0,13.1,0.0,68.1,59,36,0.026000000000000002,0.043,0.6,0.005
±¤Áø±¸,2016-11-05,548,305632.0,95.8,1.1,6.0,7.9,15.8,0.0,77.8,77,49,0.033,0.044000000000000004,0.7,0.004
±¤Áø±¸,2016-11-06,605,305632.0,95.8,3.0,6.4,8.2,14.7,0.0,63.7,32,19,0.024,0.025,0.4,0.003
±¤Áø±¸,2016-11-07,321,305632.0,95.8,2.1,5.5,7.4,14.0,4.5,70.2,33,22,0.02,0.028999999999999998,0.5,0.003
±¤Áø±¸,2016-11-08,329,305632.0,95.8,2.3,5.3,7.1,6.2,0.0,61.4,62,57,0.028999999999999998,0.019,0.5,0.003
±¤Áø±¸,2016-11-09,333,305632.0,95.8,2.0,5.6,6.8,3.6,0.0,43.0,42,31,0.015,0.033,0.5,0.004
±¤Áø±¸,2016-11-10,318,305632.0,95.8,1.6,4.4,5.2,6.5,1.0,59.9,37,26,0.006,0.04,0.5,0.005
±¤Áø±¸,2016-11-11,394,305632.0,95.8,2.0,7.3,10.4,10.3,8.0,66.9,45,20,0.013999999999999999,0.037000000000000005,0.6,0.004
±¤Áø±¸,2016-11-12,483,305632.0,95.8,1.3,5.5,7.2,12.0,0.0,64.9,70,31,0.016,0.042,0.6,0.005
±¤Áø±¸,2016-11-13,586,305632.0,95.8,1.3,3.5,4.8,15.1,0.0,76.4,63,31,0.013999999999999999,0.042,0.6,0.004
±¤Áø±¸,2016-11-14,335,305632.0,95.8,1.0,2.7,4.2,14.4,2.0,83.7,55,31,0.006,0.049,0.7,0.005
±¤Áø±¸,2016-11-15,401,305632.0,95.8,1.9,4.8,6.2,8.0,0.0,45.3,58,21,0.021,0.026000000000000002,0.4,0.004
±¤Áø±¸,2016-11-16,440,305632.0,95.8,1.2,2.9,3.4,6.4,0.0,48.1,57,34,0.006999999999999999,0.046,0.7,0.005
±¤Áø±¸,2016-11-17,393,305632.0,95.8,1.2,3.3,4.0,9.7,0.0,57.4,75,47,0.006,0.054000000000000006,0.8,0.005
±¤Áø±¸,2016-11-18,330,305632.0,95.8,1.5,3.5,4.4,10.7,0.0,63.7,88,63,0.008,0.052000000000000005,0.8,0.005
±¤Áø±¸,2016-11-19,488,305632.0,95.8,2.0,5.7,7.4,13.7,0.0,70.7,57,39,0.012,0.043,0.6,0.005
±¤Áø±¸,2016-11-20,448,305632.0,95.8,2.0,5.8,7.6,11.9,0.0,52.3,42,25,0.022000000000000002,0.027000000000000003,0.6,0.004
±¤Áø±¸,2016-11-21,420,305632.0,95.8,1.7,4.2,6.3,10.7,0.0,46.1,56,30,0.009000000000000001,0.042,0.6,0.004
±¤Áø±¸,2016-11-22,323,305632.0,95.8,2.5,6.6,8.5,4.8,0.0,44.9,43,20,0.02,0.023,0.5,0.004
±¤Áø±¸,2016-11-23,256,305632.0,95.8,2.1,4.7,6.0,0.3,0.0,37.2,39,16,0.017,0.024,0.4,0.004
±¤Áø±¸,2016-11-24,252,305632.0,95.8,1.9,6.5,7.9,-0.6,0.0,38.4,26,11,0.022000000000000002,0.023,0.4,0.005
±¤Áø±¸,2016-11-25,279,305632.0,95.8,1.4,4.1,5.8,1.8,0.0,45.3,42,27,0.009000000000000001,0.044000000000000004,0.6,0.005
±¤Áø±¸,2016-11-26,118,305632.0,95.8,1.6,3.4,4.3,1.6,1.0,70.5,54,44,0.004,0.045,0.7,0.004
±¤Áø±¸,2016-11-27,173,305632.0,95.8,1.2,2.9,3.4,4.2,0.0,83.3,70,62,0.005,0.040999999999999995,0.7,0.005
±¤Áø±¸,2016-11-28,248,305632.0,95.8,1.7,5.6,8.4,3.3,0.0,58.8,83,53,0.015,0.034,0.7,0.004
±¤Áø±¸,2016-11-29,287,305632.0,95.8,1.2,3.2,4.1,3.0,0.0,45.9,38,25,0.01,0.040999999999999995,0.6,0.005
±¤Áø±¸,2016-11-30,251,305632.0,95.8,1.2,3.8,5.3,6.6,0.5,60.8,44,30,0.004,0.049,0.7,0.006
±¤Áø±¸,2016-12-01,287,305103.0,96.1,2.3,7.0,10.7,6.2,0.0,51.2,50,31,0.023,0.025,0.5,0.003
±¤Áø±¸,2016-12-02,286,305103.0,96.1,1.5,4.6,6.9,3.0,0.0,48.3,38,20,0.011000000000000001,0.04,0.6,0.005
±¤Áø±¸,2016-12-03,293,305103.0,96.1,1.3,3.8,4.8,5.2,0.0,61.0,53,36,0.006999999999999999,0.05,0.8,0.005
±¤Áø±¸,2016-12-04,244,305103.0,96.1,1.1,3.0,3.4,6.2,0.0,66.2,82,69,0.004,0.059000000000000004,1.0,0.005
±¤Áø±¸,2016-12-05,241,305103.0,96.1,2.3,6.4,9.9,7.3,2.0,71.2,87,74,0.015,0.040999999999999995,0.8,0.006
±¤Áø±¸,2016-12-06,257,305103.0,96.1,2.0,5.2,7.6,0.6,0.0,40.5,28,14,0.016,0.028999999999999998,0.5,0.005
±¤Áø±¸,2016-12-07,250,305103.0,96.1,1.5,3.9,5.1,2.9,0.0,58.7,53,34,0.006,0.049,0.6,0.005
±¤Áø±¸,2016-12-08,228,305103.0,96.1,1.5,3.7,5.3,2.8,3.0,75.2,72,57,0.004,0.051,0.8,0.006
±¤Áø±¸,2016-12-09,233,305103.0,96.1,2.3,6.8,8.0,3.3,4.0,67.8,36,29,0.017,0.03,0.5,0.004
±¤Áø±¸,2016-12-10,187,305103.0,96.1,1.7,4.8,5.6,-0.1,0.0,52.4,35,24,0.016,0.032,0.5,0.004
±¤Áø±¸,2016-12-11,184,305103.0,96.1,1.4,3.8,5.0,0.2,0.0,46.1,33,23,0.016,0.032,0.6,0.005
±¤Áø±¸,2016-12-12,253,305103.0,96.1,1.8,3.7,4.4,2.7,0.0,45.4,43,30,0.005,0.042,0.6,0.006
±¤Áø±¸,2016-12-13,273,305103.0,96.1,1.6,5.6,6.9,4.8,0.0,55.5,58,46,0.008,0.046,0.8,0.006
±¤Áø±¸,2016-12-14,219,305103.0,96.1,1.6,3.8,5.8,0.9,0.0,73.3,54,39,0.006,0.037000000000000005,0.7,0.005
±¤Áø±¸,2016-12-15,208,305103.0,96.1,2.3,6.4,9.1,-2.7,0.0,44.4,36,19,0.019,0.024,0.5,0.005
±¤Áø±¸,2016-12-16,195,305103.0,96.1,2.0,7.3,9.1,-3.4,0.0,41.0,34,17,0.016,0.032,0.5,0.005
±¤Áø±¸,2016-12-17,175,305103.0,96.1,1.3,2.6,3.3,3.0,0.0,60.5,53,37,0.005,0.048,0.7,0.006
±¤Áø±¸,2016-12-18,188,305103.0,96.1,1.3,3.7,4.8,5.7,0.0,71.7,53,42,0.006,0.046,0.8,0.004
±¤Áø±¸,2016-12-19,270,305103.0,96.1,1.8,3.9,4.9,8.0,0.0,70.3,33,23,0.011000000000000001,0.035,0.5,0.005
±¤Áø±¸,2016-12-20,347,305103.0,96.1,1.2,3.3,3.9,8.6,0.0,73.1,48,35,0.006999999999999999,0.045,0.8,0.005
±¤Áø±¸,2016-12-21,140,305103.0,96.1,2.1,4.7,6.8,8.2,31.0,78.5,34,23,0.01,0.033,0.6,0.004
±¤Áø±¸,2016-12-22,63,305103.0,96.1,2.9,6.5,9.4,7.2,22.5,92.3,27,21,0.012,0.031,0.6,0.003
±¤Áø±¸,2016-12-23,181,305103.0,96.1,3.0,6.6,9.8,-0.6,0.0,70.4,52,43,0.019,0.02,0.5,0.003
±¤Áø±¸,2016-12-24,149,305103.0,96.1,1.8,5.0,5.4,-0.9,0.0,66.3,64,58,0.013000000000000001,0.025,0.7,0.004
±¤Áø±¸,2016-12-25,118,305103.0,96.1,1.5,3.0,4.0,1.7,0.0,73.9,49,43,0.01,0.027999999999999997,0.7,0.003
±¤Áø±¸,2016-12-26,169,305103.0,96.1,1.4,4.3,5.7,3.8,0.0,76.5,39,30,0.006,0.039,0.7,0.004
±¤Áø±¸,2016-12-27,189,305103.0,96.1,2.4,7.0,8.2,-0.0,0.0,58.6,41,30,0.022000000000000002,0.02,0.5,0.004
±¤Áø±¸,2016-12-28,182,305103.0,96.1,1.7,4.9,7.1,-2.4,0.0,48.7,44,29,0.012,0.036000000000000004,0.6,0.005
±¤Áø±¸,2016-12-29,168,305103.0,96.1,2.1,6.1,8.4,-2.6,0.0,53.5,35,16,0.015,0.028999999999999998,0.5,0.005
±¤Áø±¸,2016-12-30,179,305103.0,96.1,1.4,3.8,4.7,-2.6,0.0,51.1,43,28,0.009000000000000001,0.04,0.7,0.006999999999999999
±¤Áø±¸,2016-12-31,147,305103.0,96.1,1.2,2.6,3.3,1.4,0.0,66.6,57,46,0.005,0.047,0.8,0.005
±¤Áø±¸,2017-01-01,160,305088.0,96.1,1.2,2.7,3.7,3.5,0.0,77.3,80,71,0.005,0.045,0.8,0.004
±¤Áø±¸,2017-01-02,226,305088.0,96.1,1.6,5.5,8.0,6.2,0.0,78.1,111,95,0.019,0.045,0.9,0.005
±¤Áø±¸,2017-01-03,225,305088.0,96.1,1.6,5.7,7.1,3.6,0.0,66.5,86,67,0.016,0.048,0.9,0.005
±¤Áø±¸,2017-01-04,259,305088.0,96.1,1.4,5.5,6.9,5.2,0.0,61.5,54,40,0.008,0.055,0.9,0.006
±¤Áø±¸,2017-01-05,286,305088.0,96.1,2.3,5.9,8.8,5.0,0.0,58.4,33,22,0.017,0.033,0.6,0.004
±¤Áø±¸,2017-01-06,274,305088.0,96.1,1.6,4.3,5.4,6.8,0.0,60.3,20,10,0.018000000000000002,0.034,0.5,0.004
±¤Áø±¸,2017-01-07,285,305088.0,96.1,1.4,3.2,4.0,5.5,0.0,68.5,54,42,0.006,0.049,0.8,0.004
±¤Áø±¸,2017-01-08,244,305088.0,96.1,2.0,5.8,7.2,7.5,0.0,65.1,26,17,0.024,0.026000000000000002,0.5,0.004
±¤Áø±¸,2017-01-09,253,305088.0,96.1,2.6,7.0,9.6,3.6,0.0,61.4,58,50,0.032,0.022000000000000002,0.7,0.005
±¤Áø±¸,2017-01-10,194,305088.0,96.1,2.5,7.0,10.5,-1.4,0.0,47.7,33,16,0.027999999999999997,0.019,0.4,0.004
±¤Áø±¸,2017-01-11,199,305088.0,96.1,2.1,6.7,8.9,-2.5,0.0,38.7,25,10,0.019,0.03,0.5,0.005
±¤Áø±¸,2017-01-12,221,305088.0,96.1,2.2,7.0,10.9,-0.6,0.0,48.1,31,17,0.02,0.032,0.5,0.005
±¤Áø±¸,2017-01-13,149,305088.0,96.1,2.3,6.5,11.0,-4.3,0.0,47.0,28,11,0.026000000000000002,0.02,0.4,0.004
±¤Áø±¸,2017-01-14,99,305088.0,96.1,2.6,6.4,9.4,-6.7,0.0,36.4,43,9,0.028999999999999998,0.013000000000000001,0.4,0.004
±¤Áø±¸,2017-01-15,86,305088.0,96.1,1.6,3.8,5.2,-4.9,0.0,36.8,26,12,0.021,0.023,0.5,0.004
±¤Áø±¸,2017-01-16,204,305088.0,96.1,1.1,3.2,4.1,-2.5,0.0,41.7,45,28,0.01,0.042,0.8,0.005
±¤Áø±¸,2017-01-17,216,305088.0,96.1,1.3,4.0,4.9,-1.1,0.0,47.0,66,54,0.005,0.06,1.0,0.006999999999999999
±¤Áø±¸,2017-01-18,189,305088.0,96.1,1.0,2.8,3.6,0.7,0.0,65.2,102,94,0.005,0.07,1.3,0.006999999999999999
±¤Áø±¸,2017-01-19,214,305088.0,96.1,1.5,5.2,7.1,0.3,0.0,60.1,106,92,0.006999999999999999,0.059000000000000004,1.1,0.006
±¤Áø±¸,2017-01-20,86,305088.0,96.1,2.0,6.1,8.9,-2.5,3.0,66.7,55,44,0.021,0.035,0.7,0.003
±¤Áø±¸,2017-01-21,66,305088.0,96.1,1.4,4.8,7.7,-4.3,0.5,76.3,54,46,0.008,0.047,0.8,0.004
±¤Áø±¸,2017-01-22,62,305088.0,96.1,2.8,7.3,11.3,-6.1,0.0,51.1,72,27,0.033,0.013999999999999999,0.5,0.006
±¤Áø±¸,2017-01-23,77,305088.0,96.1,1.9,6.1,7.5,-7.1,0.0,48.2,46,39,0.025,0.027000000000000003,0.6,0.005
±¤Áø±¸,2017-01-24,141,305088.0,96.1,1.6,4.7,6.2,-5.6,0.0,51.0,40,34,0.012,0.047,0.7,0.005
±¤Áø±¸,2017-01-25,159,305088.0,96.1,1.5,4.3,5.4,-4.1,0.0,53.1,50,42,0.008,0.055999999999999994,0.9,0.005
±¤Áø±¸,2017-01-26,176,305088.0,96.1,1.4,4.5,7.2,-1.2,0.0,62.9,64,58,0.009000000000000001,0.057999999999999996,0.9,0.006999999999999999
±¤Áø±¸,2017-01-27,71,305088.0,96.1,2.8,8.0,10.8,-0.6,4.0,52.3,108,18,0.03,0.018000000000000002,0.4,0.003
±¤Áø±¸,2017-01-28,92,305088.0,96.1,1.5,3.5,4.3,-0.8,0.0,43.1,31,10,0.015,0.031,0.5,0.004
±¤Áø±¸,2017-01-29,24,305088.0,96.1,1.3,3.8,5.0,1.6,5.0,71.3,25,14,0.008,0.038,0.6,0.004
±¤Áø±¸,2017-01-30,81,305088.0,96.1,1.2,5.8,6.6,-2.8,0.0,64.4,48,39,0.031,0.018000000000000002,0.5,0.004
±¤Áø±¸,2017-01-31,144,305088.0,96.1,1.7,4.8,5.9,-4.1,0.0,49.0,33,22,0.01,0.042,0.6,0.005
±¤Áø±¸,2017-02-01,171,304999.0,96.1,2.1,6.6,8.5,-2.2,0.0,45.6,35,21,0.018000000000000002,0.035,0.6,0.006
±¤Áø±¸,2017-02-02,192,304999.0,96.1,1.9,6.7,8.4,-1.5,0.0,50.9,33,17,0.017,0.039,0.6,0.006
±¤Áø±¸,2017-02-03,236,304999.0,96.1,1.6,5.7,7.3,2.6,0.0,67.1,64,50,0.02,0.049,0.8,0.004
±¤Áø±¸,2017-02-04,150,304999.0,96.1,1.5,3.1,3.8,1.9,0.0,71.0,97,87,0.006999999999999999,0.061,0.9,0.005
±¤Áø±¸,2017-02-05,106,304999.0,96.1,2.0,5.7,8.0,2.9,0.0,72.5,67,62,0.022000000000000002,0.037000000000000005,0.8,0.004
±¤Áø±¸,2017-02-06,186,304999.0,96.1,2.4,6.2,8.8,0.1,0.0,51.0,40,30,0.033,0.023,0.4,0.005
±¤Áø±¸,2017-02-07,61,304999.0,96.1,1.4,4.1,5.1,-0.3,0.0,48.8,40,27,0.01,0.046,0.6,0.005
±¤Áø±¸,2017-02-08,149,304999.0,96.1,1.8,5.1,6.9,-0.4,0.0,52.4,56,39,0.009000000000000001,0.049,0.8,0.006
±¤Áø±¸,2017-02-09,158,304999.0,96.1,2.9,6.7,9.7,-3.4,0.0,48.6,48,17,0.032,0.017,0.4,0.005
±¤Áø±¸,2017-02-10,144,304999.0,96.1,3.0,7.7,11.2,-5.2,0.0,45.3,32,17,0.034,0.013000000000000001,0.4,0.004
±¤Áø±¸,2017-02-11,118,304999.0,96.1,2.4,6.5,8.4,-3.4,0.0,46.2,28,16,0.028999999999999998,0.019,0.5,0.004
±¤Áø±¸,2017-02-12,156,304999.0,96.1,2.0,6.2,8.4,-0.9,0.0,52.1,31,20,0.02,0.034,0.6,0.004
±¤Áø±¸,2017-02-13,186,304999.0,96.1,1.4,4.7,6.7,1.1,0.0,63.3,44,34,0.008,0.053,0.8,0.005
±¤Áø±¸,2017-02-14,201,304999.0,96.1,1.5,5.6,7.8,1.9,0.0,48.4,51,37,0.016,0.049,0.7,0.006
±¤Áø±¸,2017-02-15,215,304999.0,96.1,1.3,4.0,5.1,2.7,0.0,52.6,66,54,0.006999999999999999,0.068,1.0,0.01
±¤Áø±¸,2017-02-16,231,304999.0,96.1,1.1,5.0,7.5,6.1,0.0,61.8,70,56,0.012,0.061,1.0,0.006999999999999999
±¤Áø±¸,2017-02-17,169,304999.0,96.1,3.0,7.8,9.2,3.5,3.0,61.6,43,15,0.033,0.02,0.5,0.003
±¤Áø±¸,2017-02-18,187,304999.0,96.1,2.5,7.0,9.9,-0.9,0.0,45.9,31,15,0.032,0.023,0.5,0.005
±¤Áø±¸,2017-02-19,136,304999.0,96.1,1.5,5.1,6.7,2.8,2.5,67.4,44,28,0.022000000000000002,0.037000000000000005,0.6,0.004
±¤Áø±¸,2017-02-20,203,304999.0,96.1,2.8,7.5,10.5,0.9,1.0,59.6,42,20,0.034,0.02,0.4,0.004
±¤Áø±¸,2017-02-21,228,304999.0,96.1,1.7,5.0,7.1,0.2,0.0,40.0,40,28,0.017,0.040999999999999995,0.6,0.006
±¤Áø±¸,2017-02-22,85,304999.0,96.1,1.9,5.4,7.5,2.6,4.0,72.3,38,29,0.01,0.044000000000000004,0.7,0.005
±¤Áø±¸,2017-02-23,182,304999.0,96.1,2.5,7.1,9.5,0.4,0.0,57.5,35,21,0.04,0.017,0.5,0.004
±¤Áø±¸,2017-02-24,207,304999.0,96.1,2.0,7.1,9.5,0.3,0.0,50.6,28,16,0.040999999999999995,0.027999999999999997,0.5,0.006
±¤Áø±¸,2017-02-25,211,304999.0,96.1,2.2,7.1,9.5,3.4,0.0,63.2,45,33,0.032,0.037000000000000005,0.8,0.005
±¤Áø±¸,2017-02-26,302,304999.0,96.1,1.5,5.3,6.7,4.8,0.0,55.2,48,38,0.037000000000000005,0.028999999999999998,0.7,0.004
±¤Áø±¸,2017-02-27,304,304999.0,96.1,1.8,6.7,9.7,5.1,0.0,42.8,37,24,0.025,0.038,0.6,0.004
±¤Áø±¸,2017-02-28,386,304999.0,96.1,1.5,5.2,7.1,6.2,0.0,47.1,46,33,0.026000000000000002,0.047,0.7,0.005
±¤Áø±¸,2017-03-01,262,304725.0,96.1,1.5,7.7,9.9,6.2,3.5,62.4,63,53,0.006,0.044000000000000004,0.7,0.006
±¤Áø±¸,2017-03-02,257,304725.0,96.1,2.5,6.9,9.9,3.4,0.5,64.2,35,21,,0.022000000000000002,0.5,0.004
±¤Áø±¸,2017-03-03,297,304725.0,96.1,2.0,6.5,8.2,4.2,0.0,53.2,43,24,0.017,0.037000000000000005,0.6,0.005
±¤Áø±¸,2017-03-04,558,304725.0,96.1,1.6,4.4,5.8,6.3,0.0,62.1,57,42,0.008,0.045,0.7,0.006
±¤Áø±¸,2017-03-05,378,304725.0,96.1,1.8,5.1,7.5,6.0,0.0,68.9,72,60,0.02,0.040999999999999995,0.8,0.004
±¤Áø±¸,2017-03-06,243,304725.0,96.1,2.8,7.5,10.4,1.9,0.0,43.8,36,27,,0.013999999999999999,0.4,0.004
±¤Áø±¸,2017-03-07,231,304725.0,96.1,2.9,7.4,10.0,-0.1,0.0,39.3,32,20,0.043,0.013999999999999999,0.5,0.004
±¤Áø±¸,2017-03-08,222,304725.0,96.1,2.8,8.4,12.4,1.1,0.0,50.0,41,18,0.037000000000000005,0.021,0.5,0.005
±¤Áø±¸,2017-03-09,296,304725.0,96.1,2.7,8.7,12.4,4.4,0.0,49.3,44,19,0.036000000000000004,0.027000000000000003,0.5,0.006
±¤Áø±¸,2017-03-10,385,304725.0,96.1,1.8,5.8,8.0,6.1,0.0,37.5,42,25,0.028999999999999998,0.037000000000000005,0.6,0.005
±¤Áø±¸,2017-03-11,613,304725.0,96.1,1.6,6.3,7.6,7.9,0.0,38.8,62,45,0.019,0.057,0.7,0.006
±¤Áø±¸,2017-03-12,377,304725.0,96.1,1.9,6.0,8.5,9.2,0.0,56.9,90,76,0.031,0.054000000000000006,0.8,0.006
±¤Áø±¸,2017-03-13,415,304725.0,96.1,1.9,4.5,6.4,8.1,0.0,50.2,56,44,0.044000000000000004,0.024,0.6,0.004
±¤Áø±¸,2017-03-14,377,304725.0,96.1,2.1,7.4,9.5,7.7,0.0,39.0,45,28,0.039,0.025,0.4,0.004
±¤Áø±¸,2017-03-15,425,304725.0,96.1,1.9,6.6,8.2,7.4,0.0,35.5,38,22,0.027999999999999997,0.034,0.5,0.004
±¤Áø±¸,2017-03-16,402,304725.0,96.1,2.2,6.3,8.2,7.3,0.0,43.1,61,46,0.026000000000000002,0.05,0.6,0.005
±¤Áø±¸,2017-03-17,358,304725.0,96.1,1.7,6.8,9.5,8.6,0.0,43.2,73,60,0.025,0.057,0.7,0.005
±¤Áø±¸,2017-03-18,642,304725.0,96.1,2.1,7.6,9.7,10.7,0.0,33.7,67,53,0.031,0.055,0.8,0.006
±¤Áø±¸,2017-03-19,806,304725.0,96.1,1.4,5.5,8.1,11.4,0.0,37.4,68,57,0.034,0.044000000000000004,0.7,0.004
±¤Áø±¸,2017-03-20,392,304725.0,96.1,1.5,5.1,6.2,11.2,0.0,41.5,88,71,0.011000000000000001,0.061,0.7,0.006
±¤Áø±¸,2017-03-21,390,304725.0,96.1,2.2,5.9,7.8,9.1,0.0,51.0,99,80,0.034,0.036000000000000004,0.6,0.006
±¤Áø±¸,2017-03-22,454,304725.0,96.1,2.0,6.6,8.4,8.7,0.0,37.1,48,31,0.036000000000000004,0.034,0.5,0.005
±¤Áø±¸,2017-03-23,473,304725.0,96.1,2.0,6.5,8.6,10.5,0.0,36.0,68,47,0.028999999999999998,0.047,0.7,0.006
±¤Áø±¸,2017-03-24,491,304725.0,96.1,1.8,5.8,7.8,9.7,0.0,46.8,49,36,0.033,0.034,0.5,0.004
±¤Áø±¸,2017-03-25,507,304725.0,96.1,1.9,6.1,8.1,9.5,0.0,44.1,61,47,0.026000000000000002,0.043,0.6,0.005
±¤Áø±¸,2017-03-26,556,304725.0,96.1,2.0,6.6,7.7,8.2,0.0,53.4,59,47,0.039,0.032,0.5,0.005
±¤Áø±¸,2017-03-27,325,304725.0,96.1,2.0,8.9,12.0,7.4,1.0,68.6,66,60,0.040999999999999995,0.032,0.8,0.004
±¤Áø±¸,2017-03-28,421,304725.0,96.1,2.0,6.2,7.8,7.4,0.0,64.1,78,67,0.023,0.042,0.7,0.005
±¤Áø±¸,2017-03-29,494,304725.0,96.1,1.9,5.7,7.3,9.5,0.0,53.4,58,47,0.043,0.034,0.6,0.003
±¤Áø±¸,2017-03-30,584,304725.0,96.1,1.4,4.9,7.8,11.8,0.0,50.2,66,49,0.026000000000000002,0.051,0.6,0.005
±¤Áø±¸,2017-03-31,247,304725.0,96.1,2.1,5.2,6.1,9.8,4.0,70.9,43,29,0.03,0.033,0.5,0.005
±¤Áø±¸,2017-04-01,420,304770.0,96.2,2.0,7.4,9.7,9.2,1.0,66.0,18,11,0.043,0.02,0.4,0.004
±¤Áø±¸,2017-04-02,1042,304770.0,96.2,2.3,6.8,9.4,9.6,0.0,59.2,40,31,0.046,0.025,0.5,0.005
±¤Áø±¸,2017-04-03,694,304770.0,96.2,1.7,6.8,8.6,12.2,0.0,48.3,78,63,0.038,0.047,0.7,0.004
±¤Áø±¸,2017-04-04,714,304770.0,96.2,1.9,6.3,8.7,14.6,0.0,39.9,71,53,0.039,0.049,0.6,0.006
±¤Áø±¸,2017-04-05,125,304770.0,96.2,1.7,5.1,6.6,13.1,35.5,61.8,49,34,0.027999999999999997,0.045,0.5,0.005
±¤Áø±¸,2017-04-06,408,304770.0,96.2,2.0,5.2,7.2,11.7,4.0,89.4,23,14,0.032,0.027000000000000003,0.4,0.004
±¤Áø±¸,2017-04-07,798,304770.0,96.2,1.8,6.1,7.8,15.5,0.0,69.0,48,33,0.025,0.04,0.6,0.004
±¤Áø±¸,2017-04-08,850,304770.0,96.2,2.2,6.1,8.3,14.6,0.5,70.9,60,44,0.027000000000000003,0.042,0.6,0.004
±¤Áø±¸,2017-04-09,813,304770.0,96.2,2.6,6.8,9.5,15.2,0.5,65.2,38,25,0.038,0.022000000000000002,0.5,0.003
±¤Áø±¸,2017-04-10,815,304770.0,96.2,2.0,6.0,8.6,16.9,0.0,28.0,22,12,0.042,0.023,0.3,0.004
±¤Áø±¸,2017-04-11,747,304770.0,96.2,2.8,7.9,11.2,16.4,0.0,36.7,47,19,0.045,0.024,0.4,0.004
±¤Áø±¸,2017-04-12,634,304770.0,96.2,3.2,9.0,13.8,12.7,0.0,19.8,58,8,0.046,0.017,0.3,0.004
±¤Áø±¸,2017-04-13,697,304770.0,96.2,2.2,6.8,11.7,13.1,0.0,53.6,64,24,0.040999999999999995,0.031,0.5,0.006
±¤Áø±¸,2017-04-14,401,304770.0,96.2,1.9,7.7,11.0,14.0,5.0,59.5,53,22,0.059000000000000004,0.028999999999999998,0.4,0.006999999999999999
±¤Áø±¸,2017-04-15,1048,304770.0,96.2,1.7,6.2,9.0,17.0,0.0,63.8,59,28,0.067,0.027999999999999997,0.5,0.005
±¤Áø±¸,2017-04-16,1095,304770.0,96.2,1.3,5.1,7.0,19.3,0.0,56.0,57,31,0.046,0.039,0.6,0.003
±¤Áø±¸,2017-04-17,439,304770.0,96.2,1.9,6.2,11.7,16.1,5.0,66.0,38,22,0.03,0.034,0.5,0.006
±¤Áø±¸,2017-04-18,424,304770.0,96.2,2.4,7.4,10.8,12.6,10.0,78.4,38,19,0.031,0.027999999999999997,0.5,0.004
±¤Áø±¸,2017-04-19,733,304770.0,96.2,2.9,7.4,10.4,13.5,0.0,45.7,70,9,0.036000000000000004,0.021,0.3,0.004
±¤Áø±¸,2017-04-20,649,304770.0,96.2,2.0,6.4,8.3,13.8,0.0,46.9,70,17,0.034,0.032,0.5,0.005
±¤Áø±¸,2017-04-21,798,304770.0,96.2,1.9,6.7,9.3,13.7,0.0,55.8,59,20,0.035,0.035,0.5,0.005
±¤Áø±¸,2017-04-22,1054,304770.0,96.2,2.1,6.4,10.2,15.4,0.0,49.6,58,25,0.037000000000000005,0.031,0.5,0.004
±¤Áø±¸,2017-04-23,1143,304770.0,96.2,2.2,8.1,10.7,15.8,0.0,41.9,47,23,0.052000000000000005,0.027000000000000003,0.5,0.004
±¤Áø±¸,2017-04-24,840,304770.0,96.2,2.3,7.8,11.1,15.6,0.0,41.0,40,17,0.046,0.03,0.5,0.005
±¤Áø±¸,2017-04-25,677,304770.0,96.2,2.2,7.2,10.0,17.0,0.0,55.0,56,30,0.049,0.033,0.5,0.005
±¤Áø±¸,2017-04-26,856,304770.0,96.2,2.8,8.2,11.2,16.4,0.0,31.4,38,13,0.05,0.015,0.4,0.003
±¤Áø±¸,2017-04-27,861,304770.0,96.2,2.8,10.0,14.7,14.8,0.0,40.9,44,11,0.048,0.02,0.4,0.003
±¤Áø±¸,2017-04-28,920,304770.0,96.2,2.1,7.4,10.4,15.4,0.0,56.7,58,23,0.038,0.028999999999999998,0.6,0.004
±¤Áø±¸,2017-04-29,1167,304770.0,96.2,2.0,7.2,9.9,17.5,0.0,47.7,58,28,0.040999999999999995,0.031,0.6,0.006
±¤Áø±¸,2017-04-30,1168,304770.0,96.2,2.0,6.9,8.9,20.3,0.0,55.6,87,53,0.087,0.024,0.7,0.006999999999999999
±¤Áø±¸,2017-05-01,1124,304521.0,96.7,1.6,6.2,8.2,20.8,0.0,51.9,87,54,0.067,0.027999999999999997,0.6,0.004
±¤Áø±¸,2017-05-02,962,304521.0,96.7,1.5,5.7,7.5,21.5,0.0,48.5,87,51,0.049,0.043,0.7,0.006
±¤Áø±¸,2017-05-03,1489,304521.0,96.7,1.8,7.0,9.3,22.0,0.0,42.1,66,37,0.057,0.040999999999999995,0.6,0.005
±¤Áø±¸,2017-05-04,1163,304521.0,96.7,1.7,5.5,7.9,21.9,0.0,46.1,55,31,0.042,0.036000000000000004,0.5,0.004
±¤Áø±¸,2017-05-05,1259,304521.0,96.7,2.8,7.9,12.1,22.0,0.0,56.8,48,22,0.043,0.02,0.4,0.004
±¤Áø±¸,2017-05-06,526,304521.0,96.7,3.6,11.0,15.3,16.1,0.0,32.2,165,15,0.049,0.013999999999999999,0.3,0.004
±¤Áø±¸,2017-05-07,730,304521.0,96.7,3.0,8.9,12.5,17.3,0.0,43.4,79,12,0.052000000000000005,0.018000000000000002,0.4,0.006
±¤Áø±¸,2017-05-08,745,304521.0,96.7,1.7,6.0,7.5,18.5,0.0,46.0,142,37,0.051,0.033,0.6,0.006
±¤Áø±¸,2017-05-09,500,304521.0,96.7,1.8,5.9,8.2,17.8,1.0,60.4,106,30,0.031,0.032,0.5,0.005
±¤Áø±¸,2017-05-10,745,304521.0,96.7,2.0,7.3,9.1,17.1,4.0,74.2,35,16,0.039,0.021,0.4,0.003
±¤Áø±¸,2017-05-11,954,304521.0,96.7,1.5,4.7,6.5,19.4,0.0,65.5,64,31,0.037000000000000005,0.035,0.6,0.006
±¤Áø±¸,2017-05-12,792,304521.0,96.7,1.3,6.2,9.3,20.1,0.0,72.1,70,44,0.04,0.038,0.7,0.005
±¤Áø±¸,2017-05-13,609,304521.0,96.7,2.1,10.1,14.3,17.6,6.5,77.7,47,25,0.046,0.025,0.4,0.004
±¤Áø±¸,2017-05-14,1158,304521.0,96.7,3.4,10.7,14.1,16.5,0.0,58.4,50,10,0.051,0.013999999999999999,0.3,0.004
±¤Áø±¸,2017-05-15,921,304521.0,96.7,2.1,6.0,8.3,16.5,0.0,62.8,38,7,0.039,0.021,0.4,0.004
±¤Áø±¸,2017-05-16,910,304521.0,96.7,1.7,5.5,7.0,17.8,0.0,63.4,31,12,0.038,0.026000000000000002,0.5,0.005
±¤Áø±¸,2017-05-17,1070,304521.0,96.7,2.2,8.0,10.1,19.5,0.0,55.3,34,14,0.035,0.034,0.5,0.006
±¤Áø±¸,2017-05-18,1060,304521.0,96.7,2.2,7.1,9.5,21.1,0.0,46.8,42,23,0.052000000000000005,0.033,0.5,0.005
±¤Áø±¸,2017-05-19,1021,304521.0,96.7,2.5,7.5,9.8,21.8,0.0,44.3,42,23,0.053,0.03,0.4,0.005
±¤Áø±¸,2017-05-20,1221,304521.0,96.7,2.6,7.6,9.3,21.6,0.0,45.6,35,17,0.039,0.036000000000000004,0.5,0.006
±¤Áø±¸,2017-05-21,1413,304521.0,96.7,2.2,6.6,8.3,22.1,0.0,47.3,27,14,0.045,0.023,0.4,0.004
±¤Áø±¸,2017-05-22,1162,304521.0,96.7,1.9,5.5,7.7,22.4,0.0,55.2,38,24,0.040999999999999995,0.026000000000000002,0.4,0.005
±¤Áø±¸,2017-05-23,679,304521.0,96.7,1.7,6.7,8.6,20.6,4.0,67.2,33,18,0.021,0.028999999999999998,0.5,0.005
±¤Áø±¸,2017-05-24,1155,304521.0,96.7,1.8,6.2,8.3,22.2,0.5,63.3,26,12,0.031,0.025,0.4,0.004
±¤Áø±¸,2017-05-25,1121,304521.0,96.7,2.5,8.8,12.3,20.7,0.0,47.9,33,10,0.044000000000000004,0.024,0.4,0.004
±¤Áø±¸,2017-05-26,1203,304521.0,96.7,2.1,7.1,9.7,18.3,0.0,41.2,19,5,0.038,0.019,0.3,0.003
±¤Áø±¸,2017-05-27,1393,304521.0,96.7,2.1,6.6,9.4,20.3,0.0,48.8,29,10,0.039,0.027999999999999997,0.4,0.005
±¤Áø±¸,2017-05-28,1445,304521.0,96.7,2.3,6.9,8.4,21.6,0.0,51.7,39,20,0.049,0.027000000000000003,0.5,0.004
±¤Áø±¸,2017-05-29,1159,304521.0,96.7,1.9,6.6,8.8,23.5,0.0,63.6,61,35,0.061,0.027999999999999997,0.6,0.006999999999999999
±¤Áø±¸,2017-05-30,1147,304521.0,96.7,1.6,6.6,8.6,24.7,0.0,42.3,45,22,0.040999999999999995,0.035,0.5,0.006
±¤Áø±¸,2017-05-31,1189,304521.0,96.7,1.8,5.7,7.1,23.9,0.0,48.5,32,16,0.026000000000000002,0.04,0.5,0.005
±¤Áø±¸,2017-06-01,1105,304549.0,97.5,2.7,8.5,10.8,24.0,0.0,55.7,32,15,0.039,0.018000000000000002,0.4,0.004
±¤Áø±¸,2017-06-02,772,304549.0,97.5,2.7,8.6,10.1,21.4,0.0,40.0,23,4,0.04,0.016,0.3,0.004
±¤Áø±¸,2017-06-03,1373,304549.0,97.5,2.6,7.7,10.1,21.3,0.0,43.3,25,5,0.038,0.017,0.4,0.003
±¤Áø±¸,2017-06-04,1548,304549.0,97.5,2.3,6.9,9.5,22.6,0.0,38.9,24,5,0.037000000000000005,0.022000000000000002,0.4,0.003
±¤Áø±¸,2017-06-05,1303,304549.0,97.5,1.9,5.6,7.9,24.4,0.0,36.2,21,7,0.047,0.023,0.4,0.003
±¤Áø±¸,2017-06-06,479,304549.0,97.5,2.6,5.7,8.1,20.1,13.0,59.1,16,5,0.042,0.016,0.4,0.003
±¤Áø±¸,2017-06-07,526,304549.0,97.5,1.4,4.8,6.3,18.2,12.5,90.5,13,5,0.026000000000000002,0.023,0.5,0.003
±¤Áø±¸,2017-06-08,1195,304549.0,97.5,2.0,6.4,9.0,20.8,0.0,66.5,37,24,0.055999999999999994,0.022000000000000002,0.6,0.004
±¤Áø±¸,2017-06-09,1056,304549.0,97.5,2.4,8.0,11.9,21.8,0.0,69.0,53,36,0.054000000000000006,0.027999999999999997,0.6,0.004
±¤Áø±¸,2017-06-10,1450,304549.0,97.5,1.7,4.5,6.0,22.5,2.5,49.6,45,22,0.044000000000000004,0.025,0.4,0.004
±¤Áø±¸,2017-06-11,1447,304549.0,97.5,2.2,10.5,13.8,23.3,0.0,37.0,23,5,0.035,0.019,0.3,0.004
±¤Áø±¸,2017-06-12,1201,304549.0,97.5,2.6,5.7,7.9,22.5,0.0,45.3,25,8,0.046,0.019,0.3,0.005
±¤Áø±¸,2017-06-13,1186,304549.0,97.5,2.5,7.4,9.7,21.9,5.0,63.6,27,11,0.031,0.021,0.4,0.004
±¤Áø±¸,2017-06-14,1208,304549.0,97.5,2.5,7.1,9.7,22.2,0.0,64.5,37,18,0.036000000000000004,0.026000000000000002,0.4,0.005
±¤Áø±¸,2017-06-15,1155,304549.0,97.5,1.9,6.1,8.6,23.8,0.0,61.9,43,23,0.046,0.027000000000000003,0.4,0.005
±¤Áø±¸,2017-06-16,1145,304549.0,97.5,1.9,6.5,8.4,25.8,0.0,57.0,57,38,0.062,0.027999999999999997,0.6,0.005
±¤Áø±¸,2017-06-17,1306,304549.0,97.5,2.1,6.0,8.2,25.1,0.0,51.0,43,28,0.062,0.027000000000000003,0.5,0.006
±¤Áø±¸,2017-06-18,1288,304549.0,97.5,2.5,7.5,9.6,25.3,0.0,50.8,37,24,0.046,0.027999999999999997,0.5,0.005
±¤Áø±¸,2017-06-19,1289,304549.0,97.5,1.7,5.9,8.6,25.7,0.0,50.1,44,30,0.036000000000000004,0.039,0.6,0.005
±¤Áø±¸,2017-06-20,1157,304549.0,97.5,1.7,6.8,9.4,26.5,0.0,46.2,46,32,0.044000000000000004,0.039,0.6,0.003
±¤Áø±¸,2017-06-21,1364,304549.0,97.5,2.6,7.5,10.1,26.3,0.0,51.1,48,35,0.037000000000000005,0.028999999999999998,0.5,0.005
±¤Áø±¸,2017-06-22,1352,304549.0,97.5,2.3,7.1,9.8,25.7,0.0,60.3,32,21,0.038,0.025,0.4,0.004
±¤Áø±¸,2017-06-23,1261,304549.0,97.5,1.9,6.5,8.5,27.6,0.0,52.0,30,16,0.027000000000000003,0.032,0.5,0.005
±¤Áø±¸,2017-06-24,848,304549.0,97.5,1.3,3.8,4.7,25.6,1.5,57.9,34,20,0.018000000000000002,0.045,0.6,0.005
±¤Áø±¸,2017-06-25,765,304549.0,97.5,1.6,8.2,9.3,23.3,40.0,80.5,29,19,0.038,0.022000000000000002,0.6,0.003
±¤Áø±¸,2017-06-26,663,304549.0,97.5,1.9,8.2,10.7,23.6,7.5,75.1,22,13,0.037000000000000005,0.019,0.5,0.004
±¤Áø±¸,2017-06-27,1033,304549.0,97.5,1.9,5.0,6.8,25.3,1.0,70.6,26,15,0.042,0.022000000000000002,0.5,0.003
±¤Áø±¸,2017-06-28,1259,304549.0,97.5,1.9,5.8,7.8,26.3,0.0,68.7,40,30,0.044000000000000004,0.026000000000000002,0.5,0.005
±¤Áø±¸,2017-06-29,1312,304549.0,97.5,1.9,5.2,7.5,27.0,0.0,61.7,41,33,0.039,0.028999999999999998,0.6,0.006
±¤Áø±¸,2017-06-30,1251,304549.0,97.5,2.2,6.2,8.0,26.9,0.0,64.2,49,38,0.037000000000000005,0.028999999999999998,0.7,0.005
±¤Áø±¸,2017-07-01,867,304692.0,98.2,1.5,4.8,6.7,25.9,1.5,72.7,39,29,0.031,0.027000000000000003,0.6,0.005
±¤Áø±¸,2017-07-02,245,304692.0,98.2,1.4,6.5,9.1,25.2,85.0,91.3,24,14,0.016,0.018000000000000002,0.5,0.002
±¤Áø±¸,2017-07-03,626,304692.0,98.2,2.1,7.0,10.0,25.3,54.0,87.8,21,12,0.028999999999999998,0.018000000000000002,0.4,0.003
±¤Áø±¸,2017-07-04,1043,304692.0,98.2,1.7,6.0,8.5,27.5,1.0,76.1,31,21,0.032,0.024,0.6,0.005
±¤Áø±¸,2017-07-05,286,304692.0,98.2,1.2,5.1,6.0,28.5,0.0,66.7,43,26,0.043,0.023,0.6,0.005
±¤Áø±¸,2017-07-07,154,304692.0,98.2,1.6,4.6,7.0,27.0,29.5,82.7,23,9,0.013999999999999999,0.024,0.5,0.003
±¤Áø±¸,2017-07-08,487,304692.0,98.2,1.1,5.2,6.2,26.9,3.5,84.9,25,12,0.017,0.019,0.6,0.004
±¤Áø±¸,2017-07-09,318,304692.0,98.2,0.9,5.4,6.6,26.6,18.5,87.1,26,14,0.018000000000000002,0.021,0.6,0.003
±¤Áø±¸,2017-07-10,57,304692.0,98.2,1.3,6.0,8.7,24.7,154.5,94.8,16,6,0.012,0.022000000000000002,0.6,0.003
±¤Áø±¸,2017-07-11,849,304692.0,98.2,1.4,4.9,6.1,26.8,4.5,81.3,42,26,0.032,0.022000000000000002,0.6,0.004
±¤Áø±¸,2017-07-12,968,304692.0,98.2,1.8,5.6,8.2,28.2,0.0,74.4,54,35,0.038,0.022000000000000002,0.6,0.003
±¤Áø±¸,2017-07-13,943,304692.0,98.2,1.6,4.6,6.3,28.5,0.0,69.9,51,36,0.036000000000000004,0.03,0.7,0.004
±¤Áø±¸,2017-07-14,889,304692.0,98.2,1.9,8.2,10.7,29.5,0.0,70.0,54,35,0.028999999999999998,0.031,0.6,0.003
±¤Áø±¸,2017-07-15,312,304692.0,98.2,1.4,5.9,8.4,25.6,54.0,88.4,22,11,0.019,0.022000000000000002,0.4,0.004
±¤Áø±¸,2017-07-16,881,304692.0,98.2,1.2,4.1,5.4,26.5,17.0,83.9,17,8,0.017,0.019,0.5,0.002
±¤Áø±¸,2017-07-17,946,304692.0,98.2,1.0,5.0,8.0,27.6,13.5,77.8,25,10,0.017,0.023,0.5,0.004
±¤Áø±¸,2017-07-18,891,304692.0,98.2,1.3,4.9,6.2,27.0,2.5,81.9,26,14,0.023,0.028999999999999998,0.6,0.003
±¤Áø±¸,2017-07-19,986,304692.0,98.2,1.6,6.3,8.9,28.9,0.0,72.7,36,22,0.039,0.025,0.5,0.004
±¤Áø±¸,2017-07-20,1031,304692.0,98.2,1.4,4.9,5.9,30.5,0.0,68.3,52,38,0.036000000000000004,0.031,0.7,0.006
±¤Áø±¸,2017-07-21,912,304692.0,98.2,1.7,5.1,6.3,30.7,0.0,71.8,58,44,0.048,0.025,0.7,0.006
±¤Áø±¸,2017-07-22,605,304692.0,98.2,1.3,5.6,6.7,30.0,1.0,75.6,58,42,0.033,0.024,0.7,0.006
±¤Áø±¸,2017-07-23,469,304692.0,98.2,1.0,5.7,6.6,27.5,106.5,89.5,52,35,0.026000000000000002,0.021,0.7,0.004
±¤Áø±¸,2017-07-24,882,304692.0,98.2,1.0,3.3,4.0,27.0,3.0,81.3,33,18,0.016,0.03,0.7,0.005
±¤Áø±¸,2017-07-25,1001,304692.0,98.2,2.2,5.4,7.2,29.7,0.0,67.8,25,10,0.022000000000000002,0.017,0.6,0.004
±¤Áø±¸,2017-07-26,1084,304692.0,98.2,2.5,6.0,7.6,29.1,0.0,58.2,16,5,0.034,0.017,0.4,0.003
±¤Áø±¸,2017-07-27,1015,304692.0,98.2,1.8,4.3,6.0,27.6,2.0,61.7,25,11,0.025,0.026000000000000002,0.5,0.004
±¤Áø±¸,2017-07-28,599,304692.0,98.2,1.4,3.8,5.0,25.5,8.5,90.5,29,14,0.012,0.027000000000000003,0.6,0.003
±¤Áø±¸,2017-07-29,1056,304692.0,98.2,2.1,4.7,5.9,27.6,0.0,74.4,13,4,0.023,0.015,0.5,0.002
±¤Áø±¸,2017-07-30,1040,304692.0,98.2,1.7,4.7,6.2,28.6,0.0,64.3,21,11,0.036000000000000004,0.015,0.5,0.004
±¤Áø±¸,2017-07-31,705,304692.0,98.2,1.3,4.3,5.4,26.1,7.5,83.0,22,11,0.012,0.028999999999999998,0.6,0.003
±¤Áø±¸,2017-08-01,958,304962.0,98.8,1.4,4.6,5.3,28.9,2.0,72.4,19,7,0.02,0.026000000000000002,0.6,0.004
±¤Áø±¸,2017-08-02,1062,304962.0,98.8,1.4,3.6,4.8,30.6,0.0,71.3,32,18,0.036000000000000004,0.027999999999999997,0.6,0.003
±¤Áø±¸,2017-08-03,1037,304962.0,98.8,2.4,6.5,7.8,30.3,0.0,64.2,23,10,0.032,0.019,0.5,0.004
±¤Áø±¸,2017-08-04,921,304962.0,98.8,2.0,4.7,6.9,30.6,0.0,61.3,24,13,0.039,0.02,0.5,0.004
±¤Áø±¸,2017-08-05,794,304962.0,98.8,1.9,4.6,7.3,31.9,0.0,64.3,30,18,0.036000000000000004,0.023,0.5,0.003
±¤Áø±¸,2017-08-06,807,304962.0,98.8,1.7,5.2,7.1,30.5,0.0,70.2,25,14,0.027000000000000003,0.018000000000000002,0.6,0.003
±¤Áø±¸,2017-08-07,1084,304962.0,98.8,2.0,6.2,7.8,30.1,0.0,65.3,33,19,0.042,0.018000000000000002,0.6,0.004
±¤Áø±¸,2017-08-08,1170,304962.0,98.8,1.7,5.1,7.5,28.8,0.0,64.0,38,24,0.040999999999999995,0.026000000000000002,0.7,0.004
±¤Áø±¸,2017-08-09,990,304962.0,98.8,2.2,5.3,6.6,27.7,4.0,68.2,33,20,0.031,0.02,0.5,0.003
±¤Áø±¸,2017-08-10,340,304962.0,98.8,1.8,3.6,4.8,24.8,12.5,90.5,7,3,0.021,0.016,0.5,0.004
±¤Áø±¸,2017-08-11,1034,304962.0,98.8,2.1,5.5,7.6,27.6,0.0,70.3,7,4,0.019,0.016,0.4,0.005
±¤Áø±¸,2017-08-12,1125,304962.0,98.8,2.3,5.8,6.9,28.2,0.0,60.1,8,3,0.02,0.013999999999999999,0.4,0.005
±¤Áø±¸,2017-08-13,1269,304962.0,98.8,2.7,5.5,7.7,26.7,0.0,64.1,8,3,0.019,0.012,0.4,0.004
±¤Áø±¸,2017-08-14,734,304962.0,98.8,2.9,6.5,8.9,25.5,0.0,66.7,7,3,0.011000000000000001,0.013999999999999999,0.4,0.003
±¤Áø±¸,2017-08-15,184,304962.0,98.8,2.2,5.3,6.5,22.8,67.5,87.3,6,3,0.011000000000000001,0.013000000000000001,0.4,0.003
±¤Áø±¸,2017-08-16,844,304962.0,98.8,2.3,5.4,6.7,23.5,9.0,79.8,6,3,0.013999999999999999,0.012,0.4,0.005
±¤Áø±¸,2017-08-17,916,304962.0,98.8,1.6,4.2,5.5,24.9,1.5,78.9,10,4,0.013000000000000001,0.019,0.4,0.003
±¤Áø±¸,2017-08-18,961,304962.0,98.8,1.0,8.4,10.1,26.2,0.5,76.8,26,12,0.015,0.03,0.5,0.006
±¤Áø±¸,2017-08-19,1049,304962.0,98.8,1.8,4.0,4.8,26.1,0.0,77.2,24,10,0.021,0.021,0.6,0.003
±¤Áø±¸,2017-08-20,112,304962.0,98.8,1.9,5.7,8.8,23.7,118.5,90.6,10,4,0.019,0.015,0.5,0.003
±¤Áø±¸,2017-08-21,1040,304962.0,98.8,1.4,5.6,7.5,26.2,6.0,81.4,12,4,0.016,0.02,0.5,0.004
±¤Áø±¸,2017-08-22,1302,304962.0,98.8,1.3,4.6,6.1,28.0,0.0,69.3,18,7,0.022000000000000002,0.024,0.6,0.004
±¤Áø±¸,2017-08-23,633,304962.0,98.8,1.7,6.8,10.6,27.2,26.5,84.7,24,7,0.006999999999999999,0.023,0.6,0.005
±¤Áø±¸,2017-08-24,732,304962.0,98.8,2.4,9.6,14.2,27.5,10.5,83.2,25,6,0.011000000000000001,0.011000000000000001,0.4,0.004
±¤Áø±¸,2017-08-25,1303,304962.0,98.8,1.7,5.6,7.3,26.3,0.0,63.2,27,14,0.03,0.032,0.5,0.006
±¤Áø±¸,2017-08-26,1619,304962.0,98.8,1.8,5.2,9.2,25.3,0.0,50.1,25,13,0.026000000000000002,0.024,0.5,0.004
±¤Áø±¸,2017-08-27,1527,304962.0,98.8,1.8,4.3,5.3,23.1,0.0,63.9,23,14,0.018000000000000002,0.026000000000000002,0.5,0.004
±¤Áø±¸,2017-08-28,646,304962.0,98.8,1.8,7.3,8.5,22.1,8.5,74.0,29,20,0.016,0.033,0.6,0.005
±¤Áø±¸,2017-08-29,1568,304962.0,98.8,2.0,5.1,6.8,20.8,0.0,52.3,18,10,0.026000000000000002,0.015,0.4,0.004
±¤Áø±¸,2017-08-30,1500,304962.0,98.8,1.6,5.1,6.5,20.3,0.0,49.8,23,10,0.015,0.03,0.4,0.005
±¤Áø±¸,2017-08-31,1576,304962.0,98.8,1.6,4.7,6.2,22.6,0.0,61.0,29,18,0.027999999999999997,0.026000000000000002,0.6,0.004
±¤Áø±¸,2017-09-01,1693,304821.0,98.9,1.7,4.2,6.3,23.7,0.0,53.7,17,10,0.024,0.022000000000000002,0.5,0.003
±¤Áø±¸,2017-09-02,1891,304821.0,98.9,1.8,5.0,6.3,24.2,0.0,55.7,18,11,0.024,0.025,0.5,0.004
±¤Áø±¸,2017-09-03,1897,304821.0,98.9,1.7,5.0,5.9,24.5,0.0,59.2,20,15,0.034,0.021,0.5,0.004
±¤Áø±¸,2017-09-04,1670,304821.0,98.9,1.4,4.8,6.1,24.9,0.0,54.7,19,13,0.024,0.032,0.5,0.004
±¤Áø±¸,2017-09-05,1454,304821.0,98.9,1.6,4.3,5.2,22.5,0.0,61.5,18,11,0.012,0.033,0.5,0.004
±¤Áø±¸,2017-09-06,753,304821.0,98.9,0.7,3.1,3.5,21.4,1.5,73.0,24,18,0.01,0.039,0.6,0.004
±¤Áø±¸,2017-09-07,1616,304821.0,98.9,0.9,5.7,7.5,22.8,0.0,71.5,29,24,0.013999999999999999,0.034,0.6,0.003
±¤Áø±¸,2017-09-08,1608,304821.0,98.9,1.2,4.8,6.3,24.8,0.0,64.7,35,26,0.038,0.044000000000000004,0.8,0.004
±¤Áø±¸,2017-09-09,1905,304821.0,98.9,1.1,4.2,5.7,24.5,0.0,64.5,43,33,0.031,0.049,0.9,0.005
±¤Áø±¸,2017-09-10,1429,304821.0,98.9,1.4,3.8,5.1,23.5,0.0,72.5,37,29,0.027000000000000003,0.034,0.9,0.003
±¤Áø±¸,2017-09-11,1183,304821.0,98.9,1.8,4.9,6.1,21.7,17.5,77.2,16,14,0.035,0.022000000000000002,0.6,0.002
±¤Áø±¸,2017-09-12,1677,304821.0,98.9,1.3,6.3,7.9,23.0,0.0,58.1,21,11,0.026000000000000002,0.032,0.6,0.004
±¤Áø±¸,2017-09-13,1826,304821.0,98.9,1.3,5.5,6.7,22.2,0.0,48.3,21,10,0.023,0.04,0.4,0.004
±¤Áø±¸,2017-09-14,1727,304821.0,98.9,1.4,4.1,5.7,22.5,0.0,49.9,21,11,0.026000000000000002,0.034,0.5,0.005
±¤Áø±¸,2017-09-15,1862,304821.0,98.9,2.9,7.2,9.3,23.0,0.0,49.3,12,7,0.031,0.018000000000000002,0.4,0.003
±¤Áø±¸,2017-09-16,2150,304821.0,98.9,2.8,7.2,11.0,22.2,0.0,51.0,8,4,0.027999999999999997,0.017,0.4,0.003
±¤Áø±¸,2017-09-17,2216,304821.0,98.9,2.5,6.3,7.5,23.1,0.0,53.6,6,4,0.03,0.013999999999999999,0.3,0.003
±¤Áø±¸,2017-09-18,1931,304821.0,98.9,1.4,5.8,7.8,22.3,0.0,59.8,15,8,0.028999999999999998,0.027999999999999997,0.5,0.003
±¤Áø±¸,2017-09-19,1243,304821.0,98.9,2.1,9.6,13.3,23.4,8.0,74.3,50,34,0.044000000000000004,0.038,0.9,0.006
±¤Áø±¸,2017-09-20,1887,304821.0,98.9,1.5,5.9,8.0,20.6,0.0,45.1,21,9,0.032,0.026000000000000002,0.5,0.005
±¤Áø±¸,2017-09-21,1859,304821.0,98.9,0.3,3.3,4.8,20.3,0.0,54.2,23,13,0.027999999999999997,0.045,0.6,0.004
±¤Áø±¸,2017-09-22,1928,304821.0,98.9,0.6,5.2,6.9,20.9,0.0,57.9,25,18,0.042,0.036000000000000004,0.6,0.006
±¤Áø±¸,2017-09-23,2091,304821.0,98.9,0.6,3.9,5.4,21.9,0.0,66.9,49,26,0.031,0.046,0.7,0.005
±¤Áø±¸,2017-09-24,1937,304821.0,98.9,0.9,7.5,9.6,22.6,0.0,70.7,54,37,0.042,0.027999999999999997,0.8,0.003
±¤Áø±¸,2017-09-25,1921,304821.0,98.9,0.6,4.4,5.4,23.4,0.0,60.0,38,26,0.033,0.038,0.7,0.003
±¤Áø±¸,2017-09-26,1727,304821.0,98.9,1.4,4.6,5.7,24.5,0.0,59.1,37,23,0.036000000000000004,0.039,0.7,0.003
±¤Áø±¸,2017-09-27,1561,304821.0,98.9,0.9,6.1,7.8,23.3,0.0,63.3,30,20,0.027999999999999997,0.039,0.7,0.003
±¤Áø±¸,2017-09-28,1791,304821.0,98.9,2.3,9.2,12.4,20.3,0.0,49.4,18,7,0.035,0.02,0.5,0.003
±¤Áø±¸,2017-09-29,1879,304821.0,98.9,1.5,6.1,8.5,17.5,0.0,40.1,18,9,0.027999999999999997,0.033,0.5,0.005
±¤Áø±¸,2017-09-30,1835,304821.0,98.9,0.8,4.6,5.4,20.1,0.0,59.0,30,18,0.027000000000000003,0.046,0.7,0.004
±¤Áø±¸,2017-10-01,542,304746.0,99.4,0.5,3.6,4.6,18.4,3.0,72.6,28,20,0.027000000000000003,0.032,0.7,0.003
±¤Áø±¸,2017-10-02,1549,304746.0,99.4,1.1,5.0,6.2,21.4,2.5,66.1,14,9,0.036000000000000004,0.021,0.5,0.004
±¤Áø±¸,2017-10-03,1173,304746.0,99.4,1.5,5.3,7.0,18.8,0.0,48.6,31,11,0.034,0.016,0.4,0.003
±¤Áø±¸,2017-10-04,1087,304746.0,99.4,1.6,4.3,5.8,17.3,0.0,45.1,17,8,0.034,0.015,0.4,0.004
±¤Áø±¸,2017-10-05,1548,304746.0,99.4,1.2,4.7,6.1,18.5,0.0,58.7,12,7,0.031,0.019,0.4,0.003
±¤Áø±¸,2017-10-06,1146,304746.0,99.4,1.3,6.3,7.8,18.6,0.0,66.4,9,6,0.033,0.015,0.4,0.006
±¤Áø±¸,2017-10-07,2185,304746.0,99.4,0.6,4.8,5.8,21.3,0.0,69.4,6,4,0.031,0.022000000000000002,0.5,0.003
±¤Áø±¸,2017-10-08,2256,304746.0,99.4,0.5,3.7,4.8,23.0,0.0,65.8,15,12,0.032,0.028999999999999998,0.7,0.005
±¤Áø±¸,2017-10-09,2314,304746.0,99.4,0.8,4.4,5.7,22.8,0.0,63.7,24,18,0.032,0.039,0.7,0.006
±¤Áø±¸,2017-10-10,1462,304746.0,99.4,0.3,2.8,4.8,21.7,0.5,73.6,26,19,0.018000000000000002,0.043,0.6,0.004
±¤Áø±¸,2017-10-11,1072,304746.0,99.4,1.4,5.8,7.7,16.8,20.0,75.2,10,6,0.026000000000000002,0.02,0.5,0.003
±¤Áø±¸,2017-10-12,1467,304746.0,99.4,1.6,4.4,6.7,12.9,0.0,62.2,18,11,0.013999999999999999,0.027000000000000003,0.5,0.003
±¤Áø±¸,2017-10-13,1549,304746.0,99.4,1.3,4.7,6.1,13.3,0.0,49.2,23,15,0.017,0.024,0.4,0.003
±¤Áø±¸,2017-10-14,1727,304746.0,99.4,1.6,6.5,8.0,14.6,0.0,42.8,19,11,0.024,0.025,0.4,0.004
±¤Áø±¸,2017-10-15,1849,304746.0,99.4,1.5,4.9,6.6,15.6,0.0,41.3,18,11,0.028999999999999998,0.02,0.4,0.005
±¤Áø±¸,2017-10-16,1711,304746.0,99.4,1.0,5.0,5.7,16.9,0.0,46.4,24,15,0.031,0.022000000000000002,0.4,0.004
±¤Áø±¸,2017-10-17,1853,304746.0,99.4,0.6,3.8,4.5,16.3,0.0,44.6,29,18,0.025,0.031,0.5,0.004
±¤Áø±¸,2017-10-18,1330,304746.0,99.4,0.9,3.8,5.7,16.8,0.0,55.9,21,13,0.026000000000000002,0.026000000000000002,0.4,0.004
±¤Áø±¸,2017-10-19,1755,304746.0,99.4,1.0,4.3,5.0,16.9,0.0,55.4,14,9,0.027999999999999997,0.025,0.4,0.004
±¤Áø±¸,2017-10-20,1783,304746.0,99.4,0.8,3.3,4.4,17.0,0.0,54.0,23,14,0.02,0.035,0.5,0.003
±¤Áø±¸,2017-10-21,1990,304746.0,99.4,0.8,4.6,6.3,17.5,0.0,50.8,29,18,0.023,0.032,0.5,0.004
±¤Áø±¸,2017-10-22,1582,304746.0,99.4,3.0,8.8,12.0,16.3,0.0,49.3,19,11,0.035,0.016,0.4,0.003
±¤Áø±¸,2017-10-23,1568,304746.0,99.4,1.3,4.4,5.5,14.0,0.0,43.4,23,9,0.032,0.025,0.3,0.003
±¤Áø±¸,2017-10-24,1612,304746.0,99.4,0.9,3.6,4.5,14.3,0.0,49.0,26,14,0.024,0.031,0.5,0.004
±¤Áø±¸,2017-10-25,1633,304746.0,99.4,0.6,5.2,6.4,14.6,0.0,54.7,35,22,0.022000000000000002,0.04,0.6,0.004
±¤Áø±¸,2017-10-26,1590,304746.0,99.4,0.3,2.8,3.3,14.7,0.0,53.5,44,28,0.016,0.05,0.7,0.003
±¤Áø±¸,2017-10-27,1712,304746.0,99.4,0.4,2.8,3.8,17.1,0.0,47.7,50,34,0.023,0.051,0.8,0.004
±¤Áø±¸,2017-10-28,1708,304746.0,99.4,0.9,4.2,4.6,16.8,0.0,40.9,37,25,0.027999999999999997,0.042,0.6,0.003
±¤Áø±¸,2017-10-29,1257,304746.0,99.4,1.7,6.6,11.0,12.9,0.0,35.3,54,22,0.027999999999999997,0.027000000000000003,0.6,0.002
±¤Áø±¸,2017-10-30,1244,304746.0,99.4,1.9,5.8,7.4,8.6,0.0,14.4,32,13,0.027000000000000003,0.023,0.4,0.004
±¤Áø±¸,2017-10-31,1375,304746.0,99.4,1.3,6.3,7.7,10.0,0.0,41.6,32,16,0.016,0.040999999999999995,0.6,0.005
±¤Áø±¸,2017-11-01,1433,304890.0,100.0,0.6,5.3,6.3,14.5,0.0,60.7,45,22,0.025,0.042,0.6,0.005
±¤Áø±¸,2017-11-02,1465,304890.0,100.0,0.1,2.1,3.6,14.9,0.0,67.8,58,29,0.031,0.039,0.5,0.005
±¤Áø±¸,2017-11-03,1002,304890.0,100.0,,,,,,,46,28,0.035,0.025,0.5,0.005
±¤Áø±¸,2017-11-04,1016,304890.0,100.0,,,,,,,52,40,0.032,0.021,0.5,0.003
±¤Áø±¸,2017-11-05,1110,304890.0,100.0,,,,,,,46,33,0.02,0.037000000000000005,0.7,0.003
±¤Áø±¸,2017-11-06,1374,304890.0,100.0,,,,,,,38,24,0.017,0.046,0.6,0.004
±¤Áø±¸,2017-11-07,1560,304890.0,100.0,0.6,3.1,4.1,14.1,0.0,53.4,48,29,0.013999999999999999,0.055999999999999994,0.7,0.004
±¤Áø±¸,2017-11-08,1423,304890.0,100.0,2.2,6.6,8.7,14.5,0.0,45.4,71,33,0.039,0.024,0.5,0.004
±¤Áø±¸,2017-11-09,1464,304890.0,100.0,1.0,3.1,4.3,10.3,0.0,32.9,51,24,0.016,0.044000000000000004,0.6,0.005
±¤Áø±¸,2017-11-10,811,304890.0,100.0,2.2,8.4,14.6,10.2,8.5,44.9,44,23,0.019,0.035,0.6,0.004
±¤Áø±¸,2017-11-11,919,304890.0,100.0,1.8,6.6,10.8,7.2,0.0,24.9,75,12,0.025,0.021,0.4,0.004
±¤Áø±¸,2017-11-12,874,304890.0,100.0,1.4,4.8,5.9,6.1,0.0,46.4,35,20,0.016,0.037000000000000005,0.5,0.003
±¤Áø±¸,2017-11-13,967,304890.0,100.0,1.1,4.1,6.0,8.3,2.0,53.7,44,27,0.01,0.045,0.7,0.003
±¤Áø±¸,2017-11-14,1046,304890.0,100.0,2.1,7.0,9.4,9.0,0.0,32.9,49,19,0.026000000000000002,0.024,0.5,0.005
±¤Áø±¸,2017-11-15,888,304890.0,100.0,2.4,8.9,12.8,4.3,0.0,29.8,27,12,0.027000000000000003,0.02,0.3,0.004
±¤Áø±¸,2017-11-16,901,304890.0,100.0,1.6,4.8,6.4,2.3,0.0,19.4,26,15,0.02,0.028999999999999998,0.5,0.004
±¤Áø±¸,2017-11-17,807,304890.0,100.0,2.0,5.3,6.6,3.4,0.0,21.6,40,25,0.008,0.046,0.6,0.005
±¤Áø±¸,2017-11-18,487,304890.0,100.0,2.3,5.2,7.4,-0.5,0.0,18.4,41,24,0.028999999999999998,0.015,0.4,0.003
±¤Áø±¸,2017-11-19,484,304890.0,100.0,2.0,7.3,9.4,-0.6,0.0,15.6,23,11,0.026000000000000002,0.019,0.4,0.004
±¤Áø±¸,2017-11-20,802,304890.0,100.0,1.6,3.9,5.6,0.7,0.0,32.9,35,22,0.013000000000000001,0.036000000000000004,0.6,0.004
±¤Áø±¸,2017-11-21,872,304890.0,100.0,1.3,3.3,4.1,1.6,0.0,40.1,53,37,0.006,0.043,0.8,0.004
±¤Áø±¸,2017-11-22,806,304890.0,100.0,1.7,6.3,9.0,4.9,0.0,36.5,69,38,0.011000000000000001,0.038,0.7,0.004
±¤Áø±¸,2017-11-23,807,304890.0,100.0,2.1,7.8,11.8,2.2,0.0,25.8,26,13,0.015,0.026000000000000002,0.5,0.004
±¤Áø±¸,2017-11-24,632,304890.0,100.0,1.7,6.1,9.3,0.6,0.5,44.5,21,14,0.013000000000000001,0.025,0.5,0.003
±¤Áø±¸,2017-11-25,291,304890.0,100.0,1.4,4.1,5.1,2.6,21.5,57.0,25,17,0.005,0.040999999999999995,0.8,0.003
±¤Áø±¸,2017-11-26,533,304890.0,100.0,1.7,6.3,8.4,4.2,0.0,54.0,33,23,0.013000000000000001,0.028999999999999998,0.6,0.001
±¤Áø±¸,2017-11-27,811,304890.0,100.0,0.9,2.7,3.2,3.1,0.0,37.9,47,31,0.006999999999999999,0.042,0.8,0.003
±¤Áø±¸,2017-11-28,911,304890.0,100.0,0.8,4.1,5.5,6.3,0.5,46.1,74,50,0.004,0.055999999999999994,1.0,0.004
±¤Áø±¸,2017-11-29,797,304890.0,100.0,1.5,4.4,5.8,5.0,0.0,35.0,66,31,0.011000000000000001,0.034,0.6,0.002
±¤Áø±¸,2017-11-30,670,304890.0,100.0,2.7,6.3,8.7,-1.0,0.0,17.0,24,10,0.025,0.018000000000000002,0.4,0.002
±¤Áø±¸,2017-12-01,661,304786.0,101.6,1.5,5.7,8.1,-1.5,0.0,47.3,24,14,0.013000000000000001,0.033,0.5,0.003
±¤Áø±¸,2017-12-02,594,304786.0,101.6,1.2,3.4,4.7,1.9,0.0,63.1,42,27,0.006,0.042,0.7,0.004
±¤Áø±¸,2017-12-03,481,304786.0,101.6,1.3,4.5,5.9,5.1,3.0,81.3,53,40,0.006,0.036000000000000004,0.6,
±¤Áø±¸,2017-12-04,614,304786.0,101.6,2.7,7.8,10.3,0.4,0.0,53.2,46,30,0.019,0.023,0.5,
±¤Áø±¸,2017-12-05,592,304786.0,101.6,2.1,6.4,8.8,-3.4,0.0,39.2,22,11,0.02,0.021,0.4,0.003
±¤Áø±¸,2017-12-06,459,304786.0,101.6,1.7,6.4,8.0,0.2,3.0,72.8,32,22,0.008,0.035,0.6,0.004
±¤Áø±¸,2017-12-07,553,304786.0,101.6,1.8,5.6,6.9,1.8,0.0,67.5,48,34,0.012,0.031,0.7,0.003
±¤Áø±¸,2017-12-08,576,304786.0,101.6,2.1,5.5,7.3,-2.8,0.0,43.3,33,22,0.016,0.025,0.5,
±¤Áø±¸,2017-12-09,490,304786.0,101.6,1.3,3.6,4.7,-0.1,0.0,49.9,38,25,0.005,0.042,0.7,
±¤Áø±¸,2017-12-10,229,304786.0,101.6,2.1,6.8,11.9,1.5,5.5,71.4,41,27,0.012,0.028999999999999998,0.6,
±¤Áø±¸,2017-12-11,358,304786.0,101.6,3.1,8.0,11.0,-5.7,0.0,42.0,45,10,0.019,0.013000000000000001,0.3,
±¤Áø±¸,2017-12-12,342,304786.0,101.6,2.0,5.5,7.7,-8.3,0.0,44.0,33,18,0.016,0.02,0.5,
±¤Áø±¸,2017-12-13,404,304786.0,101.6,1.6,4.5,5.5,-7.2,0.0,43.4,38,22,0.012,0.03,0.6,0.004
±¤Áø±¸,2017-12-14,426,304786.0,101.6,1.5,3.7,4.7,-6.1,0.0,48.5,56,35,0.005,0.04,0.8,0.005
±¤Áø±¸,2017-12-15,487,304786.0,101.6,1.2,3.5,4.8,-2.9,0.0,56.1,83,53,0.003,0.057999999999999996,1.2,0.009000000000000001
±¤Áø±¸,2017-12-16,284,304786.0,101.6,2.3,6.1,9.2,-4.2,0.0,47.0,43,27,0.019,0.02,0.5,0.005
±¤Áø±¸,2017-12-17,203,304786.0,101.6,1.7,6.0,8.2,-5.8,0.0,41.6,36,12,0.022000000000000002,0.02,0.5,0.004
±¤Áø±¸,2017-12-18,129,304786.0,101.6,1.3,5.2,7.8,-2.2,1.5,81.0,55,33,0.005,0.043,0.8,0.005
±¤Áø±¸,2017-12-19,213,304786.0,101.6,1.8,5.9,9.4,-2.9,0.0,51.1,45,19,0.013999999999999999,0.025,0.6,0.004
±¤Áø±¸,2017-12-20,306,304786.0,101.6,1.8,4.5,5.6,-3.8,0.0,66.6,41,25,0.005,0.04,0.7,0.004
±¤Áø±¸,2017-12-21,350,304786.0,101.6,1.3,4.3,5.6,-0.4,0.0,74.4,56,39,0.005,0.05,0.9,0.005
±¤Áø±¸,2017-12-22,403,304786.0,101.6,1.1,2.8,4.3,2.8,0.0,69.7,66,46,0.003,0.059000000000000004,1.0,0.006
±¤Áø±¸,2017-12-23,441,304786.0,101.6,0.8,2.6,4.0,6.5,0.0,75.4,109,72,0.006999999999999999,0.063,1.0,0.006
±¤Áø±¸,2017-12-24,113,304786.0,101.6,1.7,4.7,6.9,3.6,19.5,82.8,80,58,0.016,0.039,0.8,0.004
±¤Áø±¸,2017-12-25,243,304786.0,101.6,2.2,6.2,8.5,-1.3,0.0,46.0,30,17,0.022000000000000002,0.022000000000000002,0.4,0.004
±¤Áø±¸,2017-12-26,382,304786.0,101.6,2.4,8.7,12.1,-2.5,0.0,45.9,29,14,0.017,0.026000000000000002,0.5,0.004
±¤Áø±¸,2017-12-27,314,304786.0,101.6,2.1,6.2,7.9,-6.0,0.0,33.0,27,14,0.015,0.027000000000000003,0.5,0.005
±¤Áø±¸,2017-12-28,432,304786.0,101.6,1.2,3.1,4.3,-1.9,0.0,51.1,49,29,0.005,0.049,0.7,0.005
±¤Áø±¸,2017-12-29,463,304786.0,101.6,1.2,4.3,5.8,2.7,0.0,67.8,93,62,0.006999999999999999,0.062,1.1,0.006999999999999999
±¤Áø±¸,2017-12-30,260,304786.0,101.6,1.3,2.7,3.6,1.9,0.5,78.8,136,96,0.005,0.06,1.0,0.005
±¤Áø±¸,2017-12-31,230,304786.0,101.6,2.4,5.9,8.2,1.1,0.5,56.5,63,37,0.023,0.023,0.6,0.004
