area,朝楼,rentcnt,牢备,酒颇飘啊拜,乞闭浅加,弥措浅加,鉴埃弥绊浅加,扁柯乞闭,碍荐老碍荐,嚼档乞闭,固技刚瘤,檬固技刚瘤,坷粮,捞魂拳龙家,老魂拳藕家,酒炔魂啊胶
吝备,2016-01-01,39,103841.0,95.2,0.8,2.7,3.0,1.5,0.0,,61.0,35.0,0.005,0.065,0.8,0.006999999999999999
吝备,2016-01-02,50,103841.0,95.2,1.1,2.9,3.3,5.6,0.0,,47.0,25.0,0.006999999999999999,0.064,0.6,0.006999999999999999
吝备,2016-01-03,46,103841.0,95.2,1.3,5.0,5.7,6.4,0.0,,86.0,50.0,0.016,0.064,0.5,0.009000000000000001
吝备,2016-01-04,72,103841.0,95.2,3.2,6.1,7.5,1.2,0.0,,70.0,38.0,0.026000000000000002,0.032,0.4,0.006999999999999999
吝备,2016-01-05,58,103841.0,95.2,2.4,5.5,6.3,-3.6,0.0,,30.0,13.0,0.02,0.027999999999999997,0.2,0.006999999999999999
吝备,2016-01-06,60,103841.0,95.2,2.0,6.0,6.8,-1.7,0.0,,63.0,24.0,0.008,0.046,0.5,0.008
吝备,2016-01-07,54,103841.0,95.2,2.8,5.9,6.9,-3.8,0.0,,39.0,19.0,0.016,0.027000000000000003,0.3,0.006999999999999999
吝备,2016-01-08,63,103841.0,95.2,3.2,7.2,8.2,-2.3,0.0,,32.0,14.0,0.017,0.027000000000000003,0.3,0.006999999999999999
吝备,2016-01-09,38,103841.0,95.2,2.3,5.3,6.9,-2.7,0.0,,34.0,17.0,0.016,0.031,0.4,0.006999999999999999
吝备,2016-01-10,35,103841.0,95.2,2.9,6.9,8.0,-0.1,0.0,,30.0,16.0,0.023,0.024,0.4,0.006999999999999999
吝备,2016-01-11,66,103841.0,95.2,2.6,6.7,7.5,-3.9,0.0,,40.0,20.0,0.019,0.027000000000000003,0.4,0.006999999999999999
吝备,2016-01-12,61,103841.0,95.2,1.9,5.9,6.9,-5.4,0.0,,47.0,20.0,0.011000000000000001,0.038,0.5,0.006999999999999999
吝备,2016-01-13,47,103841.0,95.2,2.2,8.1,9.0,-4.9,0.5,,35.0,16.0,0.015,0.032,0.4,0.006999999999999999
吝备,2016-01-14,52,103841.0,95.2,1.5,6.8,7.6,-4.3,0.0,,42.0,18.0,0.013000000000000001,0.038,0.5,0.008
吝备,2016-01-15,68,103841.0,95.2,2.1,4.4,4.9,-0.8,0.0,,47.0,24.0,0.008,0.051,0.7,0.008
吝备,2016-01-16,42,103841.0,95.2,3.9,6.1,6.5,-0.9,0.0,,67.0,35.0,0.004,0.055,0.9,0.006999999999999999
吝备,2016-01-17,45,103841.0,95.2,3.5,7.0,7.4,1.1,0.0,,71.0,42.0,0.005,0.055,0.9,0.006999999999999999
吝备,2016-01-18,40,103841.0,95.2,4.9,11.4,13.8,-6.4,0.0,,57.0,27.0,0.021,0.024,0.6,0.006
吝备,2016-01-19,31,103841.0,95.2,5.7,11.4,14.6,-13.6,0.0,,41.0,12.0,0.024,0.016,0.3,0.006
吝备,2016-01-20,38,103841.0,95.2,2.0,5.7,7.0,-11.1,0.0,,35.0,18.0,0.018000000000000002,0.026000000000000002,0.4,0.006
吝备,2016-01-21,45,103841.0,95.2,1.7,5.4,6.0,-7.3,0.0,,45.0,23.0,0.013000000000000001,0.037000000000000005,0.6,0.006999999999999999
吝备,2016-01-22,53,103841.0,95.2,2.5,8.6,10.5,-8.1,0.0,,49.0,25.0,0.016,0.031,0.6,0.006999999999999999
吝备,2016-01-23,12,103841.0,95.2,4.5,9.8,12.8,-11.9,0.0,,32.0,11.0,0.026000000000000002,0.013999999999999999,0.4,0.006999999999999999
吝备,2016-01-24,9,103841.0,95.2,3.5,7.8,9.2,-15.4,0.0,,39.0,18.0,0.024,0.015,0.4,0.006999999999999999
吝备,2016-01-25,41,103841.0,95.2,2.1,5.4,6.1,-10.1,0.0,,50.0,16.0,0.016,0.03,0.5,0.006999999999999999
吝备,2016-01-26,45,103841.0,95.2,2.0,4.9,6.8,-4.8,0.0,,78.0,34.0,0.004,0.061,1.2,0.009000000000000001
吝备,2016-01-27,74,103841.0,95.2,2.1,5.6,6.1,-1.0,0.0,,59.0,27.0,0.012,0.046,0.9,0.009000000000000001
吝备,2016-01-28,74,103841.0,95.2,2.4,5.7,6.3,-0.8,0.0,,52.0,24.0,0.005,0.055999999999999994,1.1,0.006999999999999999
吝备,2016-01-29,62,103841.0,95.2,3.5,6.1,6.9,1.6,0.0,,44.0,22.0,0.01,0.044000000000000004,0.9,0.008
吝备,2016-01-30,43,103841.0,95.2,2.7,5.5,6.6,0.7,0.0,,41.0,22.0,0.01,0.046,1.1,0.006999999999999999
吝备,2016-01-31,23,103841.0,95.2,3.1,6.3,7.3,-4.4,0.0,,38.0,19.0,0.026000000000000002,0.019,0.6,0.006999999999999999
吝备,2016-02-01,47,103743.0,95.3,2.2,5.8,6.1,-4.2,0.0,33.4,37.0,17.0,0.023,0.023,0.7,0.006999999999999999
吝备,2016-02-02,61,103743.0,95.3,2.1,5.0,5.9,-1.3,0.0,37.3,42.0,14.0,0.016,0.038,0.7,0.008
吝备,2016-02-03,60,103743.0,95.3,1.6,5.8,7.0,-1.7,0.0,52.4,54.0,24.0,0.009000000000000001,0.063,1.1,0.009000000000000001
吝备,2016-02-04,69,103743.0,95.3,2.0,6.3,8.8,0.8,0.0,54.1,50.0,25.0,0.016,0.045,0.9,0.008
吝备,2016-02-05,48,103743.0,95.3,1.9,6.4,8.6,-0.7,0.0,40.6,39.0,16.0,0.02,0.036000000000000004,0.7,0.008
吝备,2016-02-06,25,103743.0,95.3,2.0,6.5,8.4,-0.9,0.0,39.9,49.0,22.0,0.026000000000000002,0.023,0.7,0.008
吝备,2016-02-07,28,103743.0,95.3,1.7,5.5,6.9,-1.5,0.0,46.5,46.0,20.0,0.013999999999999999,0.04,0.8,0.006999999999999999
吝备,2016-02-08,31,103743.0,95.3,2.3,8.8,11.5,2.0,0.0,62.2,76.0,37.0,0.021,0.042,0.9,0.009000000000000001
吝备,2016-02-09,38,103743.0,95.3,2.7,7.2,9.8,2.2,0.0,51.9,52.0,24.0,0.027000000000000003,0.022000000000000002,0.7,0.008
吝备,2016-02-10,58,103743.0,95.3,1.4,3.2,4.2,3.3,0.0,45.1,40.0,19.0,0.006999999999999999,0.055999999999999994,1.0,0.006999999999999999
吝备,2016-02-11,89,103743.0,95.3,1.9,3.9,5.8,8.0,0.0,36.8,46.0,23.0,0.004,0.065,1.1,0.008
吝备,2016-02-12,5,103743.0,95.3,1.6,3.8,5.5,9.1,17.0,93.2,34.0,17.0,0.005,0.055999999999999994,1.1,0.006
吝备,2016-02-13,25,103743.0,95.3,1.8,8.8,11.4,12.1,20.5,95.8,14.0,9.0,0.003,0.042,1.0,0.006
吝备,2016-02-14,9,103743.0,95.3,4.2,8.5,11.9,-0.4,0.5,76.8,28.0,14.0,0.023,0.015,0.7,0.005
吝备,2016-02-15,45,103743.0,95.3,2.8,9.1,12.3,-4.7,0.0,50.3,34.0,9.0,0.027000000000000003,0.018000000000000002,1.0,0.005
吝备,2016-02-16,52,103743.0,95.3,2.1,7.9,10.8,-1.2,1.0,68.0,28.0,14.0,0.017,0.032,0.9,0.006
吝备,2016-02-17,74,103743.0,95.3,1.9,7.5,9.6,1.0,0.0,57.4,39.0,13.0,0.013999999999999999,0.035,0.5,0.006999999999999999
吝备,2016-02-18,70,103743.0,95.3,1.9,7.5,10.3,4.8,0.0,68.0,47.0,20.0,0.016,0.043,0.6,0.008
吝备,2016-02-19,82,103743.0,95.3,1.4,5.9,8.0,4.5,0.0,58.9,77.0,35.0,0.008,0.047,0.9,0.008
吝备,2016-02-20,43,103743.0,95.3,2.2,6.8,9.9,3.3,0.0,40.6,42.0,13.0,0.021,0.03,0.4,0.006999999999999999
吝备,2016-02-21,44,103743.0,95.3,2.4,8.1,9.9,0.9,0.0,37.6,26.0,10.0,0.028999999999999998,0.019,0.4,0.006
吝备,2016-02-22,80,103743.0,95.3,1.5,4.6,5.5,2.4,0.0,37.5,45.0,15.0,0.012,0.043,0.6,0.006999999999999999
吝备,2016-02-23,73,103743.0,95.3,2.3,8.2,12.9,2.2,0.0,58.8,66.0,30.0,0.006999999999999999,0.042,0.6,0.006999999999999999
吝备,2016-02-24,69,103743.0,95.3,2.2,6.4,8.4,-1.4,0.0,43.9,,,,,,
吝备,2016-02-25,69,103743.0,95.3,2.8,9.0,13.0,0.9,0.0,49.0,80.0,34.0,0.018000000000000002,0.039,0.8,0.009000000000000001
吝备,2016-02-26,79,103743.0,95.3,1.8,7.4,9.9,3.4,0.0,40.8,49.0,24.0,0.021,0.038,0.7,0.008
吝备,2016-02-27,73,103743.0,95.3,1.9,5.8,7.5,4.7,0.0,62.4,63.0,34.0,0.019,0.04,0.6,0.008
吝备,2016-02-28,13,103743.0,95.3,2.1,7.1,8.8,2.1,2.0,68.2,39.0,21.0,0.015,0.044000000000000004,0.6,0.006999999999999999
吝备,2016-02-29,38,103743.0,95.3,2.8,7.1,11.0,-2.0,0.0,49.9,55.0,23.0,0.028999999999999998,0.021,0.6,0.006999999999999999
吝备,2016-03-01,35,103901.0,95.3,2.2,6.4,8.6,-1.4,0.0,45.8,32.0,16.0,0.026000000000000002,0.026000000000000002,0.7,0.006
吝备,2016-03-02,76,103901.0,95.3,1.9,7.3,10.9,4.0,0.0,68.5,29.0,15.0,0.009000000000000001,0.046,0.8,0.006999999999999999
吝备,2016-03-03,105,103901.0,95.3,1.6,5.5,6.7,8.6,0.0,67.8,86.0,36.0,0.009000000000000001,0.071,0.5,0.006999999999999999
吝备,2016-03-04,153,103901.0,95.3,1.8,4.2,6.2,13.0,0.0,60.7,67.0,30.0,0.012,0.057999999999999996,0.5,0.006999999999999999
吝备,2016-03-05,19,103901.0,95.3,1.6,6.4,9.5,12.8,33.0,90.6,26.0,16.0,0.009000000000000001,0.035,0.3,0.006
吝备,2016-03-06,77,103901.0,95.3,2.3,6.7,8.5,9.7,0.0,58.0,,,,,,
吝备,2016-03-07,110,103901.0,95.3,1.5,4.8,5.6,9.3,0.0,42.5,117.0,26.0,0.006999999999999999,0.055999999999999994,0.4,0.006999999999999999
吝备,2016-03-08,99,103901.0,95.3,2.6,6.3,8.5,5.0,0.0,36.8,78.0,19.0,0.027999999999999997,0.021,0.2,0.006
吝备,2016-03-09,95,103901.0,95.3,2.8,6.3,10.6,1.9,0.0,40.2,45.0,12.0,0.028999999999999998,0.015,0.4,0.006
吝备,2016-03-10,95,103901.0,95.3,2.2,6.7,8.8,0.7,0.0,37.5,33.0,12.0,0.026000000000000002,0.016,0.5,0.006999999999999999
吝备,2016-03-11,92,103901.0,95.3,2.4,7.6,9.3,0.9,0.0,43.5,32.0,14.0,0.031,0.027000000000000003,0.4,0.004
吝备,2016-03-12,49,103901.0,95.3,2.1,6.8,8.3,3.2,0.0,58.3,40.0,16.0,0.024,0.039,0.6,0.005
吝备,2016-03-13,59,103901.0,95.3,1.1,3.8,5.0,5.0,0.0,68.8,53.0,28.0,0.034,0.035,0.6,0.006
吝备,2016-03-14,118,103901.0,95.3,1.5,4.8,6.3,6.1,0.0,60.2,53.0,33.0,0.04,0.027000000000000003,0.6,0.004
吝备,2016-03-15,109,103901.0,95.3,2.1,5.8,7.5,6.6,0.0,43.5,48.0,21.0,0.027000000000000003,0.046,0.6,0.006
吝备,2016-03-16,145,103901.0,95.3,2.0,7.0,8.8,8.8,0.0,48.5,53.0,24.0,0.024,0.057999999999999996,0.7,0.01
吝备,2016-03-17,168,103901.0,95.3,1.3,3.9,5.0,9.8,0.0,43.5,64.0,31.0,0.009000000000000001,0.08900000000000001,1.0,0.006999999999999999
吝备,2016-03-18,179,103901.0,95.3,1.5,4.7,6.7,13.6,0.0,53.6,53.0,29.0,0.024,0.065,0.9,0.006
吝备,2016-03-19,159,103901.0,95.3,2.5,6.5,8.8,12.9,0.0,59.0,64.0,34.0,0.032,0.039,0.7,0.005
吝备,2016-03-20,116,103901.0,95.3,1.8,5.1,6.3,11.4,0.0,55.4,74.0,37.0,0.025,0.051,0.8,0.008
吝备,2016-03-21,176,103901.0,95.3,2.0,6.8,9.1,11.2,0.0,56.0,75.0,40.0,0.022000000000000002,0.063,0.9,0.006999999999999999
吝备,2016-03-22,150,103901.0,95.3,2.4,7.0,9.1,9.4,0.0,56.1,62.0,37.0,0.027000000000000003,0.053,0.7,0.006
吝备,2016-03-23,184,103901.0,95.3,2.3,7.6,10.7,9.3,0.0,53.3,67.0,35.0,0.034,0.034,0.6,0.005
吝备,2016-03-24,169,103901.0,95.3,2.2,6.3,8.7,8.2,0.0,39.3,35.0,18.0,0.033,0.03,0.5,0.004
吝备,2016-03-25,149,103901.0,95.3,2.0,5.5,7.6,8.0,0.0,48.3,63.0,30.0,0.026000000000000002,0.047,0.7,0.005
吝备,2016-03-26,115,103901.0,95.3,2.0,6.6,8.8,7.6,0.0,52.8,58.0,34.0,0.03,0.045,0.7,0.005
吝备,2016-03-27,118,103901.0,95.3,2.4,8.1,10.6,8.1,0.0,51.3,56.0,33.0,0.040999999999999995,0.039,0.7,0.006999999999999999
吝备,2016-03-28,180,103901.0,95.3,1.7,5.6,7.6,10.3,0.0,48.3,57.0,32.0,0.034,0.057,0.8,0.008
吝备,2016-03-29,148,103901.0,95.3,2.4,8.5,12.5,12.7,0.0,57.7,81.0,43.0,0.046,0.048,0.9,0.008
吝备,2016-03-30,175,103901.0,95.3,2.1,7.3,9.3,12.7,0.0,53.0,77.0,37.0,0.032,0.046,0.8,0.006
吝备,2016-03-31,168,103901.0,95.3,1.8,5.7,7.4,14.3,0.0,32.2,44.0,17.0,0.018000000000000002,0.067,0.9,0.006999999999999999
吝备,2016-04-01,218,103896.0,95.3,1.8,6.0,7.8,16.4,0.0,31.8,60.0,24.0,0.025,0.07,0.9,0.006999999999999999
吝备,2016-04-02,181,103896.0,95.3,2.1,7.5,11.2,16.1,0.0,41.9,67.0,32.0,0.038,0.06,0.9,0.006999999999999999
吝备,2016-04-03,55,103896.0,95.3,1.9,6.6,8.8,12.2,2.0,76.2,40.0,24.0,0.027999999999999997,0.037000000000000005,0.7,0.004
吝备,2016-04-04,219,103896.0,95.3,2.0,5.8,8.4,13.1,0.0,48.5,26.0,11.0,0.021,0.042,0.7,0.004
吝备,2016-04-05,205,103896.0,95.3,2.3,7.3,9.9,13.0,0.0,43.5,52.0,18.0,0.03,0.045,0.7,0.006999999999999999
吝备,2016-04-06,211,103896.0,95.3,1.5,6.7,9.5,15.3,2.5,43.7,66.0,30.0,0.02,0.066,0.9,0.006999999999999999
吝备,2016-04-07,188,103896.0,95.3,2.5,7.3,9.9,15.3,8.0,71.5,34.0,20.0,0.033,0.034,0.5,0.004
吝备,2016-04-08,190,103896.0,95.3,2.4,8.0,11.2,12.7,0.0,75.1,70.0,36.0,0.027999999999999997,0.039,0.5,0.004
吝备,2016-04-09,105,103896.0,95.3,1.5,4.5,5.8,12.1,0.0,83.3,109.0,53.0,0.018000000000000002,0.047,0.8,0.005
吝备,2016-04-10,126,103896.0,95.3,2.1,7.6,9.8,15.1,0.0,73.3,125.0,67.0,0.036000000000000004,0.038,0.9,0.005
吝备,2016-04-11,253,103896.0,95.3,2.1,6.0,7.9,13.2,0.0,46.3,49.0,21.0,0.027999999999999997,0.039,0.4,0.003
吝备,2016-04-12,232,103896.0,95.3,1.9,5.4,8.3,14.9,0.0,48.4,59.0,27.0,0.027999999999999997,0.040999999999999995,0.5,0.004
吝备,2016-04-13,234,103896.0,95.3,1.5,5.1,6.5,16.2,0.0,66.7,57.0,30.0,0.019,0.054000000000000006,0.7,0.004
吝备,2016-04-14,197,103896.0,95.3,2.3,7.2,9.1,14.4,0.0,74.0,59.0,31.0,0.013999999999999999,0.049,0.6,0.004
吝备,2016-04-15,228,103896.0,95.3,2.2,6.9,9.0,16.2,0.0,49.3,55.0,26.0,0.031,0.044000000000000004,0.6,0.004
吝备,2016-04-16,51,103896.0,95.3,2.4,8.2,10.9,16.0,23.5,59.7,54.0,25.0,0.017,0.06,0.6,0.004
吝备,2016-04-17,94,103896.0,95.3,4.3,13.0,17.5,12.6,17.0,69.3,48.0,16.0,0.038,0.02,0.5,0.003
吝备,2016-04-18,149,103896.0,95.3,2.5,9.6,12.4,12.6,2.0,64.2,67.0,23.0,0.028999999999999998,0.035,0.5,0.004
吝备,2016-04-19,239,103896.0,95.3,2.1,7.2,9.1,13.3,0.0,57.1,46.0,20.0,0.031,0.032,0.5,0.003
吝备,2016-04-20,157,103896.0,95.3,1.6,5.7,9.2,15.5,0.0,56.4,65.0,30.0,0.017,0.055999999999999994,0.7,0.004
吝备,2016-04-21,142,103896.0,95.3,2.0,4.8,5.9,14.4,19.0,87.7,26.0,16.0,0.026000000000000002,0.036000000000000004,0.5,0.003
吝备,2016-04-22,156,103896.0,95.3,2.4,7.3,10.8,15.3,0.0,81.3,81.0,47.0,0.024,0.04,0.7,0.003
吝备,2016-04-23,141,103896.0,95.3,2.0,6.6,8.8,14.7,0.0,54.3,210.0,43.0,0.024,0.036000000000000004,0.6,0.003
吝备,2016-04-24,174,103896.0,95.3,1.7,5.5,7.8,16.4,0.0,40.0,153.0,28.0,0.028999999999999998,0.035,0.5,0.003
吝备,2016-04-25,236,103896.0,95.3,1.9,6.4,8.1,18.3,0.0,40.6,78.0,24.0,0.021,0.055,0.7,0.004
吝备,2016-04-26,297,103896.0,95.3,1.9,5.4,7.6,21.4,0.0,40.5,81.0,31.0,0.033,0.045,0.7,0.004
吝备,2016-04-27,286,103896.0,95.3,3.2,7.2,10.0,18.3,0.0,34.9,54.0,19.0,0.037000000000000005,0.032,0.5,0.003
吝备,2016-04-28,266,103896.0,95.3,1.9,5.6,7.6,18.1,0.0,37.6,59.0,20.0,0.032,0.036000000000000004,0.5,0.003
吝备,2016-04-29,280,103896.0,95.3,2.1,7.3,8.7,17.6,0.0,45.6,64.0,27.0,0.035,0.039,0.6,0.004
吝备,2016-04-30,134,103896.0,95.3,2.1,7.5,10.3,17.4,0.0,50.9,76.0,34.0,0.054000000000000006,0.034,0.7,0.006999999999999999
吝备,2016-05-01,228,103697.0,95.4,1.8,6.8,9.4,19.7,0.0,43.8,45.0,20.0,0.045,0.032,0.6,0.005
吝备,2016-05-02,155,103697.0,95.4,1.7,6.3,9.9,21.9,17.5,64.2,48.0,25.0,0.023,0.040999999999999995,0.7,0.003
吝备,2016-05-03,25,103697.0,95.4,3.8,11.1,15.6,14.6,28.0,89.4,20.0,10.0,0.026000000000000002,0.023,0.5,0.002
吝备,2016-05-04,239,103697.0,95.4,5.3,13.3,17.4,16.6,0.0,48.8,51.0,13.0,0.037000000000000005,0.023,0.4,0.003
吝备,2016-05-05,219,103697.0,95.4,1.5,5.4,7.0,19.2,5.5,49.9,59.0,23.0,0.025,0.048,0.7,0.004
吝备,2016-05-06,43,103697.0,95.4,1.3,5.1,6.5,16.9,8.0,93.4,47.0,23.0,0.02,0.039,0.6,0.002
吝备,2016-05-07,157,103697.0,95.4,2.0,6.9,9.6,17.5,0.0,63.0,112.0,23.0,0.027999999999999997,0.03,0.5,0.004
吝备,2016-05-08,207,103697.0,95.4,2.0,6.4,8.6,20.1,0.0,50.1,56.0,17.0,0.037000000000000005,0.032,0.6,0.003
吝备,2016-05-09,266,103697.0,95.4,1.8,4.8,6.6,21.1,0.0,44.1,61.0,22.0,0.043,0.033,0.6,0.004
吝备,2016-05-10,120,103697.0,95.4,2.5,5.8,7.3,15.8,12.5,78.9,33.0,16.0,0.033,0.028999999999999998,0.5,0.002
吝备,2016-05-11,296,103697.0,95.4,2.1,6.3,8.8,17.7,0.0,61.3,28.0,12.0,0.032,0.031,0.5,0.003
吝备,2016-05-12,310,103697.0,95.4,2.3,7.5,9.7,19.2,0.0,60.2,30.0,16.0,0.03,0.039,0.6,0.003
吝备,2016-05-13,294,103697.0,95.4,2.0,6.2,8.3,19.1,0.0,60.1,40.0,22.0,0.040999999999999995,0.03,0.6,0.003
吝备,2016-05-14,256,103697.0,95.4,2.0,6.8,8.7,21.2,0.0,50.2,36.0,19.0,0.033,0.040999999999999995,0.7,0.003
吝备,2016-05-15,42,103697.0,95.4,2.4,8.0,10.7,18.9,33.5,71.6,32.0,18.0,0.039,0.026000000000000002,0.6,0.004
吝备,2016-05-16,305,103697.0,95.4,2.9,8.9,13.2,17.0,3.0,57.0,37.0,18.0,0.04,0.024,0.6,0.004
吝备,2016-05-17,314,103697.0,95.4,1.7,5.5,7.7,19.9,0.0,51.6,66.0,33.0,0.040999999999999995,0.046,0.8,0.006999999999999999
吝备,2016-05-18,346,103697.0,95.4,1.5,4.4,6.2,23.0,0.0,44.5,47.0,25.0,0.036000000000000004,0.045,0.7,0.005
吝备,2016-05-19,323,103697.0,95.4,1.5,4.7,6.8,24.9,0.0,41.1,39.0,20.0,0.031,0.048,0.7,0.003
吝备,2016-05-20,301,103697.0,95.4,1.7,5.4,7.1,25.2,0.0,35.3,53.0,28.0,0.035,0.059000000000000004,0.7,0.004
吝备,2016-05-21,252,103697.0,95.4,2.0,5.1,6.9,24.9,0.0,27.7,40.0,26.0,0.032,0.053,0.6,0.003
吝备,2016-05-22,210,103697.0,95.4,1.8,5.5,6.7,25.2,0.0,40.1,57.0,37.0,0.05,0.042,0.7,0.004
吝备,2016-05-23,336,103697.0,95.4,1.9,6.5,8.3,24.2,0.0,46.1,68.0,43.0,0.043,0.049,0.7,0.005
吝备,2016-05-24,218,103697.0,95.4,1.8,5.8,7.9,18.2,32.0,81.2,31.0,23.0,0.04,0.028999999999999998,0.6,0.003
吝备,2016-05-25,372,103697.0,95.4,1.9,5.9,8.1,20.6,0.0,68.8,91.0,58.0,0.052000000000000005,0.033,0.8,0.004
吝备,2016-05-26,302,103697.0,95.4,1.5,5.1,6.7,20.8,0.0,70.2,101.0,63.0,0.036000000000000004,0.045,0.9,0.006
吝备,2016-05-27,345,103697.0,95.4,1.8,5.5,7.2,21.5,0.0,65.3,83.0,43.0,0.038,0.039,0.8,0.004
吝备,2016-05-28,259,103697.0,95.4,2.0,6.8,8.4,23.2,0.0,56.0,79.0,38.0,0.042,0.037000000000000005,0.7,0.005
吝备,2016-05-29,284,103697.0,95.4,1.8,6.9,9.0,22.8,0.0,57.2,89.0,45.0,0.045,0.038,0.8,0.006
吝备,2016-05-30,316,103697.0,95.4,1.9,6.9,8.6,23.4,0.0,56.9,94.0,55.0,0.054000000000000006,0.036000000000000004,0.8,0.004
吝备,2016-05-31,337,103697.0,95.4,2.3,6.9,8.5,22.7,0.0,64.3,75.0,42.0,0.046,0.03,0.7,0.005
吝备,2016-06-01,333,103521.0,95.6,2.4,5.4,8.0,24.1,0.0,48.6,43.0,22.0,0.036000000000000004,0.033,0.6,0.002
吝备,2016-06-02,336,103521.0,95.6,2.2,7.2,8.7,24.3,0.0,40.7,37.0,17.0,0.038,0.037000000000000005,0.5,0.003
吝备,2016-06-03,366,103521.0,95.6,1.9,5.8,8.1,23.6,0.0,47.2,48.0,24.0,0.042,0.039,0.6,0.004
吝备,2016-06-04,273,103521.0,95.6,1.6,6.2,8.8,22.4,0.0,53.3,52.0,26.0,0.038,0.037000000000000005,0.6,0.003
吝备,2016-06-05,254,103521.0,95.6,1.7,4.4,6.6,25.1,0.0,51.8,55.0,27.0,0.046,0.034,0.6,0.003
吝备,2016-06-06,261,103521.0,95.6,2.1,6.5,7.7,24.3,0.0,51.3,23.0,13.0,0.039,0.028999999999999998,0.5,0.002
吝备,2016-06-07,336,103521.0,95.6,1.8,5.7,7.2,22.7,0.0,69.2,40.0,24.0,0.033,0.03,0.7,0.003
吝备,2016-06-08,372,103521.0,95.6,2.0,6.3,7.9,22.7,0.0,66.8,38.0,23.0,0.024,0.031,0.6,0.003
吝备,2016-06-09,362,103521.0,95.6,1.8,5.4,7.4,24.7,0.0,62.0,52.0,28.0,0.027999999999999997,0.04,0.4,0.003
吝备,2016-06-10,325,103521.0,95.6,2.0,6.0,9.0,25.5,0.0,61.6,61.0,35.0,0.032,0.048,0.5,0.004
吝备,2016-06-11,201,103521.0,95.6,1.3,4.8,6.1,24.2,5.5,74.9,46.0,28.0,0.024,0.032,0.4,0.003
吝备,2016-06-12,214,103521.0,95.6,1.6,4.6,6.2,24.5,0.0,80.7,29.0,19.0,0.024,0.021,0.3,0.002
吝备,2016-06-13,329,103521.0,95.6,1.8,4.7,6.1,24.5,0.0,71.5,61.0,33.0,0.032,0.03,0.5,0.002
吝备,2016-06-14,326,103521.0,95.6,1.8,5.5,7.8,24.6,0.0,64.6,52.0,28.0,0.031,0.045,0.5,0.003
吝备,2016-06-15,81,103521.0,95.6,1.7,6.8,9.9,21.4,26.0,82.6,36.0,21.0,0.023,0.037000000000000005,0.3,0.001
吝备,2016-06-16,334,103521.0,95.6,2.2,6.9,9.1,21.7,0.0,74.9,29.0,17.0,0.042,0.024,0.3,0.001
吝备,2016-06-17,301,103521.0,95.6,1.6,5.9,7.4,24.3,0.0,66.5,54.0,35.0,0.048,0.037000000000000005,0.5,0.003
吝备,2016-06-18,265,103521.0,95.6,1.7,6.5,8.6,25.5,0.0,60.0,64.0,41.0,0.046,0.039,0.5,0.003
吝备,2016-06-19,274,103521.0,95.6,2.0,7.3,9.5,24.8,0.0,65.5,39.0,26.0,0.034,0.03,0.4,0.002
吝备,2016-06-20,338,103521.0,95.6,1.7,4.7,5.6,25.4,0.0,66.3,51.0,33.0,0.046,0.035,0.4,0.002
吝备,2016-06-21,322,103521.0,95.6,1.5,5.3,6.7,26.8,0.0,64.1,62.0,41.0,0.043,0.05,0.5,0.003
吝备,2016-06-22,219,103521.0,95.6,1.9,6.0,9.3,25.3,9.5,76.5,63.0,46.0,0.03,0.052000000000000005,0.5,0.004
吝备,2016-06-23,322,103521.0,95.6,1.8,5.9,7.9,25.3,0.0,72.5,45.0,34.0,0.037000000000000005,0.038,0.4,0.004
吝备,2016-06-24,227,103521.0,95.6,2.0,6.1,8.4,24.0,3.0,77.9,38.0,22.0,0.031,0.033,0.3,0.003
吝备,2016-06-25,260,103521.0,95.6,2.5,7.3,10.9,23.6,0.0,65.6,33.0,17.0,0.036000000000000004,0.028999999999999998,0.2,0.004
吝备,2016-06-26,264,103521.0,95.6,2.3,6.9,9.0,25.4,0.0,60.1,30.0,18.0,0.040999999999999995,0.023,0.2,0.004
吝备,2016-06-27,377,103521.0,95.6,1.6,4.2,5.7,25.3,0.0,59.7,36.0,22.0,0.028999999999999998,0.046,0.3,0.006
吝备,2016-06-28,390,103521.0,95.6,1.7,5.0,6.5,25.7,0.0,60.5,60.0,41.0,0.038,0.040999999999999995,0.3,0.004
吝备,2016-06-29,370,103521.0,95.6,2.0,6.0,7.4,26.2,0.0,59.5,42.0,26.0,0.028999999999999998,0.048,0.3,0.005
吝备,2016-06-30,280,103521.0,95.6,1.7,6.0,8.3,25.4,0.5,79.9,30.0,20.0,0.023,0.032,0.3,0.003
吝备,2016-07-01,92,103460.0,95.8,1.6,8.1,12.4,24.8,110.0,88.6,21.0,14.0,0.012,0.037000000000000005,0.2,0.003
吝备,2016-07-02,243,103460.0,95.8,1.7,5.5,7.4,24.3,5.0,82.2,14.0,9.0,0.025,0.025,0.1,0.003
吝备,2016-07-03,247,103460.0,95.8,1.4,4.1,5.2,24.5,0.0,72.0,41.0,29.0,0.034,0.035,0.2,0.003
吝备,2016-07-04,93,103460.0,95.8,2.4,7.0,8.9,22.2,33.5,86.9,23.0,15.0,0.013000000000000001,0.040999999999999995,0.4,0.002
吝备,2016-07-05,34,103460.0,95.8,1.9,6.2,9.0,23.1,104.0,97.4,14.0,5.0,0.008,0.027000000000000003,0.4,0.002
吝备,2016-07-06,299,103460.0,95.8,1.4,4.6,5.6,23.9,0.0,77.4,17.0,9.0,0.019,0.032,0.4,0.003
吝备,2016-07-07,356,103460.0,95.8,1.3,3.4,4.3,24.8,0.0,74.1,43.0,26.0,0.02,0.051,0.5,0.006
吝备,2016-07-08,353,103460.0,95.8,1.4,4.1,5.1,27.8,0.0,67.9,55.0,36.0,0.034,0.039,0.5,0.003
吝备,2016-07-09,243,103460.0,95.8,1.8,6.4,7.7,28.8,0.0,67.3,38.0,22.0,0.027000000000000003,0.027999999999999997,0.4,0.002
吝备,2016-07-10,266,103460.0,95.8,1.5,5.1,7.0,29.0,0.0,67.0,37.0,22.0,0.03,0.033,0.4,0.004
吝备,2016-07-11,310,103460.0,95.8,1.3,4.5,7.0,29.2,6.5,70.2,57.0,37.0,0.039,0.043,0.5,0.004
吝备,2016-07-12,343,103460.0,95.8,1.8,5.3,7.8,26.8,0.5,73.9,32.0,21.0,0.026000000000000002,0.034,0.4,0.005
吝备,2016-07-13,442,103460.0,95.8,1.9,5.3,7.1,27.1,0.0,69.2,31.0,16.0,0.013999999999999999,0.027999999999999997,0.2,0.003
吝备,2016-07-14,424,103460.0,95.8,2.0,6.0,8.1,27.9,1.0,68.8,31.0,19.0,0.026000000000000002,0.034,0.3,0.002
吝备,2016-07-15,350,103460.0,95.8,2.2,5.1,7.0,26.9,0.5,61.3,22.0,11.0,0.017,0.037000000000000005,0.3,0.002
吝备,2016-07-16,31,103460.0,95.8,2.9,7.2,9.6,21.4,39.5,92.2,12.0,6.0,0.01,0.032,0.3,0.002
吝备,2016-07-17,313,103460.0,95.8,1.4,4.4,7.6,22.4,2.0,86.1,15.0,10.0,0.018000000000000002,0.021,0.3,0.003
吝备,2016-07-18,472,103460.0,95.8,1.3,4.2,5.3,24.6,0.0,77.0,27.0,16.0,0.018000000000000002,0.027000000000000003,0.3,0.004
吝备,2016-07-19,472,103460.0,95.8,1.8,4.7,6.1,27.2,0.0,70.4,39.0,24.0,0.031,0.040999999999999995,0.4,0.002
吝备,2016-07-20,441,103460.0,95.8,2.1,4.8,6.9,28.9,0.0,65.5,42.0,26.0,0.027999999999999997,0.043,0.5,0.002
吝备,2016-07-21,444,103460.0,95.8,2.1,4.5,6.4,28.4,0.0,66.1,37.0,23.0,0.026000000000000002,0.04,0.4,0.003
吝备,2016-07-22,487,103460.0,95.8,1.9,5.4,8.1,29.8,0.0,65.4,40.0,25.0,0.027999999999999997,0.033,0.4,0.003
吝备,2016-07-23,283,103460.0,95.8,1.5,4.4,6.1,29.4,0.0,72.2,43.0,28.0,0.023,0.027000000000000003,0.3,0.003
吝备,2016-07-24,241,103460.0,95.8,1.3,4.0,5.1,28.7,1.0,80.6,35.0,23.0,0.013999999999999999,0.019,0.2,0.003
吝备,2016-07-25,480,103460.0,95.8,1.3,4.4,5.7,29.1,0.0,77.4,41.0,29.0,0.017,0.026000000000000002,0.2,0.004
吝备,2016-07-26,484,103460.0,95.8,1.9,7.1,8.7,29.0,0.0,72.3,33.0,23.0,0.011000000000000001,0.023,0.2,0.003
吝备,2016-07-27,360,103460.0,95.8,1.3,4.9,8.7,28.4,1.0,77.8,34.0,23.0,0.01,0.02,0.3,0.003
吝备,2016-07-28,456,103460.0,95.8,2.1,7.2,9.5,28.8,0.0,72.7,59.0,40.0,0.037000000000000005,0.013999999999999999,0.4,0.002
吝备,2016-07-29,323,103460.0,95.8,1.5,4.7,6.2,26.7,40.0,85.9,42.0,18.0,0.015,0.026000000000000002,0.5,0.002
吝备,2016-07-30,305,103460.0,95.8,1.3,4.7,6.2,29.5,2.0,76.8,39.0,19.0,0.027999999999999997,0.015,0.2,0.002
吝备,2016-07-31,272,103460.0,95.8,1.9,6.6,9.0,29.7,0.0,73.8,35.0,25.0,0.016,0.012,0.2,0.002
吝备,2016-08-01,447,103583.0,96.1,1.8,5.8,7.2,28.6,0.0,74.3,30.0,19.0,0.01,0.013999999999999999,0.3,0.002
吝备,2016-08-02,360,103583.0,96.1,1.5,6.4,8.8,28.1,0.0,74.3,26.0,16.0,0.008,0.022000000000000002,0.5,0.004
吝备,2016-08-03,489,103583.0,96.1,1.6,3.8,4.8,29.6,0.0,67.9,33.0,19.0,0.021,0.013000000000000001,0.5,0.004
吝备,2016-08-04,469,103583.0,96.1,1.9,4.8,6.2,31.3,0.0,64.1,31.0,18.0,0.02,0.025,0.5,0.004
吝备,2016-08-05,436,103583.0,96.1,1.8,4.5,6.1,31.9,0.0,60.3,42.0,27.0,0.026000000000000002,0.018000000000000002,0.7,0.004
吝备,2016-08-06,312,103583.0,96.1,1.7,4.3,6.1,31.4,0.0,66.5,63.0,37.0,0.025,,0.8,0.004
吝备,2016-08-07,279,103583.0,96.1,1.9,5.6,7.1,31.7,0.0,60.2,36.0,20.0,0.023,,0.5,0.004
吝备,2016-08-08,452,103583.0,96.1,1.8,4.8,6.5,31.1,0.0,66.1,43.0,19.0,0.023,,0.4,0.004
吝备,2016-08-09,444,103583.0,96.1,1.9,5.7,7.9,30.1,0.0,68.5,37.0,24.0,0.031,0.049,0.5,0.004
吝备,2016-08-10,479,103583.0,96.1,1.8,5.8,8.0,30.6,0.0,68.6,71.0,43.0,0.035,0.012,0.5,0.004
吝备,2016-08-11,460,103583.0,96.1,1.6,4.3,6.0,31.4,0.0,64.3,34.0,17.0,0.026000000000000002,,0.4,0.004
吝备,2016-08-12,480,103583.0,96.1,1.8,5.3,7.1,31.3,0.0,68.6,45.0,22.0,0.024,,0.4,0.004
吝备,2016-08-13,277,103583.0,96.1,2.3,6.4,8.0,31.0,0.0,69.8,36.0,12.0,0.018000000000000002,,0.3,0.004
吝备,2016-08-14,280,103583.0,96.1,1.5,4.3,6.4,29.5,3.0,78.6,34.0,26.0,0.019,,0.3,0.003
吝备,2016-08-15,348,103583.0,96.1,1.8,5.1,6.4,30.1,0.0,68.6,38.0,23.0,0.028999999999999998,,0.4,0.004
吝备,2016-08-16,508,103583.0,96.1,1.6,5.3,7.1,30.5,0.0,65.4,49.0,30.0,0.032,,0.6,0.004
吝备,2016-08-17,490,103583.0,96.1,1.7,4.3,6.0,30.4,0.0,64.1,44.0,20.0,0.036000000000000004,,0.4,0.004
吝备,2016-08-18,523,103583.0,96.1,1.5,4.4,6.3,29.4,9.5,70.6,58.0,35.0,0.037000000000000005,0.03,0.6,0.005
吝备,2016-08-19,457,103583.0,96.1,1.6,3.7,5.2,29.6,1.5,73.7,72.0,52.0,0.028999999999999998,0.042,0.6,0.005
吝备,2016-08-20,273,103583.0,96.1,2.1,4.1,5.5,30.6,0.0,63.6,40.0,25.0,0.031,0.026000000000000002,0.2,0.004
吝备,2016-08-21,331,103583.0,96.1,2.0,4.4,5.6,30.8,0.0,61.5,33.0,22.0,0.043,0.017,0.1,0.004
吝备,2016-08-22,484,103583.0,96.1,1.8,5.0,6.0,30.5,0.0,63.7,34.0,23.0,0.036000000000000004,0.02,0.1,0.004
吝备,2016-08-23,468,103583.0,96.1,2.0,4.7,6.5,29.3,0.5,67.9,39.0,25.0,0.022000000000000002,0.027999999999999997,0.4,0.004
吝备,2016-08-24,490,103583.0,96.1,1.7,4.4,5.6,29.9,0.0,62.8,40.0,23.0,0.027000000000000003,0.024,0.5,0.005
吝备,2016-08-25,403,103583.0,96.1,1.9,5.9,8.1,28.0,5.0,71.7,33.0,19.0,0.023,0.023,0.5,0.004
吝备,2016-08-26,639,103583.0,96.1,3.3,9.2,12.8,23.5,20.5,63.2,18.0,8.0,0.024,0.02,0.4,0.004
吝备,2016-08-27,532,103583.0,96.1,2.8,6.7,9.6,23.5,0.0,48.3,15.0,6.0,0.023,0.018000000000000002,0.3,0.004
吝备,2016-08-28,314,103583.0,96.1,2.9,7.3,9.5,21.2,4.5,68.1,12.0,5.0,0.021,0.011000000000000001,0.3,0.004
吝备,2016-08-29,694,103583.0,96.1,2.6,7.0,8.7,22.4,0.0,59.1,17.0,8.0,0.019,0.016,0.3,0.004
吝备,2016-08-30,620,103583.0,96.1,2.2,5.8,8.2,21.5,0.0,65.6,34.0,10.0,0.022000000000000002,0.012,0.3,0.004
吝备,2016-08-31,243,103583.0,96.1,3.5,8.9,11.9,18.6,16.5,86.1,20.0,8.0,0.015,0.017,0.4,0.005
吝备,2016-09-01,688,103541.0,96.3,1.5,6.8,11.4,23.8,0.0,74.3,73.0,38.0,0.033,0.032,0.7,0.006
吝备,2016-09-02,666,103541.0,96.3,2.8,7.8,9.9,24.5,7.0,73.1,39.0,27.0,0.027999999999999997,0.03,0.5,0.004
吝备,2016-09-03,562,103541.0,96.3,1.6,5.0,6.5,24.4,1.0,77.1,24.0,16.0,0.027999999999999997,0.024,0.5,0.004
吝备,2016-09-04,575,103541.0,96.3,1.8,4.2,5.6,26.1,0.0,75.6,23.0,14.0,0.02,0.021,0.5,0.004
吝备,2016-09-05,730,103541.0,96.3,1.6,4.7,6.4,27.1,0.0,69.1,33.0,19.0,0.024,0.021,0.4,0.004
吝备,2016-09-06,690,103541.0,96.3,1.6,5.3,7.1,25.6,0.0,71.6,67.0,41.0,0.025,0.027999999999999997,0.6,0.006
吝备,2016-09-07,691,103541.0,96.3,1.6,5.5,7.1,25.1,1.0,74.1,85.0,56.0,0.028999999999999998,0.026000000000000002,0.6,0.005
吝备,2016-09-08,558,103541.0,96.3,1.4,4.6,6.7,23.9,3.0,77.6,53.0,35.0,0.019,0.034,0.7,0.005
吝备,2016-09-09,742,103541.0,96.3,1.5,4.8,6.2,24.3,1.0,74.5,46.0,29.0,0.027000000000000003,0.027999999999999997,0.6,0.004
吝备,2016-09-10,589,103541.0,96.3,1.9,4.9,6.5,24.7,0.0,70.1,46.0,30.0,0.027000000000000003,0.033,0.5,0.004
吝备,2016-09-11,597,103541.0,96.3,1.7,4.5,5.8,25.0,0.0,70.2,46.0,30.0,0.037000000000000005,0.024,0.5,0.005
吝备,2016-09-12,788,103541.0,96.3,2.1,7.4,9.4,24.1,3.0,74.3,31.0,19.0,0.018000000000000002,0.026000000000000002,0.4,0.004
吝备,2016-09-13,743,103541.0,96.3,1.8,4.3,5.9,24.7,0.0,67.3,19.0,10.0,0.023,0.023,0.4,0.004
吝备,2016-09-14,357,103541.0,96.3,1.8,4.7,5.8,25.3,0.0,67.4,35.0,21.0,0.033,0.021,0.4,0.005
吝备,2016-09-15,347,103541.0,96.3,1.5,4.1,5.1,24.2,0.0,72.0,45.0,30.0,0.027000000000000003,0.022000000000000002,0.5,0.005
吝备,2016-09-16,493,103541.0,96.3,1.4,3.9,5.1,25.1,0.0,68.4,54.0,38.0,0.036000000000000004,0.023,0.5,0.008
吝备,2016-09-17,578,103541.0,96.3,2.5,6.2,9.4,23.6,8.5,69.5,33.0,23.0,0.032,0.019,0.4,0.005
吝备,2016-09-18,670,103541.0,96.3,2.9,6.8,8.3,23.7,0.0,58.9,26.0,15.0,0.032,0.015,0.3,0.004
吝备,2016-09-19,803,103541.0,96.3,3.2,7.5,11.4,22.2,0.0,58.5,15.0,6.0,0.022000000000000002,0.019,0.3,0.004
吝备,2016-09-20,852,103541.0,96.3,2.9,7.5,9.3,21.1,0.0,47.0,21.0,12.0,0.024,0.021,0.3,0.005
吝备,2016-09-21,854,103541.0,96.3,2.0,4.3,5.7,20.4,0.0,49.8,37.0,27.0,0.02,0.027999999999999997,0.4,0.005
吝备,2016-09-22,819,103541.0,96.3,1.6,3.6,4.8,21.8,0.0,52.8,42.0,30.0,0.026000000000000002,0.028999999999999998,0.5,0.005
吝备,2016-09-23,874,103541.0,96.3,1.7,3.6,4.7,21.8,0.0,61.1,57.0,38.0,0.035,0.034,0.5,0.006
吝备,2016-09-24,697,103541.0,96.3,1.7,5.4,7.3,22.6,0.0,63.2,69.0,48.0,0.040999999999999995,0.038,0.6,0.006
吝备,2016-09-25,724,103541.0,96.3,1.4,4.6,5.9,23.4,0.0,63.6,56.0,38.0,0.03,0.034,0.6,0.006
吝备,2016-09-26,847,103541.0,96.3,1.8,5.2,6.9,23.9,0.0,64.7,50.0,33.0,0.013000000000000001,0.043,0.6,0.005
吝备,2016-09-27,230,103541.0,96.3,1.5,4.7,6.2,21.3,14.0,84.0,37.0,28.0,0.006999999999999999,0.033,0.6,0.005
吝备,2016-09-28,805,103541.0,96.3,1.3,3.4,4.3,20.8,0.5,86.7,35.0,22.0,0.012,0.023,0.5,0.005
吝备,2016-09-29,898,103541.0,96.3,2.8,5.6,8.7,20.8,0.0,66.6,17.0,7.0,0.01,0.021,0.5,0.005
吝备,2016-09-30,897,103541.0,96.3,1.4,3.4,4.1,21.2,0.0,68.3,34.0,17.0,0.011000000000000001,0.027999999999999997,0.5,0.005
吝备,2016-10-01,769,103585.0,96.5,1.5,3.5,5.2,21.5,0.0,73.2,53.0,31.0,0.008,0.039,0.7,0.005
吝备,2016-10-02,128,103585.0,96.5,1.9,5.1,6.8,19.5,13.0,85.8,32.0,19.0,0.006,0.027000000000000003,0.6,0.005
吝备,2016-10-03,758,103585.0,96.5,1.5,7.8,11.0,23.9,6.5,75.4,18.0,9.0,0.02,0.015,0.4,0.005
吝备,2016-10-04,875,103585.0,96.5,2.5,6.3,7.9,22.3,0.0,65.0,36.0,19.0,0.015,0.026000000000000002,0.5,0.005
吝备,2016-10-05,852,103585.0,96.5,2.4,5.6,8.4,21.9,0.0,64.9,,,,,,
吝备,2016-10-06,821,103585.0,96.5,1.6,4.2,5.1,19.3,0.0,62.4,,,,,,
吝备,2016-10-07,542,103585.0,96.5,2.2,5.4,8.3,20.2,1.0,70.1,,,,,,
吝备,2016-10-08,582,103585.0,96.5,2.5,7.3,11.8,17.9,6.0,69.7,,,,,,
吝备,2016-10-09,548,103585.0,96.5,2.1,4.8,6.7,12.4,0.0,48.4,,,,,,
吝备,2016-10-10,794,103585.0,96.5,1.7,4.2,5.6,14.4,0.0,45.7,,,,,,
吝备,2016-10-11,813,103585.0,96.5,1.8,5.1,7.2,15.7,0.0,62.9,,,,,,
吝备,2016-10-12,829,103585.0,96.5,1.5,6.7,7.9,16.6,0.0,61.5,,,,,,
吝备,2016-10-13,858,103585.0,96.5,1.6,4.9,5.9,15.8,0.0,47.1,,,,,,
吝备,2016-10-14,802,103585.0,96.5,1.3,3.4,4.4,17.0,0.0,63.9,,,,,,
吝备,2016-10-15,560,103585.0,96.5,1.5,3.4,5.4,19.1,0.0,65.8,,,,,,
吝备,2016-10-16,209,103585.0,96.5,1.4,3.2,4.0,17.9,1.0,76.0,,,,,,
吝备,2016-10-17,800,103585.0,96.5,1.4,4.1,6.4,18.1,0.0,78.3,,,,,,
吝备,2016-10-18,812,103585.0,96.5,1.3,3.4,4.8,17.5,0.0,75.3,,,,,,
吝备,2016-10-19,784,103585.0,96.5,1.6,4.4,6.0,18.7,0.0,70.2,,,,,,
吝备,2016-10-20,838,103585.0,96.5,1.8,5.4,8.5,18.8,0.0,67.1,,,,,,
吝备,2016-10-21,866,103585.0,96.5,2.3,5.2,7.0,18.4,0.0,62.7,33.0,21.0,0.013000000000000001,0.04,0.4,0.002
吝备,2016-10-22,570,103585.0,96.5,1.8,3.8,4.8,18.8,0.0,63.1,27.0,17.0,0.021,0.027999999999999997,0.3,0.002
吝备,2016-10-23,180,103585.0,96.5,3.2,8.3,12.1,14.5,2.0,68.1,12.0,7.0,0.022000000000000002,0.019,0.2,0.002
吝备,2016-10-24,780,103585.0,96.5,2.0,4.3,6.3,15.0,0.0,59.9,18.0,11.0,0.013999999999999999,0.03,0.3,0.002
吝备,2016-10-25,477,103585.0,96.5,1.7,4.7,6.3,14.7,39.0,85.2,14.0,9.0,0.013000000000000001,0.031,0.4,0.002
吝备,2016-10-26,690,103585.0,96.5,1.2,3.0,3.7,13.9,0.0,86.0,37.0,23.0,0.006,0.038,0.7,0.003
吝备,2016-10-27,744,103585.0,96.5,1.6,4.3,5.2,15.1,0.0,72.0,44.0,28.0,0.006,0.04,0.6,0.003
吝备,2016-10-28,689,103585.0,96.5,1.7,4.4,6.7,16.0,0.0,65.8,36.0,20.0,0.017,0.03,0.4,0.002
吝备,2016-10-29,367,103585.0,96.5,1.9,5.9,7.8,10.0,0.0,44.2,36.0,21.0,0.022000000000000002,0.02,0.3,0.003
吝备,2016-10-30,362,103585.0,96.5,1.3,3.4,4.4,8.6,0.0,34.4,25.0,16.0,0.013000000000000001,0.032,0.3,0.003
吝备,2016-10-31,386,103585.0,96.5,1.8,5.6,7.5,7.3,0.0,59.1,29.0,19.0,0.008,0.036000000000000004,0.4,0.003
吝备,2016-11-01,427,103423.0,96.7,1.9,5.0,7.5,3.3,0.0,43.0,25.0,16.0,0.023,0.019,0.2,0.002
吝备,2016-11-02,445,103423.0,96.7,1.5,5.7,6.9,4.9,0.0,52.9,35.0,22.0,0.008,0.043,0.5,0.004
吝备,2016-11-03,575,103423.0,96.7,1.5,5.9,7.6,9.5,0.5,68.2,44.0,28.0,0.015,0.047,0.5,0.004
吝备,2016-11-04,640,103423.0,96.7,1.3,5.0,7.0,13.1,0.0,68.1,59.0,38.0,0.017,0.05,0.6,0.005
吝备,2016-11-05,520,103423.0,96.7,1.1,6.0,7.9,15.8,0.0,77.8,72.0,45.0,0.033,0.039,0.6,0.005
吝备,2016-11-06,362,103423.0,96.7,3.0,6.4,8.2,14.7,0.0,63.7,33.0,22.0,0.016,0.032,0.4,0.002
吝备,2016-11-07,371,103423.0,96.7,2.1,5.5,7.4,14.0,4.5,70.2,32.0,24.0,0.013999999999999999,0.033,0.4,0.003
吝备,2016-11-08,437,103423.0,96.7,2.3,5.3,7.1,6.2,0.0,61.4,63.0,53.0,0.026000000000000002,0.018000000000000002,0.4,0.003
吝备,2016-11-09,446,103423.0,96.7,2.0,5.6,6.8,3.6,0.0,43.0,40.0,30.0,0.013999999999999999,0.031,0.4,0.003
吝备,2016-11-10,406,103423.0,96.7,1.6,4.4,5.2,6.5,1.0,59.9,41.0,30.0,0.003,0.049,0.6,0.003
吝备,2016-11-11,507,103423.0,96.7,2.0,7.3,10.4,10.3,8.0,66.9,47.0,24.0,0.013000000000000001,0.04,0.5,0.003
吝备,2016-11-12,580,103423.0,96.7,1.3,5.5,7.2,12.0,0.0,64.9,71.0,34.0,0.013999999999999999,0.047,0.6,0.004
吝备,2016-11-13,379,103423.0,96.7,1.3,3.5,4.8,15.1,0.0,76.4,60.0,33.0,0.009000000000000001,0.05,0.6,0.004
吝备,2016-11-14,358,103423.0,96.7,1.0,2.7,4.2,14.4,2.0,83.7,50.0,33.0,0.006999999999999999,0.048,0.6,0.003
吝备,2016-11-15,459,103423.0,96.7,1.9,4.8,6.2,8.0,0.0,45.3,56.0,26.0,0.019,0.025,0.3,0.003
吝备,2016-11-16,470,103423.0,96.7,1.2,2.9,3.4,6.4,0.0,48.1,49.0,28.0,0.005,0.048,0.6,0.003
吝备,2016-11-17,560,103423.0,96.7,1.2,3.3,4.0,9.7,0.0,57.4,67.0,40.0,0.004,0.057999999999999996,0.8,0.004
吝备,2016-11-18,485,103423.0,96.7,1.5,3.5,4.4,10.7,0.0,63.7,95.0,66.0,0.004,0.066,1.0,0.006
吝备,2016-11-19,412,103423.0,96.7,2.0,5.7,7.4,13.7,0.0,70.7,52.0,38.0,0.008,0.049,0.6,0.004
吝备,2016-11-20,333,103423.0,96.7,2.0,5.8,7.6,11.9,0.0,52.3,40.0,26.0,0.018000000000000002,0.027000000000000003,0.6,0.003
吝备,2016-11-21,526,103423.0,96.7,1.7,4.2,6.3,10.7,0.0,46.1,59.0,32.0,0.006,0.048,0.7,0.003
吝备,2016-11-22,410,103423.0,96.7,2.5,6.6,8.5,4.8,0.0,44.9,42.0,20.0,0.022000000000000002,0.016,0.3,0.003
吝备,2016-11-23,335,103423.0,96.7,2.1,4.7,6.0,0.3,0.0,37.2,38.0,17.0,0.016,0.021,0.3,0.003
吝备,2016-11-24,307,103423.0,96.7,1.9,6.5,7.9,-0.6,0.0,38.4,27.0,14.0,0.02,0.021,0.3,0.004
吝备,2016-11-25,392,103423.0,96.7,1.4,4.1,5.8,1.8,0.0,45.3,36.0,22.0,0.009000000000000001,0.044000000000000004,0.6,0.004
吝备,2016-11-26,131,103423.0,96.7,1.6,3.4,4.3,1.6,1.0,70.5,54.0,41.0,0.002,0.052000000000000005,0.7,0.004
吝备,2016-11-27,188,103423.0,96.7,1.2,2.9,3.4,4.2,0.0,83.3,72.0,56.0,0.004,0.045,0.7,0.004
吝备,2016-11-28,332,103423.0,96.7,1.7,5.6,8.4,3.3,0.0,58.8,76.0,42.0,0.015,0.028999999999999998,0.5,0.004
吝备,2016-11-29,389,103423.0,96.7,1.2,3.2,4.1,3.0,0.0,45.9,40.0,25.0,0.005,0.048,0.6,0.004
吝备,2016-11-30,336,103423.0,96.7,1.2,3.8,5.3,6.6,0.5,60.8,42.0,28.0,0.002,0.051,0.6,0.006
吝备,2016-12-01,380,103143.0,96.8,2.3,7.0,10.7,6.2,0.0,51.2,48.0,28.0,0.021,0.023,0.4,0.004
吝备,2016-12-02,392,103143.0,96.8,1.5,4.6,6.9,3.0,0.0,48.3,33.0,16.0,0.013000000000000001,0.034,0.4,0.004
吝备,2016-12-03,300,103143.0,96.8,1.3,3.8,4.8,5.2,0.0,61.0,50.0,32.0,0.004,0.057,0.7,0.004
吝备,2016-12-04,228,103143.0,96.8,1.1,3.0,3.4,6.2,0.0,66.2,77.0,58.0,0.003,0.066,1.0,0.006
吝备,2016-12-05,351,103143.0,96.8,2.3,6.4,9.9,7.3,2.0,71.2,82.0,62.0,0.013000000000000001,0.040999999999999995,0.8,0.005
吝备,2016-12-06,296,103143.0,96.8,2.0,5.2,7.6,0.6,0.0,40.5,25.0,13.0,0.015,0.026000000000000002,0.3,0.003
吝备,2016-12-07,336,103143.0,96.8,1.5,3.9,5.1,2.9,0.0,58.7,51.0,32.0,0.003,0.052000000000000005,0.7,0.005
吝备,2016-12-08,293,103143.0,96.8,1.5,3.7,5.3,2.8,3.0,75.2,55.0,38.0,0.004,0.055,0.8,0.005
吝备,2016-12-09,290,103143.0,96.8,2.3,6.8,8.0,3.3,4.0,67.8,31.0,24.0,0.016,0.027000000000000003,0.4,0.003
吝备,2016-12-10,172,103143.0,96.8,1.7,4.8,5.6,-0.1,0.0,52.4,32.0,22.0,0.013999999999999999,0.03,0.4,0.003
吝备,2016-12-11,144,103143.0,96.8,1.4,3.8,5.0,0.2,0.0,46.1,33.0,23.0,0.009000000000000001,0.042,0.6,0.003
吝备,2016-12-12,362,103143.0,96.8,1.8,3.7,4.4,2.7,0.0,45.4,42.0,31.0,0.003,0.051,0.8,0.004
吝备,2016-12-13,359,103143.0,96.8,1.6,5.6,6.9,4.8,0.0,55.5,56.0,41.0,0.008,0.048,0.9,0.005
吝备,2016-12-14,267,103143.0,96.8,1.6,3.8,5.8,0.9,0.0,73.3,50.0,32.0,0.008,0.03,0.5,0.005
吝备,2016-12-15,254,103143.0,96.8,2.3,6.4,9.1,-2.7,0.0,44.4,34.0,18.0,0.019,0.019,0.3,0.004
吝备,2016-12-16,262,103143.0,96.8,2.0,7.3,9.1,-3.4,0.0,41.0,33.0,19.0,0.013000000000000001,0.031,0.4,0.004
吝备,2016-12-17,236,103143.0,96.8,1.3,2.6,3.3,3.0,0.0,60.5,65.0,44.0,0.004,0.064,1.1,0.006
吝备,2016-12-18,179,103143.0,96.8,1.3,3.7,4.8,5.7,0.0,71.7,55.0,41.0,0.002,0.057999999999999996,1.0,0.005
吝备,2016-12-19,358,103143.0,96.8,1.8,3.9,4.9,8.0,0.0,70.3,36.0,26.0,0.004,0.046,0.6,0.003
吝备,2016-12-20,422,103143.0,96.8,1.2,3.3,3.9,8.6,0.0,73.1,50.0,35.0,0.003,0.055999999999999994,1.0,0.004
吝备,2016-12-21,183,103143.0,96.8,2.1,4.7,6.8,8.2,31.0,78.5,40.0,28.0,0.004,0.045,0.7,0.004
吝备,2016-12-22,68,103143.0,96.8,2.9,6.5,9.4,7.2,22.5,92.3,26.0,20.0,0.01,0.03,0.5,0.003
吝备,2016-12-23,255,103143.0,96.8,3.0,6.6,9.8,-0.6,0.0,70.4,50.0,36.0,0.018000000000000002,0.018000000000000002,0.4,0.003
吝备,2016-12-24,146,103143.0,96.8,1.8,5.0,5.4,-0.9,0.0,66.3,66.0,52.0,0.011000000000000001,0.028999999999999998,0.6,0.003
吝备,2016-12-25,135,103143.0,96.8,1.5,3.0,4.0,1.7,0.0,73.9,53.0,43.0,0.005,0.04,0.8,0.003
吝备,2016-12-26,263,103143.0,96.8,1.4,4.3,5.7,3.8,0.0,76.5,45.0,33.0,0.003,0.049,0.9,0.004
吝备,2016-12-27,243,103143.0,96.8,2.4,7.0,8.2,-0.0,0.0,58.6,39.0,27.0,0.021,0.018000000000000002,0.4,0.004
吝备,2016-12-28,232,103143.0,96.8,1.7,4.9,7.1,-2.4,0.0,48.7,46.0,28.0,0.006999999999999999,0.042,0.5,0.004
吝备,2016-12-29,176,103143.0,96.8,2.1,6.1,8.4,-2.6,0.0,53.5,34.0,16.0,0.016,0.025,0.4,0.003
吝备,2016-12-30,227,103143.0,96.8,1.4,3.8,4.7,-2.6,0.0,51.1,42.0,25.0,0.005,0.05,0.7,0.004
吝备,2016-12-31,129,103143.0,96.8,1.2,2.6,3.3,1.4,0.0,66.6,63.0,48.0,0.002,0.064,1.1,0.006
吝备,2017-01-01,152,102905.0,96.9,1.2,2.7,3.7,3.5,0.0,77.3,81.0,64.0,0.003,0.057,1.0,0.005
吝备,2017-01-02,297,102905.0,96.9,1.6,5.5,8.0,6.2,0.0,78.1,108.0,82.0,0.017,0.045,0.9,0.006
吝备,2017-01-03,319,102905.0,96.9,1.6,5.7,7.1,3.6,0.0,66.5,73.0,50.0,0.013000000000000001,0.049,0.7,0.005
吝备,2017-01-04,340,102905.0,96.9,1.4,5.5,6.9,5.2,0.0,61.5,51.0,34.0,0.009000000000000001,0.057,0.9,0.005
吝备,2017-01-05,353,102905.0,96.9,2.3,5.9,8.8,5.0,0.0,58.4,35.0,23.0,0.008,0.045,0.6,0.004
吝备,2017-01-06,411,102905.0,96.9,1.6,4.3,5.4,6.8,0.0,60.3,18.0,14.0,0.012,0.04,0.5,0.003
吝备,2017-01-07,255,102905.0,96.9,1.4,3.2,4.0,5.5,0.0,68.5,52.0,41.0,0.004,0.055999999999999994,0.8,0.004
吝备,2017-01-08,202,102905.0,96.9,2.0,5.8,7.2,7.5,0.0,65.1,30.0,23.0,0.013999999999999999,0.036000000000000004,0.5,0.003
吝备,2017-01-09,332,102905.0,96.9,2.6,7.0,9.6,3.6,0.0,61.4,55.0,46.0,0.027999999999999997,0.021,0.6,0.005
吝备,2017-01-10,274,102905.0,96.9,2.5,7.0,10.5,-1.4,0.0,47.7,30.0,16.0,0.023,0.02,0.3,0.003
吝备,2017-01-11,243,102905.0,96.9,2.1,6.7,8.9,-2.5,0.0,38.7,24.0,14.0,0.015,0.032,0.3,0.004
吝备,2017-01-12,233,102905.0,96.9,2.2,7.0,10.9,-0.6,0.0,48.1,28.0,17.0,0.018000000000000002,0.027999999999999997,0.4,0.004
吝备,2017-01-13,210,102905.0,96.9,2.3,6.5,11.0,-4.3,0.0,47.0,28.0,13.0,0.024,0.018000000000000002,0.3,0.003
吝备,2017-01-14,88,102905.0,96.9,2.6,6.4,9.4,-6.7,0.0,36.4,44.0,12.0,0.025,0.011000000000000001,0.3,0.003
吝备,2017-01-15,86,102905.0,96.9,1.6,3.8,5.2,-4.9,0.0,36.8,26.0,14.0,0.018000000000000002,0.022000000000000002,0.3,0.003
吝备,2017-01-16,249,102905.0,96.9,1.1,3.2,4.1,-2.5,0.0,41.7,44.0,26.0,0.005,0.048,0.6,0.004
吝备,2017-01-17,259,102905.0,96.9,1.3,4.0,4.9,-1.1,0.0,47.0,72.0,51.0,0.002,0.069,1.1,0.006
吝备,2017-01-18,286,102905.0,96.9,1.0,2.8,3.6,0.7,0.0,65.2,94.0,77.0,0.005,0.055999999999999994,0.9,0.006999999999999999
吝备,2017-01-19,269,102905.0,96.9,1.5,5.2,7.1,0.3,0.0,60.1,96.0,73.0,0.006,0.057999999999999996,0.9,0.006
吝备,2017-01-20,114,102905.0,96.9,2.0,6.1,8.9,-2.5,3.0,66.7,54.0,41.0,0.019,0.032,0.5,0.005
吝备,2017-01-21,67,102905.0,96.9,1.4,4.8,7.7,-4.3,0.5,76.3,49.0,38.0,0.006999999999999999,0.049,0.6,0.004
吝备,2017-01-22,47,102905.0,96.9,2.8,7.3,11.3,-6.1,0.0,51.1,72.0,28.0,0.027999999999999997,0.013999999999999999,0.4,0.005
吝备,2017-01-23,154,102905.0,96.9,1.9,6.1,7.5,-7.1,0.0,48.2,46.0,38.0,0.021,0.025,0.4,0.004
吝备,2017-01-24,188,102905.0,96.9,1.6,4.7,6.2,-5.6,0.0,51.0,35.0,27.0,0.016,0.036000000000000004,0.4,0.004
吝备,2017-01-25,235,102905.0,96.9,1.5,4.3,5.4,-4.1,0.0,53.1,47.0,37.0,0.008,0.055,0.7,0.004
吝备,2017-01-26,215,102905.0,96.9,1.4,4.5,7.2,-1.2,0.0,62.9,66.0,52.0,0.006,0.067,1.0,0.006
吝备,2017-01-27,65,102905.0,96.9,2.8,8.0,10.8,-0.6,4.0,52.3,102.0,18.0,0.027000000000000003,0.017,0.3,0.003
吝备,2017-01-28,69,102905.0,96.9,1.5,3.5,4.3,-0.8,0.0,43.1,31.0,13.0,0.011000000000000001,0.038,0.5,0.003
吝备,2017-01-29,32,102905.0,96.9,1.3,3.8,5.0,1.6,5.0,71.3,26.0,16.0,0.006,0.042,0.6,0.003
吝备,2017-01-30,76,102905.0,96.9,1.2,5.8,6.6,-2.8,0.0,64.4,46.0,33.0,0.028999999999999998,0.015,0.4,0.004
吝备,2017-01-31,202,102905.0,96.9,1.7,4.8,5.9,-4.1,0.0,49.0,26.0,17.0,0.012,0.037000000000000005,0.5,0.003
吝备,2017-02-01,229,102658.0,96.9,2.1,6.6,8.5,-2.2,0.0,45.6,34.0,21.0,0.019,0.032,0.5,0.004
吝备,2017-02-02,236,102658.0,96.9,1.9,6.7,8.4,-1.5,0.0,50.9,30.0,17.0,0.017,0.035,0.5,0.004
吝备,2017-02-03,330,102658.0,96.9,1.6,5.7,7.3,2.6,0.0,67.1,64.0,44.0,0.019,0.051,0.7,0.006
吝备,2017-02-04,162,102658.0,96.9,1.5,3.1,3.8,1.9,0.0,71.0,90.0,69.0,0.004,0.07,1.1,0.005
吝备,2017-02-05,69,102658.0,96.9,2.0,5.7,8.0,2.9,0.0,72.5,69.0,56.0,0.013999999999999999,0.044000000000000004,0.8,0.005
吝备,2017-02-06,259,102658.0,96.9,2.4,6.2,8.8,0.1,0.0,51.0,38.0,27.0,0.03,0.021,0.4,0.004
吝备,2017-02-07,81,102658.0,96.9,1.4,4.1,5.1,-0.3,0.0,48.8,37.0,24.0,0.008,0.044000000000000004,0.5,0.004
吝备,2017-02-08,211,102658.0,96.9,1.8,5.1,6.9,-0.4,0.0,52.4,51.0,31.0,0.009000000000000001,0.044000000000000004,0.7,0.005
吝备,2017-02-09,227,102658.0,96.9,2.9,6.7,9.7,-3.4,0.0,48.6,48.0,19.0,0.027000000000000003,0.016,0.3,0.003
吝备,2017-02-10,197,102658.0,96.9,3.0,7.7,11.2,-5.2,0.0,45.3,32.0,18.0,0.027000000000000003,0.015,0.3,0.003
吝备,2017-02-11,115,102658.0,96.9,2.4,6.5,8.4,-3.4,0.0,46.2,28.0,16.0,0.025,0.018000000000000002,0.3,0.003
吝备,2017-02-12,115,102658.0,96.9,2.0,6.2,8.4,-0.9,0.0,52.1,29.0,19.0,0.021,0.03,0.4,0.004
吝备,2017-02-13,310,102658.0,96.9,1.4,4.7,6.7,1.1,0.0,63.3,42.0,29.0,0.006,0.057,0.7,0.006
吝备,2017-02-14,296,102658.0,96.9,1.5,5.6,7.8,1.9,0.0,48.4,47.0,32.0,0.022000000000000002,0.036000000000000004,0.4,0.005
吝备,2017-02-15,371,102658.0,96.9,1.3,4.0,5.1,2.7,0.0,52.6,59.0,43.0,0.006999999999999999,0.069,0.9,0.006999999999999999
吝备,2017-02-16,330,102658.0,96.9,1.1,5.0,7.5,6.1,0.0,61.8,73.0,54.0,0.008,0.071,1.2,0.006999999999999999
吝备,2017-02-17,266,102658.0,96.9,3.0,7.8,9.2,3.5,3.0,61.6,42.0,16.0,0.03,0.019,0.3,0.003
吝备,2017-02-18,186,102658.0,96.9,2.5,7.0,9.9,-0.9,0.0,45.9,29.0,16.0,0.028999999999999998,0.021,0.3,0.004
吝备,2017-02-19,70,102658.0,96.9,1.5,5.1,6.7,2.8,2.5,67.4,43.0,28.0,0.013000000000000001,0.046,0.6,0.004
吝备,2017-02-20,235,102658.0,96.9,2.8,7.5,10.5,0.9,1.0,59.6,40.0,20.0,0.033,0.016,0.3,0.003
吝备,2017-02-21,305,102658.0,96.9,1.7,5.0,7.1,0.2,0.0,40.0,47.0,30.0,0.01,0.052000000000000005,0.6,0.004
吝备,2017-02-22,115,102658.0,96.9,1.9,5.4,7.5,2.6,4.0,72.3,36.0,28.0,0.008,0.049,0.6,0.004
吝备,2017-02-23,274,102658.0,96.9,2.5,7.1,9.5,0.4,0.0,57.5,33.0,21.0,0.034,0.017,0.4,0.004
吝备,2017-02-24,281,102658.0,96.9,2.0,7.1,9.5,0.3,0.0,50.6,28.0,17.0,0.023,0.033,0.4,0.004
吝备,2017-02-25,222,102658.0,96.9,2.2,7.1,9.5,3.4,0.0,63.2,46.0,31.0,0.018000000000000002,0.044000000000000004,0.6,0.005
吝备,2017-02-26,182,102658.0,96.9,1.5,5.3,6.7,4.8,0.0,55.2,46.0,33.0,0.023,0.034,0.5,0.005
吝备,2017-02-27,377,102658.0,96.9,1.8,6.7,9.7,5.1,0.0,42.8,33.0,21.0,0.013999999999999999,0.047,0.5,0.004
吝备,2017-02-28,407,102658.0,96.9,1.5,5.2,7.1,6.2,0.0,47.1,40.0,26.0,0.013999999999999999,0.057,0.7,0.006
吝备,2017-03-01,180,102341.0,97.0,1.5,7.7,9.9,6.2,3.5,62.4,57.0,43.0,0.019,0.054000000000000006,0.6,0.005
吝备,2017-03-02,347,102341.0,97.0,2.5,6.9,9.9,3.4,0.5,64.2,32.0,22.0,0.031,0.023,0.4,0.003
吝备,2017-03-03,403,102341.0,97.0,2.0,6.5,8.2,4.2,0.0,53.2,39.0,21.0,0.018000000000000002,0.045,0.5,0.004
吝备,2017-03-04,293,102341.0,97.0,1.6,4.4,5.8,6.3,0.0,62.1,52.0,34.0,0.013999999999999999,0.055999999999999994,0.7,0.005
吝备,2017-03-05,234,102341.0,97.0,1.8,5.1,7.5,6.0,0.0,68.9,60.0,44.0,0.028999999999999998,0.039,0.5,0.004
吝备,2017-03-06,310,102341.0,97.0,2.8,7.5,10.4,1.9,0.0,43.8,34.0,24.0,0.033,0.018000000000000002,0.3,0.003
吝备,2017-03-07,303,102341.0,97.0,2.9,7.4,10.0,-0.1,0.0,39.3,31.0,19.0,0.035,0.016,0.3,0.003
吝备,2017-03-08,309,102341.0,97.0,2.8,8.4,12.4,1.1,0.0,50.0,40.0,18.0,0.03,0.026000000000000002,0.4,0.003
吝备,2017-03-09,356,102341.0,97.0,2.7,8.7,12.4,4.4,0.0,49.3,43.0,19.0,0.027000000000000003,0.033,0.5,0.004
吝备,2017-03-10,383,102341.0,97.0,1.8,5.8,8.0,6.1,0.0,37.5,42.0,24.0,0.023,0.042,0.5,0.004
吝备,2017-03-11,332,102341.0,97.0,1.6,6.3,7.6,7.9,0.0,38.8,59.0,37.0,0.018000000000000002,0.062,0.7,0.006
吝备,2017-03-12,233,102341.0,97.0,1.9,6.0,8.5,9.2,0.0,56.9,84.0,61.0,0.026000000000000002,0.06,0.8,0.006
吝备,2017-03-13,458,102341.0,97.0,1.9,4.5,6.4,8.1,0.0,50.2,58.0,39.0,0.036000000000000004,0.027000000000000003,0.5,0.004
吝备,2017-03-14,455,102341.0,97.0,2.1,7.4,9.5,7.7,0.0,39.0,46.0,26.0,0.035,0.024,0.4,0.004
吝备,2017-03-15,466,102341.0,97.0,1.9,6.6,8.2,7.4,0.0,35.5,37.0,21.0,0.023,0.039,0.5,0.003
吝备,2017-03-16,466,102341.0,97.0,2.2,6.3,8.2,7.3,0.0,43.1,60.0,39.0,0.022000000000000002,0.055999999999999994,0.6,0.005
吝备,2017-03-17,384,102341.0,97.0,1.7,6.8,9.5,8.6,0.0,43.2,71.0,51.0,0.024,0.059000000000000004,0.7,0.005
吝备,2017-03-18,340,102341.0,97.0,2.1,7.6,9.7,10.7,0.0,33.7,75.0,53.0,0.027000000000000003,0.065,0.7,0.008
吝备,2017-03-19,329,102341.0,97.0,1.4,5.5,8.1,11.4,0.0,37.4,70.0,51.0,0.03,0.05,0.7,0.005
吝备,2017-03-20,474,102341.0,97.0,1.5,5.1,6.2,11.2,0.0,41.5,90.0,62.0,0.008,0.07400000000000001,0.9,0.006
吝备,2017-03-21,472,102341.0,97.0,2.2,5.9,7.8,9.1,0.0,51.0,91.0,62.0,0.032,0.032,0.6,0.006
吝备,2017-03-22,557,102341.0,97.0,2.0,6.6,8.4,8.7,0.0,37.1,45.0,27.0,0.033,0.035,0.4,0.004
吝备,2017-03-23,528,102341.0,97.0,2.0,6.5,8.6,10.5,0.0,36.0,65.0,39.0,0.028999999999999998,0.046,0.6,0.004
吝备,2017-03-24,531,102341.0,97.0,1.8,5.8,7.8,9.7,0.0,46.8,53.0,32.0,0.018000000000000002,0.051,0.5,0.004
吝备,2017-03-25,384,102341.0,97.0,1.9,6.1,8.1,9.5,0.0,44.1,64.0,44.0,0.021,0.051,0.6,0.005
吝备,2017-03-26,285,102341.0,97.0,2.0,6.6,7.7,8.2,0.0,53.4,59.0,41.0,0.028999999999999998,0.039,0.5,0.005
吝备,2017-03-27,384,102341.0,97.0,2.0,8.9,12.0,7.4,1.0,68.6,69.0,51.0,0.033,0.038,0.8,0.004
吝备,2017-03-28,507,102341.0,97.0,2.0,6.2,7.8,7.4,0.0,64.1,82.0,58.0,0.019,0.053,0.8,0.005
吝备,2017-03-29,613,102341.0,97.0,1.9,5.7,7.3,9.5,0.0,53.4,57.0,40.0,0.035,0.038,0.5,0.004
吝备,2017-03-30,591,102341.0,97.0,1.4,4.9,7.8,11.8,0.0,50.2,62.0,40.0,0.026000000000000002,0.049,0.6,0.004
吝备,2017-03-31,317,102341.0,97.0,2.1,5.2,6.1,9.8,4.0,70.9,49.0,33.0,0.018000000000000002,0.047,0.6,0.003
吝备,2017-04-01,376,102102.0,97.2,2.0,7.4,9.7,9.2,1.0,66.0,20.0,14.0,0.033,0.027999999999999997,0.4,0.002
吝备,2017-04-02,389,102102.0,97.2,2.3,6.8,9.4,9.6,0.0,59.2,45.0,32.0,0.033,0.036000000000000004,0.5,0.004
吝备,2017-04-03,551,102102.0,97.2,1.7,6.8,8.6,12.2,0.0,48.3,75.0,53.0,0.034,0.052000000000000005,0.6,0.006
吝备,2017-04-04,656,102102.0,97.2,1.9,6.3,8.7,14.6,0.0,39.9,72.0,48.0,0.037000000000000005,0.055999999999999994,0.7,0.005
吝备,2017-04-05,126,102102.0,97.2,1.7,5.1,6.6,13.1,35.5,61.8,54.0,36.0,0.012,0.066,0.7,0.006
吝备,2017-04-06,435,102102.0,97.2,2.0,5.2,7.2,11.7,4.0,89.4,23.0,17.0,0.023,0.031,0.4,0.003
吝备,2017-04-07,704,102102.0,97.2,1.8,6.1,7.8,15.5,0.0,69.0,43.0,30.0,0.022000000000000002,0.04,0.5,0.003
吝备,2017-04-08,442,102102.0,97.2,2.2,6.1,8.3,14.6,0.5,70.9,64.0,44.0,0.021,0.040999999999999995,0.6,0.003
吝备,2017-04-09,450,102102.0,97.2,2.6,6.8,9.5,15.2,0.5,65.2,41.0,28.0,0.026000000000000002,0.028999999999999998,0.5,0.002
吝备,2017-04-10,794,102102.0,97.2,2.0,6.0,8.6,16.9,0.0,28.0,27.0,17.0,0.027999999999999997,0.04,0.4,0.003
吝备,2017-04-11,733,102102.0,97.2,2.8,7.9,11.2,16.4,0.0,36.7,52.0,23.0,0.034,0.034,0.4,0.003
吝备,2017-04-12,669,102102.0,97.2,3.2,9.0,13.8,12.7,0.0,19.8,55.0,11.0,0.04,0.017,0.3,0.003
吝备,2017-04-13,669,102102.0,97.2,2.2,6.8,11.7,13.1,0.0,53.6,63.0,26.0,0.034,0.037000000000000005,0.5,0.005
吝备,2017-04-14,462,102102.0,97.2,1.9,7.7,11.0,14.0,5.0,59.5,50.0,21.0,0.04,0.037000000000000005,0.4,0.005
吝备,2017-04-15,545,102102.0,97.2,1.7,6.2,9.0,17.0,0.0,63.8,59.0,29.0,0.043,0.037000000000000005,0.5,0.005
吝备,2017-04-16,571,102102.0,97.2,1.3,5.1,7.0,19.3,0.0,56.0,55.0,31.0,0.028999999999999998,0.051,0.6,0.005
吝备,2017-04-17,452,102102.0,97.2,1.9,6.2,11.7,16.1,5.0,66.0,39.0,23.0,0.022000000000000002,0.049,0.6,0.003
吝备,2017-04-18,542,102102.0,97.2,2.4,7.4,10.8,12.6,10.0,78.4,35.0,20.0,0.022000000000000002,0.04,0.5,0.003
吝备,2017-04-19,775,102102.0,97.2,2.9,7.4,10.4,13.5,0.0,45.7,70.0,14.0,0.032,0.024,0.3,0.003
吝备,2017-04-20,717,102102.0,97.2,2.0,6.4,8.3,13.8,0.0,46.9,71.0,19.0,0.028999999999999998,0.04,0.4,0.004
吝备,2017-04-21,741,102102.0,97.2,1.9,6.7,9.3,13.7,0.0,55.8,59.0,20.0,0.027999999999999997,0.045,0.5,0.004
吝备,2017-04-22,611,102102.0,97.2,2.1,6.4,10.2,15.4,0.0,49.6,57.0,25.0,0.032,0.038,0.5,0.003
吝备,2017-04-23,558,102102.0,97.2,2.2,8.1,10.7,15.8,0.0,41.9,45.0,22.0,0.040999999999999995,0.036000000000000004,0.4,0.004
吝备,2017-04-24,839,102102.0,97.2,2.3,7.8,11.1,15.6,0.0,41.0,38.0,17.0,0.036000000000000004,0.042,0.5,0.004
吝备,2017-04-25,813,102102.0,97.2,2.2,7.2,10.0,17.0,0.0,55.0,51.0,27.0,0.044000000000000004,0.036000000000000004,0.4,0.004
吝备,2017-04-26,894,102102.0,97.2,2.8,8.2,11.2,16.4,0.0,31.4,41.0,17.0,0.040999999999999995,0.02,0.3,0.003
吝备,2017-04-27,836,102102.0,97.2,2.8,10.0,14.7,14.8,0.0,40.9,39.0,13.0,0.039,0.024,0.4,0.004
吝备,2017-04-28,896,102102.0,97.2,2.1,7.4,10.4,15.4,0.0,56.7,57.0,24.0,0.033,0.038,0.6,0.006999999999999999
吝备,2017-04-29,713,102102.0,97.2,2.0,7.2,9.9,17.5,0.0,47.7,57.0,27.0,0.038,0.037000000000000005,0.5,0.006
吝备,2017-04-30,624,102102.0,97.2,2.0,6.9,8.9,20.3,0.0,55.6,81.0,47.0,0.071,0.027999999999999997,0.6,0.006999999999999999
吝备,2017-05-01,638,102032.0,97.4,1.6,6.2,8.2,20.8,0.0,51.9,84.0,47.0,0.061,0.033,0.6,0.005
吝备,2017-05-02,798,102032.0,97.4,1.5,5.7,7.5,21.5,0.0,48.5,87.0,46.0,0.044000000000000004,0.05,0.6,0.005
吝备,2017-05-03,728,102032.0,97.4,1.8,7.0,9.3,22.0,0.0,42.1,60.0,29.0,0.063,0.040999999999999995,0.5,0.004
吝备,2017-05-04,896,102032.0,97.4,1.7,5.5,7.9,21.9,0.0,46.1,55.0,30.0,0.035,0.044000000000000004,0.5,0.005
吝备,2017-05-05,629,102032.0,97.4,2.8,7.9,12.1,22.0,0.0,56.8,45.0,20.0,0.039,0.019,0.3,0.003
吝备,2017-05-06,402,102032.0,97.4,3.6,11.0,15.3,16.1,0.0,32.2,164.0,17.0,0.040999999999999995,0.02,0.3,0.003
吝备,2017-05-07,511,102032.0,97.4,3.0,8.9,12.5,17.3,0.0,43.4,75.0,14.0,0.044000000000000004,0.023,0.3,0.005
吝备,2017-05-08,677,102032.0,97.4,1.7,6.0,7.5,18.5,0.0,46.0,147.0,34.0,0.044000000000000004,0.043,0.5,0.008
吝备,2017-05-09,359,102032.0,97.4,1.8,5.9,8.2,17.8,1.0,60.4,112.0,30.0,0.022000000000000002,0.044000000000000004,0.5,0.005
吝备,2017-05-10,858,102032.0,97.4,2.0,7.3,9.1,17.1,4.0,74.2,37.0,17.0,0.035,0.023,0.4,0.002
吝备,2017-05-11,870,102032.0,97.4,1.5,4.7,6.5,19.4,0.0,65.5,65.0,32.0,0.033,0.042,0.5,0.005
吝备,2017-05-12,869,102032.0,97.4,1.3,6.2,9.3,20.1,0.0,72.1,70.0,42.0,0.035,0.044000000000000004,0.6,0.006
吝备,2017-05-13,430,102032.0,97.4,2.1,10.1,14.3,17.6,6.5,77.7,45.0,24.0,0.039,0.031,0.4,0.004
吝备,2017-05-14,682,102032.0,97.4,3.4,10.7,14.1,16.5,0.0,58.4,48.0,12.0,0.044000000000000004,0.018000000000000002,0.3,0.004
吝备,2017-05-15,944,102032.0,97.4,2.1,6.0,8.3,16.5,0.0,62.8,35.0,10.0,0.032,0.026000000000000002,0.3,0.004
吝备,2017-05-16,985,102032.0,97.4,1.7,5.5,7.0,17.8,0.0,63.4,30.0,15.0,0.033,0.031,0.3,0.004
吝备,2017-05-17,958,102032.0,97.4,2.2,8.0,10.1,19.5,0.0,55.3,31.0,16.0,0.033,0.037000000000000005,0.4,0.005
吝备,2017-05-18,1025,102032.0,97.4,2.2,7.1,9.5,21.1,0.0,46.8,40.0,24.0,0.045,0.044000000000000004,0.5,0.006
吝备,2017-05-19,1021,102032.0,97.4,2.5,7.5,9.8,21.8,0.0,44.3,39.0,22.0,0.047,0.037000000000000005,0.4,0.006
吝备,2017-05-20,900,102032.0,97.4,2.6,7.6,9.3,21.6,0.0,45.6,32.0,19.0,0.044000000000000004,0.033,0.4,0.006999999999999999
吝备,2017-05-21,750,102032.0,97.4,2.2,6.6,8.3,22.1,0.0,47.3,26.0,16.0,0.042,0.025,0.3,0.004
吝备,2017-05-22,1003,102032.0,97.4,1.9,5.5,7.7,22.4,0.0,55.2,35.0,23.0,0.034,0.031,0.4,0.004
吝备,2017-05-23,676,102032.0,97.4,1.7,6.7,8.6,20.6,4.0,67.2,29.0,19.0,0.017,0.033,0.4,0.004
吝备,2017-05-24,1020,102032.0,97.4,1.8,6.2,8.3,22.2,0.5,63.3,22.0,13.0,0.027999999999999997,0.027999999999999997,0.3,0.002
吝备,2017-05-25,1001,102032.0,97.4,2.5,8.8,12.3,20.7,0.0,47.9,32.0,13.0,0.037000000000000005,0.031,0.4,0.003
吝备,2017-05-26,1128,102032.0,97.4,2.1,7.1,9.7,18.3,0.0,41.2,19.0,7.0,0.038,0.02,0.3,0.003
吝备,2017-05-27,900,102032.0,97.4,2.1,6.6,9.4,20.3,0.0,48.8,27.0,12.0,0.045,0.028999999999999998,0.4,0.004
吝备,2017-05-28,785,102032.0,97.4,2.3,6.9,8.4,21.6,0.0,51.7,37.0,20.0,0.053,0.03,0.4,0.005
吝备,2017-05-29,1048,102032.0,97.4,1.9,6.6,8.8,23.5,0.0,63.6,59.0,33.0,0.064,0.033,0.5,0.006999999999999999
吝备,2017-05-30,1083,102032.0,97.4,1.6,6.6,8.6,24.7,0.0,42.3,44.0,21.0,0.042,0.04,0.4,0.006
吝备,2017-05-31,1025,102032.0,97.4,1.8,5.7,7.1,23.9,0.0,48.5,31.0,18.0,0.027000000000000003,0.043,0.4,0.004
吝备,2017-06-01,1095,101941.0,98.0,2.7,8.5,10.8,24.0,0.0,55.7,29.0,16.0,0.042,0.016,0.3,0.002
吝备,2017-06-02,752,101941.0,98.0,2.7,8.6,10.1,21.4,0.0,40.0,23.0,8.0,0.043,0.017,0.2,0.002
吝备,2017-06-03,916,101941.0,98.0,2.6,7.7,10.1,21.3,0.0,43.3,25.0,10.0,0.039,0.02,0.3,0.003
吝备,2017-06-04,871,101941.0,98.0,2.3,6.9,9.5,22.6,0.0,38.9,24.0,10.0,0.045,0.021,0.3,0.002
吝备,2017-06-05,1108,101941.0,98.0,1.9,5.6,7.9,24.4,0.0,36.2,22.0,11.0,0.046,0.036000000000000004,0.4,0.003
吝备,2017-06-06,345,101941.0,98.0,2.6,5.7,8.1,20.1,13.0,59.1,18.0,10.0,0.036000000000000004,0.028999999999999998,0.3,0.002
吝备,2017-06-07,504,101941.0,98.0,1.4,4.8,6.3,18.2,12.5,90.5,14.0,9.0,0.024,0.027999999999999997,0.4,0.002
吝备,2017-06-08,1056,101941.0,98.0,2.0,6.4,9.0,20.8,0.0,66.5,38.0,25.0,0.057,0.026000000000000002,0.6,0.003
吝备,2017-06-09,1130,101941.0,98.0,2.4,8.0,11.9,21.8,0.0,69.0,56.0,36.0,0.055,0.032,0.6,0.004
吝备,2017-06-10,836,101941.0,98.0,1.7,4.5,6.0,22.5,2.5,49.6,41.0,19.0,0.05,0.022000000000000002,0.4,0.002
吝备,2017-06-11,794,101941.0,98.0,2.2,10.5,13.8,23.3,0.0,37.0,24.0,8.0,0.035,0.027000000000000003,0.3,0.002
吝备,2017-06-12,1133,101941.0,98.0,2.6,5.7,7.9,22.5,0.0,45.3,25.0,11.0,0.046,0.025,0.3,0.002
吝备,2017-06-13,1107,101941.0,98.0,2.5,7.4,9.7,21.9,5.0,63.6,28.0,14.0,0.035,0.022000000000000002,0.3,0.003
吝备,2017-06-14,1091,101941.0,98.0,2.5,7.1,9.7,22.2,0.0,64.5,37.0,19.0,0.039,0.027000000000000003,0.3,0.003
吝备,2017-06-15,1113,101941.0,98.0,1.9,6.1,8.6,23.8,0.0,61.9,44.0,25.0,0.043,0.031,0.4,0.004
吝备,2017-06-16,1119,101941.0,98.0,1.9,6.5,8.4,25.8,0.0,57.0,55.0,39.0,0.057,0.042,0.5,0.011000000000000001
吝备,2017-06-17,813,101941.0,98.0,2.1,6.0,8.2,25.1,0.0,51.0,41.0,29.0,0.063,0.021,0.5,0.01
吝备,2017-06-18,807,101941.0,98.0,2.5,7.5,9.6,25.3,0.0,50.8,35.0,25.0,0.048,0.021,0.4,0.006999999999999999
吝备,2017-06-19,1083,101941.0,98.0,1.7,5.9,8.6,25.7,0.0,50.1,42.0,31.0,0.036000000000000004,0.03,0.5,0.006
吝备,2017-06-20,1123,101941.0,98.0,1.7,6.8,9.4,26.5,0.0,46.2,40.0,29.0,0.045,0.024,0.5,0.005
吝备,2017-06-21,1186,101941.0,98.0,2.6,7.5,10.1,26.3,0.0,51.1,46.0,33.0,0.038,0.018000000000000002,0.4,0.006
吝备,2017-06-22,1194,101941.0,98.0,2.3,7.1,9.8,25.7,0.0,60.3,31.0,23.0,0.036000000000000004,0.016,0.3,0.005
吝备,2017-06-23,1177,101941.0,98.0,1.9,6.5,8.5,27.6,0.0,52.0,34.0,22.0,0.036000000000000004,0.024,0.4,0.005
吝备,2017-06-24,510,101941.0,98.0,1.3,3.8,4.7,25.6,1.5,57.9,32.0,21.0,0.021,0.027000000000000003,0.5,0.006
吝备,2017-06-25,562,101941.0,98.0,1.6,8.2,9.3,23.3,40.0,80.5,28.0,22.0,0.035,0.019,0.4,0.004
吝备,2017-06-26,595,101941.0,98.0,1.9,8.2,10.7,23.6,7.5,75.1,22.0,16.0,0.031,0.028999999999999998,0.4,0.003
吝备,2017-06-27,1146,101941.0,98.0,1.9,5.0,6.8,25.3,1.0,70.6,22.0,17.0,0.039,0.028999999999999998,0.4,0.003
吝备,2017-06-28,1105,101941.0,98.0,1.9,5.8,7.8,26.3,0.0,68.7,36.0,30.0,0.051,0.032,0.4,0.004
吝备,2017-06-29,1063,101941.0,98.0,1.9,5.2,7.5,27.0,0.0,61.7,41.0,33.0,0.047,0.03,0.4,0.003
吝备,2017-06-30,1065,101941.0,98.0,2.2,6.2,8.0,26.9,0.0,64.2,45.0,35.0,0.049,0.026000000000000002,0.4,0.002
吝备,2017-07-01,571,101849.0,98.5,1.5,4.8,6.7,25.9,1.5,72.7,36.0,29.0,0.040999999999999995,0.028999999999999998,0.4,0.002
吝备,2017-07-02,187,101849.0,98.5,1.4,6.5,9.1,25.2,85.0,91.3,27.0,21.0,0.022000000000000002,0.019,0.3,0.002
吝备,2017-07-03,543,101849.0,98.5,2.1,7.0,10.0,25.3,54.0,87.8,22.0,16.0,0.028999999999999998,0.023,0.3,0.002
吝备,2017-07-04,996,101849.0,98.5,1.7,6.0,8.5,27.5,1.0,76.1,33.0,25.0,0.042,0.024,0.4,0.003
吝备,2017-07-05,288,101849.0,98.5,1.2,5.1,6.0,28.5,0.0,66.7,34.0,27.0,0.05,0.031,0.4,0.003
吝备,2017-07-07,197,101849.0,98.5,1.6,4.6,7.0,27.0,29.5,82.7,22.0,14.0,0.013999999999999999,0.037000000000000005,0.4,0.002
吝备,2017-07-08,458,101849.0,98.5,1.1,5.2,6.2,26.9,3.5,84.9,26.0,17.0,0.02,0.027000000000000003,0.3,0.002
吝备,2017-07-09,252,101849.0,98.5,0.9,5.4,6.6,26.6,18.5,87.1,26.0,19.0,0.023,0.031,0.4,0.002
吝备,2017-07-10,66,101849.0,98.5,1.3,6.0,8.7,24.7,154.5,94.8,13.0,9.0,0.011000000000000001,0.034,0.4,0.002
吝备,2017-07-11,955,101849.0,98.5,1.4,4.9,6.1,26.8,4.5,81.3,36.0,27.0,0.040999999999999995,0.027000000000000003,0.4,0.002
吝备,2017-07-12,980,101849.0,98.5,1.8,5.6,8.2,28.2,0.0,74.4,43.0,32.0,0.05,0.025,0.4,0.002
吝备,2017-07-13,964,101849.0,98.5,1.6,4.6,6.3,28.5,0.0,69.9,44.0,33.0,0.049,0.036000000000000004,0.5,0.003
吝备,2017-07-14,891,101849.0,98.5,1.9,8.2,10.7,29.5,0.0,70.0,43.0,32.0,0.042,0.04,0.5,0.004
吝备,2017-07-15,217,101849.0,98.5,1.4,5.9,8.4,25.6,54.0,88.4,19.0,14.0,0.024,0.027000000000000003,0.3,0.002
吝备,2017-07-16,545,101849.0,98.5,1.2,4.1,5.4,26.5,17.0,83.9,17.0,12.0,0.02,0.025,0.3,0.003
吝备,2017-07-17,898,101849.0,98.5,1.0,5.0,8.0,27.6,13.5,77.8,21.0,14.0,0.022000000000000002,0.027000000000000003,0.3,0.003
吝备,2017-07-18,777,101849.0,98.5,1.3,4.9,6.2,27.0,2.5,81.9,25.0,18.0,0.031,0.032,0.4,0.003
吝备,2017-07-19,938,101849.0,98.5,1.6,6.3,8.9,28.9,0.0,72.7,35.0,26.0,0.052000000000000005,0.03,0.4,0.003
吝备,2017-07-20,886,101849.0,98.5,1.4,4.9,5.9,30.5,0.0,68.3,46.0,35.0,0.051,0.037000000000000005,0.5,0.005
吝备,2017-07-21,886,101849.0,98.5,1.7,5.1,6.3,30.7,0.0,71.8,55.0,42.0,0.071,0.032,0.5,0.005
吝备,2017-07-22,486,101849.0,98.5,1.3,5.6,6.7,30.0,1.0,75.6,55.0,41.0,0.054000000000000006,0.027999999999999997,0.5,0.006
吝备,2017-07-23,279,101849.0,98.5,1.0,5.7,6.6,27.5,106.5,89.5,51.0,39.0,0.039,0.027000000000000003,0.5,0.003
吝备,2017-07-24,774,101849.0,98.5,1.0,3.3,4.0,27.0,3.0,81.3,32.0,23.0,0.021,0.040999999999999995,0.6,0.003
吝备,2017-07-25,908,101849.0,98.5,2.2,5.4,7.2,29.7,0.0,67.8,24.0,15.0,0.025,0.03,0.5,0.002
吝备,2017-07-26,1045,101849.0,98.5,2.5,6.0,7.6,29.1,0.0,58.2,17.0,10.0,0.034,0.034,0.4,0.002
吝备,2017-07-27,912,101849.0,98.5,1.8,4.3,6.0,27.6,2.0,61.7,26.0,16.0,0.025,0.047,0.5,0.003
吝备,2017-07-28,528,101849.0,98.5,1.4,3.8,5.0,25.5,8.5,90.5,34.0,22.0,0.013999999999999999,0.043,0.7,0.003
吝备,2017-07-29,732,101849.0,98.5,2.1,4.7,5.9,27.6,0.0,74.4,14.0,8.0,0.021,0.03,0.5,0.002
吝备,2017-07-30,620,101849.0,98.5,1.7,4.7,6.2,28.6,0.0,64.3,20.0,14.0,0.043,0.019,0.4,0.003
吝备,2017-07-31,599,101849.0,98.5,1.3,4.3,5.4,26.1,7.5,83.0,22.0,15.0,0.009000000000000001,0.042,0.6,0.002
吝备,2017-08-01,856,102523.0,99.1,1.4,4.6,5.3,28.9,2.0,72.4,20.0,12.0,0.026000000000000002,0.033,0.5,0.003
吝备,2017-08-02,980,102523.0,99.1,1.4,3.6,4.8,30.6,0.0,71.3,34.0,25.0,0.040999999999999995,0.04,0.5,0.003
吝备,2017-08-03,941,102523.0,99.1,2.4,6.5,7.8,30.3,0.0,64.2,25.0,16.0,0.027999999999999997,0.04,0.5,0.003
吝备,2017-08-04,908,102523.0,99.1,2.0,4.7,6.9,30.6,0.0,61.3,25.0,18.0,0.045,0.028999999999999998,0.4,0.003
吝备,2017-08-05,465,102523.0,99.1,1.9,4.6,7.3,31.9,0.0,64.3,26.0,20.0,0.040999999999999995,0.027999999999999997,0.4,0.003
吝备,2017-08-06,483,102523.0,99.1,1.7,5.2,7.1,30.5,0.0,70.2,24.0,19.0,0.034,0.024,0.4,0.003
吝备,2017-08-07,940,102523.0,99.1,2.0,6.2,7.8,30.1,0.0,65.3,30.0,23.0,0.054000000000000006,0.016,0.4,0.003
吝备,2017-08-08,1049,102523.0,99.1,1.7,5.1,7.5,28.8,0.0,64.0,40.0,29.0,0.053,0.027000000000000003,0.5,0.004
吝备,2017-08-09,916,102523.0,99.1,2.2,5.3,6.6,27.7,4.0,68.2,32.0,24.0,0.032,0.035,0.5,0.003
吝备,2017-08-10,247,102523.0,99.1,1.8,3.6,4.8,24.8,12.5,90.5,8.0,5.0,0.02,0.024,0.4,0.002
吝备,2017-08-11,883,102523.0,99.1,2.1,5.5,7.6,27.6,0.0,70.3,11.0,6.0,0.013000000000000001,0.028999999999999998,0.4,0.002
吝备,2017-08-12,699,102523.0,99.1,2.3,5.8,6.9,28.2,0.0,60.1,10.0,5.0,0.018000000000000002,0.026000000000000002,0.3,0.002
吝备,2017-08-13,669,102523.0,99.1,2.7,5.5,7.7,26.7,0.0,64.1,9.0,5.0,0.013999999999999999,0.021,0.3,0.002
吝备,2017-08-14,564,102523.0,99.1,2.9,6.5,8.9,25.5,0.0,66.7,9.0,4.0,0.006999999999999999,0.021,0.3,0.002
吝备,2017-08-15,94,102523.0,99.1,2.2,5.3,6.5,22.8,67.5,87.3,6.0,4.0,0.005,0.02,0.3,0.002
吝备,2017-08-16,904,102523.0,99.1,2.3,5.4,6.7,23.5,9.0,79.8,8.0,4.0,0.009000000000000001,0.021,0.4,0.002
吝备,2017-08-17,995,102523.0,99.1,1.6,4.2,5.5,24.9,1.5,78.9,11.0,7.0,0.011000000000000001,0.031,0.4,0.002
吝备,2017-08-18,1106,102523.0,99.1,1.0,8.4,10.1,26.2,0.5,76.8,25.0,19.0,0.018000000000000002,0.043,0.5,0.004
吝备,2017-08-19,817,102523.0,99.1,1.8,4.0,4.8,26.1,0.0,77.2,23.0,16.0,0.021,0.035,0.5,0.003
吝备,2017-08-20,74,102523.0,99.1,1.9,5.7,8.8,23.7,118.5,90.6,11.0,7.0,0.013000000000000001,0.027000000000000003,0.4,0.002
吝备,2017-08-21,967,102523.0,99.1,1.4,5.6,7.5,26.2,6.0,81.4,13.0,9.0,0.015,0.027000000000000003,0.4,0.003
吝备,2017-08-22,1130,102523.0,99.1,1.3,4.6,6.1,28.0,0.0,69.3,15.0,10.0,0.019,0.03,0.4,0.005
吝备,2017-08-23,607,102523.0,99.1,1.7,6.8,10.6,27.2,26.5,84.7,23.0,12.0,0.005,0.027000000000000003,0.5,0.004
吝备,2017-08-24,646,102523.0,99.1,2.4,9.6,14.2,27.5,10.5,83.2,24.0,10.0,0.013000000000000001,0.024,0.4,0.003
吝备,2017-08-25,1183,102523.0,99.1,1.7,5.6,7.3,26.3,0.0,63.2,24.0,14.0,0.023,0.035,0.6,0.004
吝备,2017-08-26,843,102523.0,99.1,1.8,5.2,9.2,25.3,0.0,50.1,21.0,10.0,0.032,0.024,0.4,0.004
吝备,2017-08-27,717,102523.0,99.1,1.8,4.3,5.3,23.1,0.0,63.9,21.0,12.0,0.017,0.034,0.4,0.003
吝备,2017-08-28,659,102523.0,99.1,1.8,7.3,8.5,22.1,8.5,74.0,25.0,16.0,0.015,0.040999999999999995,0.5,0.003
吝备,2017-08-29,1251,102523.0,99.1,2.0,5.1,6.8,20.8,0.0,52.3,15.0,7.0,0.031,0.012,0.3,0.002
吝备,2017-08-30,1267,102523.0,99.1,1.6,5.1,6.5,20.3,0.0,49.8,21.0,10.0,0.016,0.034,0.4,0.004
吝备,2017-08-31,1285,102523.0,99.1,1.6,4.7,6.2,22.6,0.0,61.0,34.0,21.0,0.028999999999999998,0.033,0.6,0.003
吝备,2017-09-01,1332,102948.0,99.2,1.7,4.2,6.3,23.7,0.0,53.7,22.0,12.0,0.027000000000000003,0.025,0.4,0.003
吝备,2017-09-02,948,102948.0,99.2,1.8,5.0,6.3,24.2,0.0,55.7,23.0,14.0,0.032,0.028999999999999998,0.4,0.004
吝备,2017-09-03,873,102948.0,99.2,1.7,5.0,5.9,24.5,0.0,59.2,28.0,19.0,0.043,0.027000000000000003,0.5,0.004
吝备,2017-09-04,1224,102948.0,99.2,1.4,4.8,6.1,24.9,0.0,54.7,28.0,19.0,0.03,0.040999999999999995,0.5,0.003
吝备,2017-09-05,1094,102948.0,99.2,1.6,4.3,5.2,22.5,0.0,61.5,23.0,13.0,0.008,0.046,0.5,0.003
吝备,2017-09-06,687,102948.0,99.2,0.7,3.1,3.5,21.4,1.5,73.0,24.0,15.0,0.016,0.040999999999999995,0.6,0.003
吝备,2017-09-07,1282,102948.0,99.2,0.9,5.7,7.5,22.8,0.0,71.5,35.0,27.0,0.037000000000000005,0.028999999999999998,0.6,0.004
吝备,2017-09-08,1308,102948.0,99.2,1.2,4.8,6.3,24.8,0.0,64.7,58.0,41.0,0.034,0.035,0.7,0.005
吝备,2017-09-09,940,102948.0,99.2,1.1,4.2,5.7,24.5,0.0,64.5,60.0,46.0,0.037000000000000005,0.039,0.7,0.004
吝备,2017-09-10,740,102948.0,99.2,1.4,3.8,5.1,23.5,0.0,72.5,46.0,35.0,0.022000000000000002,0.045,0.7,0.003
吝备,2017-09-11,892,102948.0,99.2,1.8,4.9,6.1,21.7,17.5,77.2,21.0,17.0,0.03,0.027999999999999997,0.5,0.003
吝备,2017-09-12,1196,102948.0,99.2,1.3,6.3,7.9,23.0,0.0,58.1,21.0,12.0,0.025,0.031,0.5,0.004
吝备,2017-09-13,1264,102948.0,99.2,1.3,5.5,6.7,22.2,0.0,48.3,21.0,10.0,0.024,0.035,0.4,0.004
吝备,2017-09-14,1269,102948.0,99.2,1.4,4.1,5.7,22.5,0.0,49.9,24.0,12.0,0.024,0.035,0.5,0.003
吝备,2017-09-15,1311,102948.0,99.2,2.9,7.2,9.3,23.0,0.0,49.3,15.0,8.0,0.021,0.028999999999999998,0.4,0.002
吝备,2017-09-16,1101,102948.0,99.2,2.8,7.2,11.0,22.2,0.0,51.0,9.0,5.0,0.022000000000000002,0.022000000000000002,0.3,0.002
吝备,2017-09-17,959,102948.0,99.2,2.5,6.3,7.5,23.1,0.0,53.6,8.0,4.0,0.026000000000000002,0.015,0.3,0.002
吝备,2017-09-18,1312,102948.0,99.2,1.4,5.8,7.8,22.3,0.0,59.8,18.0,9.0,0.026000000000000002,0.027999999999999997,0.4,0.003
吝备,2017-09-19,1103,102948.0,99.2,2.1,9.6,13.3,23.4,8.0,74.3,59.0,39.0,0.044000000000000004,0.033,0.7,0.004
吝备,2017-09-20,1455,102948.0,99.2,1.5,5.9,8.0,20.6,0.0,45.1,20.0,8.0,0.028999999999999998,0.022000000000000002,0.3,0.003
吝备,2017-09-21,1495,102948.0,99.2,0.3,3.3,4.8,20.3,0.0,54.2,28.0,16.0,0.023,0.046,0.5,0.003
吝备,2017-09-22,1476,102948.0,99.2,0.6,5.2,6.9,20.9,0.0,57.9,30.0,20.0,0.033,0.046,0.5,0.004
吝备,2017-09-23,1094,102948.0,99.2,0.6,3.9,5.4,21.9,0.0,66.9,52.0,27.0,0.025,0.047,0.6,0.005
吝备,2017-09-24,940,102948.0,99.2,0.9,7.5,9.6,22.6,0.0,70.7,62.0,38.0,0.038,0.031,0.6,0.004
吝备,2017-09-25,1363,102948.0,99.2,0.6,4.4,5.4,23.4,0.0,60.0,43.0,27.0,0.025,0.049,0.6,0.003
吝备,2017-09-26,1255,102948.0,99.2,1.4,4.6,5.7,24.5,0.0,59.1,45.0,27.0,0.028999999999999998,0.049,0.6,0.003
吝备,2017-09-27,1234,102948.0,99.2,0.9,6.1,7.8,23.3,0.0,63.3,41.0,26.0,0.024,0.037000000000000005,0.5,0.003
吝备,2017-09-28,1357,102948.0,99.2,2.3,9.2,12.4,20.3,0.0,49.4,20.0,8.0,0.028999999999999998,0.019,0.4,0.003
吝备,2017-09-29,1408,102948.0,99.2,1.5,6.1,8.5,17.5,0.0,40.1,20.0,9.0,0.023,0.03,0.4,0.004
吝备,2017-09-30,1169,102948.0,99.2,0.8,4.6,5.4,20.1,0.0,59.0,33.0,19.0,0.024,0.040999999999999995,0.5,0.005
吝备,2017-10-01,355,103021.0,99.5,0.5,3.6,4.6,18.4,3.0,72.6,35.0,23.0,0.015,0.04,0.6,0.003
吝备,2017-10-02,950,103021.0,99.5,1.1,5.0,6.2,21.4,2.5,66.1,18.0,10.0,0.033,0.018000000000000002,0.3,0.003
吝备,2017-10-03,703,103021.0,99.5,1.5,5.3,7.0,18.8,0.0,48.6,33.0,12.0,0.026000000000000002,0.015,0.4,0.003
吝备,2017-10-04,525,103021.0,99.5,1.6,4.3,5.8,17.3,0.0,45.1,20.0,9.0,0.024,0.017,0.3,0.002
吝备,2017-10-05,801,103021.0,99.5,1.2,4.7,6.1,18.5,0.0,58.7,15.0,8.0,0.021,0.022000000000000002,0.3,0.003
吝备,2017-10-06,772,103021.0,99.5,1.3,6.3,7.8,18.6,0.0,66.4,12.0,7.0,0.022000000000000002,0.019,0.3,0.002
吝备,2017-10-07,1110,103021.0,99.5,0.6,4.8,5.8,21.3,0.0,69.4,9.0,5.0,0.022000000000000002,0.026000000000000002,0.4,0.002
吝备,2017-10-08,1200,103021.0,99.5,0.5,3.7,4.8,23.0,0.0,65.8,19.0,13.0,0.024,0.028999999999999998,0.5,0.004
吝备,2017-10-09,1181,103021.0,99.5,0.8,4.4,5.7,22.8,0.0,63.7,24.0,17.0,0.028999999999999998,0.028999999999999998,0.4,0.005
吝备,2017-10-10,1188,103021.0,99.5,0.3,2.8,4.8,21.7,0.5,73.6,29.0,19.0,0.011000000000000001,0.038,0.5,0.003
吝备,2017-10-11,804,103021.0,99.5,1.4,5.8,7.7,16.8,20.0,75.2,11.0,6.0,0.022000000000000002,0.015,0.3,0.002
吝备,2017-10-12,1107,103021.0,99.5,1.6,4.4,6.7,12.9,0.0,62.2,20.0,12.0,0.012,0.025,0.4,0.002
吝备,2017-10-13,1262,103021.0,99.5,1.3,4.7,6.1,13.3,0.0,49.2,25.0,15.0,0.017,0.03,0.4,0.003
吝备,2017-10-14,885,103021.0,99.5,1.6,6.5,8.0,14.6,0.0,42.8,20.0,11.0,0.026000000000000002,0.025,0.4,0.003
吝备,2017-10-15,898,103021.0,99.5,1.5,4.9,6.6,15.6,0.0,41.3,21.0,12.0,0.022000000000000002,0.03,0.4,0.003
吝备,2017-10-16,1292,103021.0,99.5,1.0,5.0,5.7,16.9,0.0,46.4,28.0,16.0,0.018000000000000002,0.033,0.5,0.003
吝备,2017-10-17,1271,103021.0,99.5,0.6,3.8,4.5,16.3,0.0,44.6,36.0,22.0,0.016,0.045,0.6,0.003
吝备,2017-10-18,1074,103021.0,99.5,0.9,3.8,5.7,16.8,0.0,55.9,25.0,16.0,0.015,0.038,0.5,0.003
吝备,2017-10-19,1357,103021.0,99.5,1.0,4.3,5.0,16.9,0.0,55.4,18.0,11.0,0.019,0.033,0.4,0.002
吝备,2017-10-20,1365,103021.0,99.5,0.8,3.3,4.4,17.0,0.0,54.0,31.0,18.0,0.015,0.044000000000000004,0.5,0.003
吝备,2017-10-21,1003,103021.0,99.5,0.8,4.6,6.3,17.5,0.0,50.8,36.0,23.0,0.017,0.043,0.6,0.003
吝备,2017-10-22,762,103021.0,99.5,3.0,8.8,12.0,16.3,0.0,49.3,25.0,15.0,0.024,0.026000000000000002,0.4,0.002
吝备,2017-10-23,1227,103021.0,99.5,1.3,4.4,5.5,14.0,0.0,43.4,21.0,10.0,0.027000000000000003,0.026000000000000002,0.4,0.002
吝备,2017-10-24,1288,103021.0,99.5,0.9,3.6,4.5,14.3,0.0,49.0,30.0,16.0,0.016,0.040999999999999995,0.5,0.003
吝备,2017-10-25,1343,103021.0,99.5,0.6,5.2,6.4,14.6,0.0,54.7,38.0,22.0,0.021,0.042,0.6,0.003
吝备,2017-10-26,1274,103021.0,99.5,0.3,2.8,3.3,14.7,0.0,53.5,46.0,29.0,0.015,0.05,0.7,0.003
吝备,2017-10-27,1281,103021.0,99.5,0.4,2.8,3.8,17.1,0.0,47.7,59.0,37.0,0.02,0.055,0.8,0.003
吝备,2017-10-28,921,103021.0,99.5,0.9,4.2,4.6,16.8,0.0,40.9,44.0,28.0,0.023,0.046,0.7,0.003
吝备,2017-10-29,625,103021.0,99.5,1.7,6.6,11.0,12.9,0.0,35.3,57.0,22.0,0.026000000000000002,0.024,0.5,0.003
吝备,2017-10-30,1094,103021.0,99.5,1.9,5.8,7.4,8.6,0.0,14.4,32.0,14.0,0.023,0.023,0.4,0.003
吝备,2017-10-31,1166,103021.0,99.5,1.3,6.3,7.7,10.0,0.0,41.6,31.0,15.0,0.011000000000000001,0.044000000000000004,0.6,0.004
吝备,2017-11-01,1286,103118.0,100.0,0.6,5.3,6.3,14.5,0.0,60.7,37.0,20.0,0.021,0.040999999999999995,0.5,0.005
吝备,2017-11-02,1109,103118.0,100.0,0.1,2.1,3.6,14.9,0.0,67.8,47.0,28.0,0.022000000000000002,0.044000000000000004,0.5,0.005
吝备,2017-11-03,900,103118.0,100.0,,,,,,,38.0,26.0,0.028999999999999998,0.027000000000000003,0.4,0.003
吝备,2017-11-04,680,103118.0,100.0,,,,,,,53.0,41.0,0.022000000000000002,0.026000000000000002,0.5,0.003
吝备,2017-11-05,675,103118.0,100.0,,,,,,,42.0,30.0,0.013000000000000001,0.040999999999999995,0.6,0.004
吝备,2017-11-06,1252,103118.0,100.0,,,,,,,34.0,23.0,0.009000000000000001,0.053,0.7,0.004
吝备,2017-11-07,1259,103118.0,100.0,0.6,3.1,4.1,14.1,0.0,53.4,43.0,28.0,0.004,0.064,0.7,0.004
吝备,2017-11-08,1069,103118.0,100.0,2.2,6.6,8.7,14.5,0.0,45.4,57.0,29.0,0.032,0.026000000000000002,0.5,0.004
吝备,2017-11-09,1156,103118.0,100.0,1.0,3.1,4.3,10.3,0.0,32.9,48.0,26.0,0.008,0.052000000000000005,0.7,0.004
吝备,2017-11-10,755,103118.0,100.0,2.2,8.4,14.6,10.2,8.5,44.9,44.0,23.0,0.013000000000000001,0.044000000000000004,0.7,0.004
吝备,2017-11-11,562,103118.0,100.0,1.8,6.6,10.8,7.2,0.0,24.9,59.0,12.0,0.019,0.021,0.4,0.003
吝备,2017-11-12,570,103118.0,100.0,1.4,4.8,5.9,6.1,0.0,46.4,29.0,18.0,0.011000000000000001,0.036000000000000004,0.5,0.003
吝备,2017-11-13,827,103118.0,100.0,1.1,4.1,6.0,8.3,2.0,53.7,39.0,25.0,0.005,0.051,0.7,0.004
吝备,2017-11-14,974,103118.0,100.0,2.1,7.0,9.4,9.0,0.0,32.9,42.0,18.0,0.019,0.026000000000000002,0.5,0.004
吝备,2017-11-15,784,103118.0,100.0,2.4,8.9,12.8,4.3,0.0,29.8,23.0,11.0,0.021,0.021,0.4,0.004
吝备,2017-11-16,762,103118.0,100.0,1.6,4.8,6.4,2.3,0.0,19.4,23.0,13.0,0.015,0.03,0.5,0.003
吝备,2017-11-17,688,103118.0,100.0,2.0,5.3,6.6,3.4,0.0,21.6,39.0,24.0,0.003,0.048,0.7,0.004
吝备,2017-11-18,305,103118.0,100.0,2.3,5.2,7.4,-0.5,0.0,18.4,37.0,21.0,0.024,0.012,0.4,0.003
吝备,2017-11-19,297,103118.0,100.0,2.0,7.3,9.4,-0.6,0.0,15.6,23.0,12.0,0.021,0.018000000000000002,0.4,0.003
吝备,2017-11-20,620,103118.0,100.0,1.6,3.9,5.6,0.7,0.0,32.9,35.0,21.0,0.01,0.036000000000000004,0.6,0.004
吝备,2017-11-21,681,103118.0,100.0,1.3,3.3,4.1,1.6,0.0,40.1,47.0,31.0,0.004,0.049,0.8,0.004
吝备,2017-11-22,648,103118.0,100.0,1.7,6.3,9.0,4.9,0.0,36.5,63.0,34.0,0.011000000000000001,0.04,0.7,0.005
吝备,2017-11-23,653,103118.0,100.0,2.1,7.8,11.8,2.2,0.0,25.8,21.0,11.0,0.015,0.024,0.4,0.004
吝备,2017-11-24,583,103118.0,100.0,1.7,6.1,9.3,0.6,0.5,44.5,18.0,12.0,0.013000000000000001,0.025,0.4,0.003
吝备,2017-11-25,185,103118.0,100.0,1.4,4.1,5.1,2.6,21.5,57.0,25.0,15.0,0.003,0.045,0.7,0.003
吝备,2017-11-26,310,103118.0,100.0,1.7,6.3,8.4,4.2,0.0,54.0,39.0,25.0,0.011000000000000001,0.032,0.7,0.003
吝备,2017-11-27,667,103118.0,100.0,0.9,2.7,3.2,3.1,0.0,37.9,45.0,29.0,0.004,0.049,0.8,0.004
吝备,2017-11-28,732,103118.0,100.0,0.8,4.1,5.5,6.3,0.5,46.1,71.0,48.0,0.003,0.061,1.1,0.006
吝备,2017-11-29,607,103118.0,100.0,1.5,4.4,5.8,5.0,0.0,35.0,55.0,27.0,0.013999999999999999,0.027999999999999997,0.5,0.004
吝备,2017-11-30,519,103118.0,100.0,2.7,6.3,8.7,-1.0,0.0,17.0,21.0,10.0,0.024,0.018000000000000002,0.4,0.003
吝备,2017-12-01,547,103194.0,100.6,1.5,5.7,8.1,-1.5,0.0,47.3,21.0,13.0,0.013000000000000001,0.035,0.5,0.004
吝备,2017-12-02,372,103194.0,100.6,1.2,3.4,4.7,1.9,0.0,63.1,35.0,24.0,0.004,0.047,0.7,0.005
吝备,2017-12-03,247,103194.0,100.6,1.3,4.5,5.9,5.1,3.0,81.3,48.0,36.0,0.002,0.048,0.9,0.004
吝备,2017-12-04,438,103194.0,100.6,2.7,7.8,10.3,0.4,0.0,53.2,38.0,27.0,0.019,0.021,0.5,0.004
吝备,2017-12-05,457,103194.0,100.6,2.1,6.4,8.8,-3.4,0.0,39.2,19.0,10.0,0.019,0.02,0.4,0.004
吝备,2017-12-06,367,103194.0,100.6,1.7,6.4,8.0,0.2,3.0,72.8,32.0,23.0,0.004,0.042,0.7,0.004
吝备,2017-12-07,515,103194.0,100.6,1.8,5.6,6.9,1.8,0.0,67.5,42.0,33.0,0.011000000000000001,0.035,0.7,0.004
吝备,2017-12-08,463,103194.0,100.6,2.1,5.5,7.3,-2.8,0.0,43.3,28.0,20.0,0.016,0.024,0.5,0.004
吝备,2017-12-09,294,103194.0,100.6,1.3,3.6,4.7,-0.1,0.0,49.9,36.0,24.0,0.003,0.051,0.8,0.004
吝备,2017-12-10,137,103194.0,100.6,2.1,6.8,11.9,1.5,5.5,71.4,37.0,26.0,0.011000000000000001,0.034,0.7,0.004
吝备,2017-12-11,299,103194.0,100.6,3.1,8.0,11.0,-5.7,0.0,42.0,36.0,9.0,0.018000000000000002,0.012,0.3,0.003
吝备,2017-12-12,269,103194.0,100.6,2.0,5.5,7.7,-8.3,0.0,44.0,28.0,15.0,0.016,0.018000000000000002,0.4,0.004
吝备,2017-12-13,287,103194.0,100.6,1.6,4.5,5.5,-7.2,0.0,43.4,30.0,18.0,0.015,0.024,0.5,0.003
吝备,2017-12-14,345,103194.0,100.6,1.5,3.7,4.7,-6.1,0.0,48.5,48.0,34.0,0.004,0.048,0.9,0.004
吝备,2017-12-15,372,103194.0,100.6,1.2,3.5,4.8,-2.9,0.0,56.1,73.0,56.0,0.002,0.067,1.3,0.005
吝备,2017-12-16,200,103194.0,100.6,2.3,6.1,9.2,-4.2,0.0,47.0,36.0,25.0,0.021,0.017,0.5,0.004
吝备,2017-12-17,148,103194.0,100.6,1.7,6.0,8.2,-5.8,0.0,41.6,31.0,12.0,0.022000000000000002,0.019,0.4,0.003
吝备,2017-12-18,146,103194.0,100.6,1.3,5.2,7.8,-2.2,1.5,81.0,57.0,38.0,0.004,0.053,1.1,0.004
吝备,2017-12-19,240,103194.0,100.6,1.8,5.9,9.4,-2.9,0.0,51.1,42.0,21.0,0.016,0.022000000000000002,0.5,0.004
吝备,2017-12-20,267,103194.0,100.6,1.8,4.5,5.6,-3.8,0.0,66.6,42.0,32.0,0.003,0.045,0.8,0.004
吝备,2017-12-21,312,103194.0,100.6,1.3,4.3,5.6,-0.4,0.0,74.4,48.0,37.0,0.004,0.052000000000000005,0.9,0.005
吝备,2017-12-22,401,103194.0,100.6,1.1,2.8,4.3,2.8,0.0,69.7,55.0,41.0,0.003,0.063,1.1,0.006999999999999999
吝备,2017-12-23,367,103194.0,100.6,0.8,2.6,4.0,6.5,0.0,75.4,99.0,72.0,0.009000000000000001,0.057,1.0,0.008
吝备,2017-12-24,76,103194.0,100.6,1.7,4.7,6.9,3.6,19.5,82.8,69.0,54.0,0.017,0.042,0.9,0.005
吝备,2017-12-25,148,103194.0,100.6,2.2,6.2,8.5,-1.3,0.0,46.0,23.0,14.0,0.022000000000000002,0.02,0.4,0.005
吝备,2017-12-26,304,103194.0,100.6,2.4,8.7,12.1,-2.5,0.0,45.9,22.0,12.0,0.018000000000000002,0.024,0.4,0.004
吝备,2017-12-27,247,103194.0,100.6,2.1,6.2,7.9,-6.0,0.0,33.0,23.0,13.0,0.015,0.025,0.5,0.004
吝备,2017-12-28,334,103194.0,100.6,1.2,3.1,4.3,-1.9,0.0,51.1,35.0,23.0,0.005,0.043,0.7,0.004
吝备,2017-12-29,407,103194.0,100.6,1.2,4.3,5.8,2.7,0.0,67.8,81.0,58.0,0.006999999999999999,0.052000000000000005,0.9,0.006999999999999999
吝备,2017-12-30,161,103194.0,100.6,1.3,2.7,3.6,1.9,0.5,78.8,112.0,87.0,0.003,0.055999999999999994,1.1,0.005
吝备,2017-12-31,113,103194.0,100.6,2.4,5.9,8.2,1.1,0.5,56.5,53.0,34.0,0.022000000000000002,0.022000000000000002,0.6,0.004
