날짜,area,rentcnt,인구,아파트가격,평균풍속,최대풍속,순간최고풍속,기온평균,강수일강수,습도평균,미세먼지,초미세먼지,오존,이산화질소,일산화탄소,아황산가스,year,month,day,hour,minute,second,dayofweek,weekday,weekend
2016-09-06,8,4,408773,95.6,1.6,5.3,7.1,25.6,0.0,71.6,62.0,39.0,0.022000000000000002,0.031,0.4,0.005,2016,9,6,0,0,0,1,1.0,0.0
2016-09-25,8,0,408773,95.6,1.4,4.6,5.9,23.4,0.0,63.6,45.0,32.0,0.03,0.028999999999999998,0.4,0.004,2016,9,25,0,0,0,6,0.0,1.0
2016-09-28,8,59,408773,95.6,1.3,3.4,4.3,20.8,0.5,86.7,34.0,21.0,0.013000000000000001,0.023,0.4,0.005,2016,9,28,0,0,0,2,1.0,0.0
2016-09-29,8,158,408773,95.6,2.8,5.6,8.7,20.8,0.0,66.6,18.0,8.0,0.013999999999999999,0.017,0.3,0.004,2016,9,29,0,0,0,3,1.0,0.0
2016-09-30,8,144,408773,95.6,1.4,3.4,4.1,21.2,0.0,68.3,30.0,14.0,0.013000000000000001,0.028999999999999998,0.4,0.004,2016,9,30,0,0,0,4,1.0,0.0
2016-10-01,8,288,408143,96.0,1.5,3.5,5.2,21.5,0.0,73.2,46.0,27.0,0.012,0.036000000000000004,0.5,0.005,2016,10,1,0,0,0,5,0.0,1.0
2016-10-02,8,48,408143,96.0,1.9,5.1,6.8,19.5,13.0,85.8,27.0,18.0,0.016,0.021,0.4,0.005,2016,10,2,0,0,0,6,0.0,1.0
2016-10-03,8,344,408143,96.0,1.5,7.8,11.0,23.9,6.5,75.4,18.0,8.0,0.017,0.019,0.4,0.004,2016,10,3,0,0,0,0,1.0,0.0
2016-10-04,8,255,408143,96.0,2.5,6.3,7.9,22.3,0.0,65.0,29.0,13.0,0.023,0.019,0.3,0.004,2016,10,4,0,0,0,1,1.0,0.0
2016-10-05,8,238,408143,96.0,2.4,5.6,8.4,21.9,0.0,64.9,32.0,14.0,0.026000000000000002,0.021,0.4,0.004,2016,10,5,0,0,0,2,1.0,0.0
2016-10-06,8,292,408143,96.0,1.6,4.2,5.1,19.3,0.0,62.4,39.0,18.0,0.023,0.021,0.4,0.005,2016,10,6,0,0,0,3,1.0,0.0
2016-10-07,8,148,408143,96.0,2.2,5.4,8.3,20.2,1.0,70.1,25.0,11.0,0.021,0.023,0.3,0.005,2016,10,7,0,0,0,4,1.0,0.0
2016-10-08,8,285,408143,96.0,2.5,7.3,11.8,17.9,6.0,69.7,22.0,12.0,0.026000000000000002,0.019,0.4,0.005,2016,10,8,0,0,0,5,0.0,1.0
2016-10-09,8,301,408143,96.0,2.1,4.8,6.7,12.4,0.0,48.4,18.0,11.0,0.026000000000000002,0.013999999999999999,0.3,0.004,2016,10,9,0,0,0,6,0.0,1.0
2016-10-10,8,218,408143,96.0,1.7,4.2,5.6,14.4,0.0,45.7,29.0,13.0,0.017,0.028999999999999998,0.4,0.005,2016,10,10,0,0,0,0,1.0,0.0
2016-10-11,8,245,408143,96.0,1.8,5.1,7.2,15.7,0.0,62.9,41.0,21.0,0.016,0.038,0.6,0.005,2016,10,11,0,0,0,1,1.0,0.0
2016-10-12,8,302,408143,96.0,1.5,6.7,7.9,16.6,0.0,61.5,55.0,31.0,0.018000000000000002,0.027000000000000003,0.6,0.005,2016,10,12,0,0,0,2,1.0,0.0
2016-10-13,8,340,408143,96.0,1.6,4.9,5.9,15.8,0.0,47.1,40.0,18.0,0.016,0.032,0.5,0.005,2016,10,13,0,0,0,3,1.0,0.0
2016-10-14,8,373,408143,96.0,1.3,3.4,4.4,17.0,0.0,63.9,73.0,40.0,0.012,0.044000000000000004,0.7,0.005,2016,10,14,0,0,0,4,1.0,0.0
2016-10-15,8,492,408143,96.0,1.5,3.4,5.4,19.1,0.0,65.8,85.0,49.0,0.015,0.043,0.7,0.004,2016,10,15,0,0,0,5,0.0,1.0
2016-10-16,8,246,408143,96.0,1.4,3.2,4.0,17.9,1.0,76.0,56.0,35.0,0.017,0.03,0.6,0.004,2016,10,16,0,0,0,6,0.0,1.0
2016-10-17,8,396,408143,96.0,1.4,4.1,6.4,18.1,0.0,78.3,54.0,32.0,0.019,0.027000000000000003,0.6,0.004,2016,10,17,0,0,0,0,1.0,0.0
2016-10-18,8,436,408143,96.0,1.3,3.4,4.8,17.5,0.0,75.3,57.0,28.0,0.012,0.033,0.6,0.004,2016,10,18,0,0,0,1,1.0,0.0
2016-10-19,8,411,408143,96.0,1.6,4.4,6.0,18.7,0.0,70.2,66.0,35.0,0.02,0.042,0.6,0.005,2016,10,19,0,0,0,2,1.0,0.0
2016-10-20,8,429,408143,96.0,1.8,5.4,8.5,18.8,0.0,67.1,63.0,32.0,0.024,0.032,0.6,0.004,2016,10,20,0,0,0,3,1.0,0.0
2016-10-21,8,470,408143,96.0,2.3,5.2,7.0,18.4,0.0,62.7,26.0,11.0,0.025,0.018000000000000002,0.4,0.004,2016,10,21,0,0,0,4,1.0,0.0
2016-10-22,8,555,408143,96.0,1.8,3.8,4.8,18.8,0.0,63.1,31.0,15.0,0.025,0.02,0.4,0.004,2016,10,22,0,0,0,5,0.0,1.0
2016-10-23,8,216,408143,96.0,3.2,8.3,12.1,14.5,2.0,68.1,10.0,6.0,0.027000000000000003,0.011000000000000001,0.3,0.004,2016,10,23,0,0,0,6,0.0,1.0
2016-10-24,8,423,408143,96.0,2.0,4.3,6.3,15.0,0.0,59.9,17.0,7.0,0.016,0.025,0.3,0.004,2016,10,24,0,0,0,0,1.0,0.0
2016-10-25,8,247,408143,96.0,1.7,4.7,6.3,14.7,39.0,85.2,16.0,10.0,0.013000000000000001,0.022000000000000002,0.4,0.004,2016,10,25,0,0,0,1,1.0,0.0
2016-10-26,8,375,408143,96.0,1.2,3.0,3.7,13.9,0.0,86.0,43.0,23.0,0.008,0.026000000000000002,0.7,0.004,2016,10,26,0,0,0,2,1.0,0.0
2016-10-27,8,426,408143,96.0,1.6,4.3,5.2,15.1,0.0,72.0,41.0,23.0,0.01,0.026000000000000002,0.6,0.004,2016,10,27,0,0,0,3,1.0,0.0
2016-10-28,8,375,408143,96.0,1.7,4.4,6.7,16.0,0.0,65.8,39.0,19.0,0.015,0.025,0.4,0.004,2016,10,28,0,0,0,4,1.0,0.0
2016-10-29,8,282,408143,96.0,1.9,5.9,7.8,10.0,0.0,44.2,38.0,18.0,0.019,0.019,0.3,0.005,2016,10,29,0,0,0,5,0.0,1.0
2016-10-30,8,307,408143,96.0,1.3,3.4,4.4,8.6,0.0,34.4,26.0,13.0,0.013000000000000001,0.024,0.4,0.005,2016,10,30,0,0,0,6,0.0,1.0
2016-10-31,8,187,408143,96.0,1.8,5.6,7.5,7.3,0.0,59.1,32.0,13.0,0.006999999999999999,0.028999999999999998,0.5,0.005,2016,10,31,0,0,0,0,1.0,0.0
2016-11-01,8,212,407449,96.5,1.9,5.0,7.5,3.3,0.0,43.0,25.0,12.0,0.017,0.019,0.4,0.005,2016,11,1,0,0,0,1,1.0,0.0
2016-11-02,8,209,407449,96.5,1.5,5.7,6.9,4.9,0.0,52.9,33.0,15.0,0.008,0.031,0.5,0.005,2016,11,2,0,0,0,2,1.0,0.0
2016-11-03,8,285,407449,96.5,1.5,5.9,7.6,9.5,0.5,68.2,42.0,23.0,0.01,0.034,0.7,0.006,2016,11,3,0,0,0,3,1.0,0.0
2016-11-04,8,313,407449,96.5,1.3,5.0,7.0,13.1,0.0,68.1,64.0,18.0,0.021,0.034,0.6,0.006,2016,11,4,0,0,0,4,1.0,0.0
2016-11-05,8,322,407449,96.5,1.1,6.0,7.9,15.8,0.0,77.8,81.0,62.0,0.03,0.03,0.7,0.005,2016,11,5,0,0,0,5,0.0,1.0
2016-11-06,8,413,407449,96.5,3.0,6.4,8.2,14.7,0.0,63.7,30.0,18.0,0.023,0.015,0.4,0.004,2016,11,6,0,0,0,6,0.0,1.0
2016-11-07,8,204,407449,96.5,2.1,5.5,7.4,14.0,4.5,70.2,37.0,26.0,0.016,0.024,0.5,0.005,2016,11,7,0,0,0,0,1.0,0.0
2016-11-08,8,217,407449,96.5,2.3,5.3,7.1,6.2,0.0,61.4,69.0,55.0,0.019,0.019,0.5,0.004,2016,11,8,0,0,0,1,1.0,0.0
2016-11-09,8,238,407449,96.5,2.0,5.6,6.8,3.6,0.0,43.0,40.0,27.0,0.013999999999999999,0.022000000000000002,0.5,0.005,2016,11,9,0,0,0,2,1.0,0.0
2016-11-10,8,217,407449,96.5,1.6,4.4,5.2,6.5,1.0,59.9,36.0,23.0,0.005,0.034,0.5,0.004,2016,11,10,0,0,0,3,1.0,0.0
2016-11-11,8,267,407449,96.5,2.0,7.3,10.4,10.3,8.0,66.9,44.0,18.0,0.015,0.03,0.5,0.005,2016,11,11,0,0,0,4,1.0,0.0
2016-11-12,8,346,407449,96.5,1.3,5.5,7.2,12.0,0.0,64.9,80.0,32.0,0.021,0.028999999999999998,0.6,0.005,2016,11,12,0,0,0,5,0.0,1.0
2016-11-13,8,379,407449,96.5,1.3,3.5,4.8,15.1,0.0,76.4,60.0,28.0,0.022000000000000002,0.023,0.6,0.005,2016,11,13,0,0,0,6,0.0,1.0
2016-11-14,8,183,407449,96.5,1.0,2.7,4.2,14.4,2.0,83.7,51.0,28.0,0.015,0.027999999999999997,0.6,0.005,2016,11,14,0,0,0,0,1.0,0.0
2016-11-15,8,256,407449,96.5,1.9,4.8,6.2,8.0,0.0,45.3,63.0,25.0,0.017,0.021,0.4,0.005,2016,11,15,0,0,0,1,1.0,0.0
2016-11-16,8,277,407449,96.5,1.2,2.9,3.4,6.4,0.0,48.1,50.0,24.0,0.006,0.032,0.5,0.005,2016,11,16,0,0,0,2,1.0,0.0
2016-11-17,8,269,407449,96.5,1.2,3.3,4.0,9.7,0.0,57.4,68.0,34.0,0.006,0.036000000000000004,0.7,0.005,2016,11,17,0,0,0,3,1.0,0.0
2016-11-18,8,276,407449,96.5,1.5,3.5,4.4,10.7,0.0,63.7,83.0,39.0,0.011000000000000001,0.039,0.9,0.006,2016,11,18,0,0,0,4,1.0,0.0
2016-11-19,8,310,407449,96.5,2.0,5.7,7.4,13.7,0.0,70.7,44.0,25.0,0.015,0.032,0.7,0.005,2016,11,19,0,0,0,5,0.0,1.0
2016-11-20,8,374,407449,96.5,2.0,5.8,7.6,11.9,0.0,52.3,45.0,26.0,0.018000000000000002,0.021,0.6,0.005,2016,11,20,0,0,0,6,0.0,1.0
2016-11-21,8,295,407449,96.5,1.7,4.2,6.3,10.7,0.0,46.1,60.0,27.0,0.008,0.035,0.7,0.005,2016,11,21,0,0,0,0,1.0,0.0
2016-11-22,8,214,407449,96.5,2.5,6.6,8.5,4.8,0.0,44.9,45.0,20.0,0.017,0.019,0.5,0.005,2016,11,22,0,0,0,1,1.0,0.0
2016-11-23,8,180,407449,96.5,2.1,4.7,6.0,0.3,0.0,37.2,41.0,17.0,0.013000000000000001,0.018000000000000002,0.4,0.006,2016,11,23,0,0,0,2,1.0,0.0
2016-11-24,8,168,407449,96.5,1.9,6.5,7.9,-0.6,0.0,38.4,31.0,11.0,0.012,0.023,0.4,0.006,2016,11,24,0,0,0,3,1.0,0.0
2016-11-25,8,205,407449,96.5,1.4,4.1,5.8,1.8,0.0,45.3,35.0,17.0,0.006,0.034,0.6,0.006,2016,11,25,0,0,0,4,1.0,0.0
2016-11-26,8,97,407449,96.5,1.6,3.4,4.3,1.6,1.0,70.5,46.0,29.0,0.006,0.033,0.6,0.005,2016,11,26,0,0,0,5,0.0,1.0
2016-11-27,8,147,407449,96.5,1.2,2.9,3.4,4.2,0.0,83.3,71.0,40.0,0.003,0.034,0.7,0.005,2016,11,27,0,0,0,6,0.0,1.0
2016-11-28,8,177,407449,96.5,1.7,5.6,8.4,3.3,0.0,58.8,83.0,39.0,0.009000000000000001,0.027999999999999997,0.7,0.005,2016,11,28,0,0,0,0,1.0,0.0
2016-11-29,8,203,407449,96.5,1.2,3.2,4.1,3.0,0.0,45.9,39.0,20.0,0.006,0.032,0.6,0.006,2016,11,29,0,0,0,1,1.0,0.0
2016-11-30,8,182,407449,96.5,1.2,3.8,5.3,6.6,0.5,60.8,42.0,23.0,0.003,0.037000000000000005,0.6,0.006999999999999999,2016,11,30,0,0,0,2,1.0,0.0
2016-12-01,8,192,406360,96.8,2.3,7.0,10.7,6.2,0.0,51.2,55.0,31.0,0.016,0.025,0.6,0.006,2016,12,1,0,0,0,3,1.0,0.0
2016-12-02,8,215,406360,96.8,1.5,4.6,6.9,3.0,0.0,48.3,38.0,15.0,0.011000000000000001,0.027999999999999997,0.5,0.006,2016,12,2,0,0,0,4,1.0,0.0
2016-12-03,8,226,406360,96.8,1.3,3.8,4.8,5.2,0.0,61.0,50.0,27.0,0.006999999999999999,0.039,0.7,0.006,2016,12,3,0,0,0,5,0.0,1.0
2016-12-04,8,214,406360,96.8,1.1,3.0,3.4,6.2,0.0,66.2,67.0,39.0,0.005,0.048,0.9,0.006999999999999999,2016,12,4,0,0,0,6,0.0,1.0
2016-12-05,8,200,406360,96.8,2.3,6.4,9.9,7.3,2.0,71.2,76.0,45.0,0.013000000000000001,0.035,0.7,0.006999999999999999,2016,12,5,0,0,0,0,1.0,0.0
2016-12-06,8,155,406360,96.8,2.0,5.2,7.6,0.6,0.0,40.5,28.0,13.0,0.011000000000000001,0.023,0.4,0.006,2016,12,6,0,0,0,1,1.0,0.0
2016-12-07,8,166,406360,96.8,1.5,3.9,5.1,2.9,0.0,58.7,52.0,21.0,0.004,0.04,0.6,0.006999999999999999,2016,12,7,0,0,0,2,1.0,0.0
2016-12-08,8,129,406360,96.8,1.5,3.7,5.3,2.8,3.0,75.2,53.0,29.0,0.002,0.04,0.7,0.006,2016,12,8,0,0,0,3,1.0,0.0
2016-12-09,8,157,406360,96.8,2.3,6.8,8.0,3.3,4.0,67.8,24.0,17.0,0.005666666999999999,0.025,0.4,0.005,2016,12,9,0,0,0,4,1.0,0.0
2016-12-10,8,158,406360,96.8,1.7,4.8,5.6,-0.1,0.0,52.4,34.0,21.0,0.01,0.025,0.5,0.005,2016,12,10,0,0,0,5,0.0,1.0
2016-12-11,8,126,406360,96.8,1.4,3.8,5.0,0.2,0.0,46.1,34.0,21.0,0.01,0.032,0.6,0.005,2016,12,11,0,0,0,6,0.0,1.0
2016-12-12,8,151,406360,96.8,1.8,3.7,4.4,2.7,0.0,45.4,44.0,28.0,0.005,0.038,0.7,0.006,2016,12,12,0,0,0,0,1.0,0.0
2016-12-13,8,173,406360,96.8,1.6,5.6,6.9,4.8,0.0,55.5,57.0,38.0,0.006,0.036000000000000004,0.7,0.006,2016,12,13,0,0,0,1,1.0,0.0
2016-12-14,8,132,406360,96.8,1.6,3.8,5.8,0.9,0.0,73.3,58.0,35.0,0.005,0.025,0.6,0.006999999999999999,2016,12,14,0,0,0,2,1.0,0.0
2016-12-15,8,129,406360,96.8,2.3,6.4,9.1,-2.7,0.0,44.4,39.0,19.0,0.009000000000000001,0.02,0.5,0.006,2016,12,15,0,0,0,3,1.0,0.0
2016-12-16,8,135,406360,96.8,2.0,7.3,9.1,-3.4,0.0,41.0,35.0,17.0,0.005,0.028999999999999998,0.5,0.006,2016,12,16,0,0,0,4,1.0,0.0
2016-12-17,8,182,406360,96.8,1.3,2.6,3.3,3.0,0.0,60.5,59.0,34.0,0.01,0.044000000000000004,0.7,0.008,2016,12,17,0,0,0,5,0.0,1.0
2016-12-18,8,170,406360,96.8,1.3,3.7,4.8,5.7,0.0,71.7,38.0,26.0,0.013000000000000001,0.038,0.6,0.006,2016,12,18,0,0,0,6,0.0,1.0
2016-12-19,8,188,406360,96.8,1.8,3.9,4.9,8.0,0.0,70.3,28.0,19.0,0.011000000000000001,0.025,0.5,0.005,2016,12,19,0,0,0,0,1.0,0.0
2016-12-20,8,214,406360,96.8,1.2,3.3,3.9,8.6,0.0,73.1,43.0,27.0,0.009000000000000001,0.034,0.8,0.005,2016,12,20,0,0,0,1,1.0,0.0
2016-12-21,8,92,406360,96.8,2.1,4.7,6.8,8.2,31.0,78.5,33.0,20.0,0.008,0.026000000000000002,0.6,0.005,2016,12,21,0,0,0,2,1.0,0.0
2016-12-22,8,39,406360,96.8,2.9,6.5,9.4,7.2,22.5,92.3,58.0,42.0,0.006,0.023,0.7,0.005,2016,12,22,0,0,0,3,1.0,0.0
2016-12-23,8,123,406360,96.8,3.0,6.6,9.8,-0.6,0.0,70.4,54.0,35.0,0.005,0.016,0.6,0.005,2016,12,23,0,0,0,4,1.0,0.0
2016-12-24,8,131,406360,96.8,1.8,5.0,5.4,-0.9,0.0,66.3,70.0,53.0,0.003,0.02,0.6,0.005,2016,12,24,0,0,0,5,0.0,1.0
2016-12-25,8,120,406360,96.8,1.5,3.0,4.0,1.7,0.0,73.9,54.0,38.0,0.006999999999999999,0.027000000000000003,0.7,0.005,2016,12,25,0,0,0,6,0.0,1.0
2016-12-26,8,129,406360,96.8,1.4,4.3,5.7,3.8,0.0,76.5,54.0,34.0,0.006,0.03,0.9,0.005,2016,12,26,0,0,0,0,1.0,0.0
2016-12-27,8,133,406360,96.8,2.4,7.0,8.2,0.0,0.0,58.6,46.0,29.0,0.004,0.019,0.6,0.006,2016,12,27,0,0,0,1,1.0,0.0
2016-12-28,8,127,406360,96.8,1.7,4.9,7.1,-2.4,0.0,48.7,45.0,24.0,0.008,0.028999999999999998,0.6,0.006,2016,12,28,0,0,0,2,1.0,0.0
2016-12-29,8,112,406360,96.8,2.1,6.1,8.4,-2.6,0.0,53.5,37.0,18.0,0.012,0.023,0.5,0.006,2016,12,29,0,0,0,3,1.0,0.0
2016-12-30,8,112,406360,96.8,1.4,3.8,4.7,-2.6,0.0,51.1,38.0,21.0,0.009000000000000001,0.032,0.6,0.006,2016,12,30,0,0,0,4,1.0,0.0
2016-12-31,8,168,406360,96.8,1.2,2.6,3.3,1.4,0.0,66.6,51.0,33.0,0.003333333,0.038,0.8,0.006999999999999999,2016,12,31,0,0,0,5,0.0,1.0
2017-01-01,8,158,405986,96.9,1.2,2.7,3.7,3.5,0.0,77.3,70.0,46.0,0.005,0.042,0.7,0.006,2017,1,1,0,0,0,6,0.0,1.0
2017-01-02,8,156,405986,96.9,1.6,5.5,8.0,6.2,0.0,78.1,110.0,79.0,0.021,0.038,0.7,0.006999999999999999,2017,1,2,0,0,0,0,1.0,0.0
2017-01-03,8,147,405986,96.9,1.6,5.7,7.1,3.6,0.0,66.5,74.0,47.0,0.016,0.043,0.4,0.005,2017,1,3,0,0,0,1,1.0,0.0
2017-01-04,8,210,405986,96.9,1.4,5.5,6.9,5.2,0.0,61.5,49.0,30.0,0.006999999999999999,0.036000000000000004,0.6,0.005,2017,1,4,0,0,0,2,1.0,0.0
2017-01-05,8,181,405986,96.9,2.3,5.9,8.8,5.0,0.0,58.4,32.0,20.0,0.009000000000000001,0.013999999999999999,0.6,0.004,2017,1,5,0,0,0,3,1.0,0.0
2017-01-06,8,241,405986,96.9,1.6,4.3,5.4,6.8,0.0,60.3,18.0,10.0,0.01,0.021,0.4,0.003,2017,1,6,0,0,0,4,1.0,0.0
2017-01-07,8,203,405986,96.9,1.4,3.2,4.0,5.5,0.0,68.5,38.0,26.0,0.006,0.033,0.6,0.003,2017,1,7,0,0,0,5,0.0,1.0
2017-01-08,8,191,405986,96.9,2.0,5.8,7.2,7.5,0.0,65.1,31.0,20.0,0.01,0.026000000000000002,0.6,0.004,2017,1,8,0,0,0,6,0.0,1.0
2017-01-09,8,178,405986,96.9,2.6,7.0,9.6,3.6,0.0,61.4,64.0,48.0,0.016,0.016,0.7,0.004,2017,1,9,0,0,0,0,1.0,0.0
2017-01-10,8,134,405986,96.9,2.5,7.0,10.5,-1.4,0.0,47.7,33.0,16.0,0.013999999999999999,0.013000000000000001,0.5,0.003,2017,1,10,0,0,0,1,1.0,0.0
2017-01-11,8,161,405986,96.9,2.1,6.7,8.9,-2.5,0.0,38.7,26.0,13.0,0.01,0.018000000000000002,0.7,0.002,2017,1,11,0,0,0,2,1.0,0.0
2017-01-12,8,141,405986,96.9,2.2,7.0,10.9,-0.6,0.0,48.1,30.0,17.0,0.012,0.018000000000000002,0.8,0.003,2017,1,12,0,0,0,3,1.0,0.0
2017-01-13,8,110,405986,96.9,2.3,6.5,11.0,-4.3,0.0,47.0,32.0,13.0,0.013999999999999999,0.011000000000000001,0.7,0.002,2017,1,13,0,0,0,4,1.0,0.0
2017-01-14,8,90,405986,96.9,2.6,6.4,9.4,-6.7,0.0,36.4,48.0,13.0,0.013999999999999999,0.006999999999999999,0.9,0.002,2017,1,14,0,0,0,5,0.0,1.0
2017-01-15,8,81,405986,96.9,1.6,3.8,5.2,-4.9,0.0,36.8,28.0,15.0,0.01,0.012,1.0,0.002,2017,1,15,0,0,0,6,0.0,1.0
2017-01-16,8,157,405986,96.9,1.1,3.2,4.1,-2.5,0.0,41.7,42.0,22.0,0.005,0.033,1.1,0.003,2017,1,16,0,0,0,0,1.0,0.0
2017-01-17,8,179,405986,96.9,1.3,4.0,4.9,-1.1,0.0,47.0,60.0,36.0,0.004,0.054000000000000006,1.1,0.006999999999999999,2017,1,17,0,0,0,1,1.0,0.0
2017-01-18,8,184,405986,96.9,1.0,2.8,3.6,0.7,0.0,65.2,99.0,69.0,0.006999999999999999,0.044000000000000004,1.0,0.006999999999999999,2017,1,18,0,0,0,2,1.0,0.0
2017-01-19,8,159,405986,96.9,1.5,5.2,7.1,0.3,0.0,60.1,97.0,64.0,0.01,0.044000000000000004,0.9,0.006,2017,1,19,0,0,0,3,1.0,0.0
2017-01-20,8,61,405986,96.9,2.0,6.1,8.9,-2.5,3.0,66.7,62.0,37.0,0.025,0.021,0.6,0.006,2017,1,20,0,0,0,4,1.0,0.0
2017-01-21,8,48,405986,96.9,1.4,4.8,7.7,-4.3,0.5,76.3,46.0,28.0,0.011000000000000001,0.034,0.6,0.005,2017,1,21,0,0,0,5,0.0,1.0
2017-01-22,8,41,405986,96.9,2.8,7.3,11.3,-6.1,0.0,51.1,86.0,29.0,0.032,0.011000000000000001,0.5,0.006,2017,1,22,0,0,0,6,0.0,1.0
2017-01-23,8,75,405986,96.9,1.9,6.1,7.5,-7.1,0.0,48.2,55.0,35.0,0.027999999999999997,0.017,0.6,0.005,2017,1,23,0,0,0,0,1.0,0.0
2017-01-24,8,82,405986,96.9,1.6,4.7,6.2,-5.6,0.0,51.0,36.0,25.0,0.019,0.026000000000000002,0.7,0.004,2017,1,24,0,0,0,1,1.0,0.0
2017-01-25,8,120,405986,96.9,1.5,4.3,5.4,-4.1,0.0,53.1,49.0,31.0,0.012,0.037000000000000005,0.9,0.004,2017,1,25,0,0,0,2,1.0,0.0
2017-01-26,8,106,405986,96.9,1.4,4.5,7.2,-1.2,0.0,62.9,61.0,40.0,0.013999999999999999,0.043,1.0,0.006,2017,1,26,0,0,0,3,1.0,0.0
2017-01-27,8,78,405986,96.9,2.8,8.0,10.8,-0.6,4.0,52.3,117.0,21.0,0.031,0.01,0.6,0.004,2017,1,27,0,0,0,4,1.0,0.0
2017-01-28,8,94,405986,96.9,1.5,3.5,4.3,-0.8,0.0,43.1,31.0,12.0,0.013000000000000001,0.027999999999999997,0.8,0.004,2017,1,28,0,0,0,5,0.0,1.0
2017-01-29,8,35,405986,96.9,1.3,3.8,5.0,1.6,5.0,71.3,26.0,14.0,0.01,0.028999999999999998,0.9,0.004,2017,1,29,0,0,0,6,0.0,1.0
2017-01-30,8,67,405986,96.9,1.2,5.8,6.6,-2.8,0.0,64.4,53.0,33.0,0.031,0.011000000000000001,0.8,0.005,2017,1,30,0,0,0,0,1.0,0.0
2017-01-31,8,86,405986,96.9,1.7,4.8,5.9,-4.1,0.0,49.0,25.0,15.0,0.019,0.023,0.8,0.004,2017,1,31,0,0,0,1,1.0,0.0
2017-02-01,8,103,405239,97.2,2.1,6.6,8.5,-2.2,0.0,45.6,34.0,19.0,0.023,0.023,0.8,0.004,2017,2,1,0,0,0,2,1.0,0.0
2017-02-02,8,134,405239,97.2,1.9,6.7,8.4,-1.5,0.0,50.9,33.0,18.0,0.023,0.026000000000000002,0.9,0.004,2017,2,2,0,0,0,3,1.0,0.0
2017-02-03,8,159,405239,97.2,1.6,5.7,7.3,2.6,0.0,67.1,69.0,42.0,0.023,0.039,1.1,0.006,2017,2,3,0,0,0,4,1.0,0.0
2017-02-04,8,164,405239,97.2,1.5,3.1,3.8,1.9,0.0,71.0,67.0,44.0,0.01,0.047,1.2,0.005,2017,2,4,0,0,0,5,0.0,1.0
2017-02-05,8,70,405239,97.2,2.0,5.7,8.0,2.9,0.0,72.5,64.0,46.0,0.019,0.031,1.3,0.005,2017,2,5,0,0,0,6,0.0,1.0
2017-02-06,8,143,405239,97.2,2.4,6.2,8.8,0.1,0.0,51.0,45.0,27.0,0.032,0.018000000000000002,0.8,0.005,2017,2,6,0,0,0,0,1.0,0.0
2017-02-07,8,41,405239,97.2,1.4,4.1,5.1,-0.3,0.0,48.8,37.0,22.0,0.012,0.037000000000000005,0.7,0.005,2017,2,7,0,0,0,1,1.0,0.0
2017-02-08,8,118,405239,97.2,1.8,5.1,6.9,-0.4,0.0,52.4,51.0,26.0,0.012,0.039,0.8,0.005,2017,2,8,0,0,0,2,1.0,0.0
2017-02-09,8,121,405239,97.2,2.9,6.7,9.7,-3.4,0.0,48.6,53.0,20.0,0.03,0.016,0.6,0.004,2017,2,9,0,0,0,3,1.0,0.0
2017-02-10,8,93,405239,97.2,3.0,7.7,11.2,-5.2,0.0,45.3,34.0,18.0,0.032,0.013000000000000001,0.6,0.003,2017,2,10,0,0,0,4,1.0,0.0
2017-02-11,8,113,405239,97.2,2.4,6.5,8.4,-3.4,0.0,46.2,31.0,17.0,0.027999999999999997,0.018000000000000002,0.6,0.004,2017,2,11,0,0,0,5,0.0,1.0
2017-02-12,8,115,405239,97.2,2.0,6.2,8.4,-0.9,0.0,52.1,30.0,17.0,0.025,0.024,0.7,0.004,2017,2,12,0,0,0,6,0.0,1.0
2017-02-13,8,150,405239,97.2,1.4,4.7,6.7,1.1,0.0,63.3,38.0,24.0,0.01,0.047,0.9,0.005,2017,2,13,0,0,0,0,1.0,0.0
2017-02-14,8,144,405239,97.2,1.5,5.6,7.8,1.9,0.0,48.4,51.0,30.0,0.028999999999999998,0.028999999999999998,0.8,0.006,2017,2,14,0,0,0,1,1.0,0.0
2017-02-15,8,171,405239,97.2,1.3,4.0,5.1,2.7,0.0,52.6,56.0,34.0,0.009000000000000001,0.057,1.2,0.006999999999999999,2017,2,15,0,0,0,2,1.0,0.0
2017-02-16,8,170,405239,97.2,1.1,5.0,7.5,6.1,0.0,61.8,56.0,33.0,0.016,0.053,1.3,0.006999999999999999,2017,2,16,0,0,0,3,1.0,0.0
2017-02-17,8,125,405239,97.2,3.0,7.8,9.2,3.5,3.0,61.6,46.0,17.0,0.036000000000000004,0.015,0.8,0.004,2017,2,17,0,0,0,4,1.0,0.0
2017-02-18,8,118,405239,97.2,2.5,7.0,9.9,-0.9,0.0,45.9,32.0,17.0,0.033,0.019,0.8,0.004,2017,2,18,0,0,0,5,0.0,1.0
2017-02-19,8,74,405239,97.2,1.5,5.1,6.7,2.8,2.5,67.4,40.0,22.0,0.027000000000000003,0.027999999999999997,1.0,0.004,2017,2,19,0,0,0,6,0.0,1.0
2017-02-20,8,121,405239,97.2,2.8,7.5,10.5,0.9,1.0,59.6,46.0,20.0,0.036000000000000004,0.013999999999999999,0.7,0.004,2017,2,20,0,0,0,0,1.0,0.0
2017-02-21,8,162,405239,97.2,1.7,5.0,7.1,0.2,0.0,40.0,41.0,25.0,0.013999999999999999,0.026000000000000002,0.6,0.004,2017,2,21,0,0,0,1,1.0,0.0
2017-02-22,8,76,405239,97.2,1.9,5.4,7.5,2.6,4.0,72.3,39.0,21.0,0.017,0.027000000000000003,0.5,0.004,2017,2,22,0,0,0,2,1.0,0.0
2017-02-23,8,142,405239,97.2,2.5,7.1,9.5,0.4,0.0,57.5,27.0,16.0,0.04,0.016,0.3,0.004,2017,2,23,0,0,0,3,1.0,0.0
2017-02-24,8,152,405239,97.2,2.0,7.1,9.5,0.3,0.0,50.6,29.0,17.0,0.027999999999999997,0.025,0.4,0.004,2017,2,24,0,0,0,4,1.0,0.0
2017-02-25,8,200,405239,97.2,2.2,7.1,9.5,3.4,0.0,63.2,43.0,26.0,0.018000000000000002,0.036000000000000004,0.6,0.005,2017,2,25,0,0,0,5,0.0,1.0
2017-02-26,8,157,405239,97.2,1.5,5.3,6.7,4.8,0.0,55.2,39.0,25.0,0.025,0.024,0.5,0.004,2017,2,26,0,0,0,6,0.0,1.0
2017-02-27,8,197,405239,97.2,1.8,6.7,9.7,5.1,0.0,42.8,32.0,20.0,0.021,0.032,0.5,0.004,2017,2,27,0,0,0,0,1.0,0.0
2017-02-28,8,204,405239,97.2,1.5,5.2,7.1,6.2,0.0,47.1,34.0,22.0,0.018000000000000002,0.042,0.6,0.005,2017,2,28,0,0,0,1,1.0,0.0
2017-03-01,8,172,404455,97.4,1.5,7.7,9.9,6.2,3.5,62.4,48.0,33.0,0.03,0.035,0.6,0.005,2017,3,1,0,0,0,2,1.0,0.0
2017-03-02,8,127,404455,97.4,2.5,6.9,9.9,3.4,0.5,64.2,32.0,19.0,0.037000000000000005,0.016,0.5,0.004,2017,3,2,0,0,0,3,1.0,0.0
2017-03-03,8,199,404455,97.4,2.0,6.5,8.2,4.2,0.0,53.2,37.0,20.0,0.023,0.032,0.5,0.004,2017,3,3,0,0,0,4,1.0,0.0
2017-03-04,8,304,404455,97.4,1.6,4.4,5.8,6.3,0.0,62.1,44.0,27.0,0.019,0.04,0.7,0.005,2017,3,4,0,0,0,5,0.0,1.0
2017-03-05,8,226,404455,97.4,1.8,5.1,7.5,6.0,0.0,68.9,59.0,39.0,0.037000000000000005,0.023,0.6,0.004,2017,3,5,0,0,0,6,0.0,1.0
2017-03-06,8,167,404455,97.4,2.8,7.5,10.4,1.9,0.0,43.8,37.0,24.0,0.038,0.013000000000000001,0.5,0.004,2017,3,6,0,0,0,0,1.0,0.0
2017-03-07,8,154,404455,97.4,2.9,7.4,10.0,-0.1,0.0,39.3,34.0,20.0,0.039,0.013000000000000001,0.5,0.003,2017,3,7,0,0,0,1,1.0,0.0
2017-03-08,8,175,404455,97.4,2.8,8.4,12.4,1.1,0.0,50.0,42.0,19.0,0.034,0.018000000000000002,0.5,0.003,2017,3,8,0,0,0,2,1.0,0.0
2017-03-09,8,204,404455,97.4,2.7,8.7,12.4,4.4,0.0,49.3,46.0,20.0,0.033,0.023,0.5,0.004,2017,3,9,0,0,0,3,1.0,0.0
2017-03-10,8,232,404455,97.4,1.8,5.8,8.0,6.1,0.0,37.5,41.0,24.0,0.027999999999999997,0.03,0.6,0.004,2017,3,10,0,0,0,4,1.0,0.0
2017-03-11,8,320,404455,97.4,1.6,6.3,7.6,7.9,0.0,38.8,52.0,33.0,0.027999999999999997,0.040999999999999995,0.7,0.005,2017,3,11,0,0,0,5,0.0,1.0
2017-03-12,8,223,404455,97.4,1.9,6.0,8.5,9.2,0.0,56.9,80.0,57.0,0.034,0.040999999999999995,0.9,0.006,2017,3,12,0,0,0,6,0.0,1.0
2017-03-13,8,294,404455,97.4,1.9,4.5,6.4,8.1,0.0,50.2,67.0,44.0,0.04,0.019,0.7,0.004,2017,3,13,0,0,0,0,1.0,0.0
2017-03-14,8,252,404455,97.4,2.1,7.4,9.5,7.7,0.0,39.0,55.0,33.0,0.03,0.019,0.7,0.004,2017,3,14,0,0,0,1,1.0,0.0
2017-03-15,8,284,404455,97.4,1.9,6.6,8.2,7.4,0.0,35.5,58.0,30.0,0.023,0.034,0.4,0.003,2017,3,15,0,0,0,2,1.0,0.0
2017-03-16,8,285,404455,97.4,2.2,6.3,8.2,7.3,0.0,43.1,66.0,36.0,0.03,0.037000000000000005,0.5,0.004,2017,3,16,0,0,0,3,1.0,0.0
2017-03-17,8,233,404455,97.4,1.7,6.8,9.5,8.6,0.0,43.2,76.0,45.0,0.022000000000000002,0.042,0.6,0.004,2017,3,17,0,0,0,4,1.0,0.0
2017-03-18,8,360,404455,97.4,2.1,7.6,9.7,10.7,0.0,33.7,73.0,40.0,0.026000000000000002,0.048,0.7,0.006,2017,3,18,0,0,0,5,0.0,1.0
2017-03-19,8,345,404455,97.4,1.4,5.5,8.1,11.4,0.0,37.4,74.0,45.0,0.027999999999999997,0.035,0.7,0.004,2017,3,19,0,0,0,6,0.0,1.0
2017-03-20,8,286,404455,97.4,1.5,5.1,6.2,11.2,0.0,41.5,95.0,55.0,0.016,0.048,0.7,0.005,2017,3,20,0,0,0,0,1.0,0.0
2017-03-21,8,333,404455,97.4,2.2,5.9,7.8,9.1,0.0,51.0,103.0,57.0,0.027000000000000003,0.027000000000000003,0.6,0.004,2017,3,21,0,0,0,1,1.0,0.0
2017-03-22,8,315,404455,97.4,2.0,6.6,8.4,8.7,0.0,37.1,52.0,25.0,0.027999999999999997,0.027000000000000003,0.5,0.003,2017,3,22,0,0,0,2,1.0,0.0
2017-03-23,8,353,404455,97.4,2.0,6.5,8.6,10.5,0.0,36.0,76.0,34.0,0.032,0.028999999999999998,0.6,0.004,2017,3,23,0,0,0,3,1.0,0.0
2017-03-24,8,333,404455,97.4,1.8,5.8,7.8,9.7,0.0,46.8,61.0,34.0,0.023,0.032,0.5,0.004,2017,3,24,0,0,0,4,1.0,0.0
2017-03-25,8,309,404455,97.4,1.9,6.1,8.1,9.5,0.0,44.1,69.0,39.0,0.02,0.039,0.6,0.005,2017,3,25,0,0,0,5,0.0,1.0
2017-03-26,8,333,404455,97.4,2.0,6.6,7.7,8.2,0.0,53.4,67.0,43.0,0.027000000000000003,0.032,0.6,0.005,2017,3,26,0,0,0,6,0.0,1.0
2017-03-27,8,257,404455,97.4,2.0,8.9,12.0,7.4,1.0,68.6,78.0,57.0,0.032,0.028999999999999998,0.9,0.004,2017,3,27,0,0,0,0,1.0,0.0
2017-03-28,8,335,404455,97.4,2.0,6.2,7.8,7.4,0.0,64.1,83.0,56.0,0.023,0.039,0.8,0.005,2017,3,28,0,0,0,1,1.0,0.0
2017-03-29,8,365,404455,97.4,1.9,5.7,7.3,9.5,0.0,53.4,55.0,36.0,0.036000000000000004,0.027000000000000003,0.6,0.004,2017,3,29,0,0,0,2,1.0,0.0
2017-03-30,8,381,404455,97.4,1.4,4.9,7.8,11.8,0.0,50.2,68.0,37.0,0.03,0.032,0.6,0.004,2017,3,30,0,0,0,3,1.0,0.0
2017-03-31,8,201,404455,97.4,2.1,5.2,6.1,9.8,4.0,70.9,49.0,28.0,0.025,0.031,0.6,0.003,2017,3,31,0,0,0,4,1.0,0.0
2017-04-01,8,404,404235,97.7,2.0,7.4,9.7,9.2,1.0,66.0,25.0,16.0,0.034,0.02,0.5,0.003,2017,4,1,0,0,0,5,0.0,1.0
2017-04-02,8,458,404235,97.7,2.3,6.8,9.4,9.6,0.0,59.2,51.0,36.0,0.037000000000000005,0.027000000000000003,0.6,0.004,2017,4,2,0,0,0,6,0.0,1.0
2017-04-03,8,413,404235,97.7,1.7,6.8,8.6,12.2,0.0,48.3,82.0,51.0,0.032,0.046,0.8,0.006,2017,4,3,0,0,0,0,1.0,0.0
2017-04-04,8,472,404235,97.7,1.9,6.3,8.7,14.6,0.0,39.9,72.0,40.0,0.046,0.039,0.7,0.005,2017,4,4,0,0,0,1,1.0,0.0
2017-04-05,8,72,404235,97.7,1.7,5.1,6.6,13.1,35.5,61.8,39.0,22.0,0.027000000000000003,0.043,0.6,0.004,2017,4,5,0,0,0,2,1.0,0.0
2017-04-06,8,296,404235,97.7,2.0,5.2,7.2,11.7,4.0,89.4,27.0,18.0,0.028999999999999998,0.027999999999999997,0.6,0.003,2017,4,6,0,0,0,3,1.0,0.0
2017-04-07,8,516,404235,97.7,1.8,6.1,7.8,15.5,0.0,69.0,39.0,24.0,0.027999999999999997,0.034,0.6,0.003,2017,4,7,0,0,0,4,1.0,0.0
2017-04-08,8,605,404235,97.7,2.2,6.1,8.3,14.6,0.5,70.9,59.0,36.0,0.024,0.035,0.7,0.004,2017,4,8,0,0,0,5,0.0,1.0
2017-04-09,8,671,404235,97.7,2.6,6.8,9.5,15.2,0.5,65.2,38.0,22.0,0.037000000000000005,0.018000000000000002,0.6,0.003,2017,4,9,0,0,0,6,0.0,1.0
2017-04-10,8,617,404235,97.7,2.0,6.0,8.6,16.9,0.0,28.0,29.0,15.0,0.038,0.025,0.5,0.003,2017,4,10,0,0,0,0,1.0,0.0
2017-04-11,8,573,404235,97.7,2.8,7.9,11.2,16.4,0.0,36.7,65.0,23.0,0.038,0.028999999999999998,0.5,0.003,2017,4,11,0,0,0,1,1.0,0.0
2017-04-12,8,487,404235,97.7,3.2,9.0,13.8,12.7,0.0,19.8,78.0,11.0,0.040999999999999995,0.018000000000000002,0.4,0.002,2017,4,12,0,0,0,2,1.0,0.0
2017-04-13,8,503,404235,97.7,2.2,6.8,11.7,13.1,0.0,53.6,75.0,25.0,0.038,0.031,0.6,0.004,2017,4,13,0,0,0,3,1.0,0.0
2017-04-14,8,356,404235,97.7,1.9,7.7,11.0,14.0,5.0,59.5,61.0,18.0,0.049,0.027999999999999997,0.6,0.005,2017,4,14,0,0,0,4,1.0,0.0
2017-04-15,8,667,404235,97.7,1.7,6.2,9.0,17.0,0.0,63.8,72.0,31.0,0.048,0.032,0.7,0.006,2017,4,15,0,0,0,5,0.0,1.0
2017-04-16,8,695,404235,97.7,1.3,5.1,7.0,19.3,0.0,56.0,57.0,27.0,0.04,0.033,0.7,0.005,2017,4,16,0,0,0,6,0.0,1.0
2017-04-17,8,347,404235,97.7,1.9,6.2,11.7,16.1,5.0,66.0,48.0,24.0,0.026000000000000002,0.038,0.7,0.003,2017,4,17,0,0,0,0,1.0,0.0
2017-04-18,8,417,404235,97.7,2.4,7.4,10.8,12.6,10.0,78.4,41.0,20.0,0.027999999999999997,0.03,0.6,0.003,2017,4,18,0,0,0,1,1.0,0.0
2017-04-19,8,567,404235,97.7,2.9,7.4,10.4,13.5,0.0,45.7,95.0,15.0,0.035,0.021,0.5,0.002,2017,4,19,0,0,0,2,1.0,0.0
2017-04-20,8,473,404235,97.7,2.0,6.4,8.3,13.8,0.0,46.9,95.0,20.0,0.036000000000000004,0.032,0.5,0.003,2017,4,20,0,0,0,3,1.0,0.0
2017-04-21,8,513,404235,97.7,1.9,6.7,9.3,13.7,0.0,55.8,75.0,21.0,0.034,0.033,0.6,0.003,2017,4,21,0,0,0,4,1.0,0.0
2017-04-22,8,649,404235,97.7,2.1,6.4,10.2,15.4,0.0,49.6,65.0,22.0,0.037000000000000005,0.026000000000000002,0.6,0.003,2017,4,22,0,0,0,5,0.0,1.0
2017-04-23,8,666,404235,97.7,2.2,8.1,10.7,15.8,0.0,41.9,57.0,22.0,0.043,0.03,0.6,0.004,2017,4,23,0,0,0,6,0.0,1.0
2017-04-24,8,595,404235,97.7,2.3,7.8,11.1,15.6,0.0,41.0,47.0,18.0,0.047,0.028999999999999998,0.5,0.004,2017,4,24,0,0,0,0,1.0,0.0
2017-04-25,8,530,404235,97.7,2.2,7.2,10.0,17.0,0.0,55.0,68.0,31.0,0.05,0.03,0.6,0.005,2017,4,25,0,0,0,1,1.0,0.0
2017-04-26,8,605,404235,97.7,2.8,8.2,11.2,16.4,0.0,31.4,53.0,17.0,0.043,0.017,0.5,0.003,2017,4,26,0,0,0,2,1.0,0.0
2017-04-27,8,591,404235,97.7,2.8,10.0,14.7,14.8,0.0,40.9,58.0,16.0,0.04,0.023,0.5,0.003,2017,4,27,0,0,0,3,1.0,0.0
2017-04-28,8,622,404235,97.7,2.1,7.4,10.4,15.4,0.0,56.7,72.0,24.0,0.037000000000000005,0.033,0.7,0.005,2017,4,28,0,0,0,4,1.0,0.0
2017-04-29,8,727,404235,97.7,2.0,7.2,9.9,17.5,0.0,47.7,69.0,27.0,0.042,0.032,0.7,0.005,2017,4,29,0,0,0,5,0.0,1.0
2017-04-30,8,709,404235,97.7,2.0,6.9,8.9,20.3,0.0,55.6,103.0,52.0,0.077,0.025,0.8,0.006999999999999999,2017,4,30,0,0,0,6,0.0,1.0
2017-05-01,8,680,403690,98.1,1.6,6.2,8.2,20.8,0.0,51.9,92.0,46.0,0.063,0.026000000000000002,0.7,0.004,2017,5,1,0,0,0,0,1.0,0.0
2017-05-02,8,645,403690,98.1,1.5,5.7,7.5,21.5,0.0,48.5,107.0,45.0,0.052000000000000005,0.038,0.8,0.005,2017,5,2,0,0,0,1,1.0,0.0
2017-05-03,8,824,403690,98.1,1.8,7.0,9.3,22.0,0.0,42.1,77.0,31.0,0.073,0.028999999999999998,0.6,0.004,2017,5,3,0,0,0,2,1.0,0.0
2017-05-04,8,816,403690,98.1,1.7,5.5,7.9,21.9,0.0,46.1,69.0,31.0,0.047,0.03,0.6,0.004,2017,5,4,0,0,0,3,1.0,0.0
2017-05-05,8,763,403690,98.1,2.8,7.9,12.1,22.0,0.0,56.8,67.0,25.0,0.046,0.016,0.5,0.003,2017,5,5,0,0,0,4,1.0,0.0
2017-05-06,8,420,403690,98.1,3.6,11.0,15.3,16.1,0.0,32.2,233.0,21.0,0.043,0.019,0.4,0.003,2017,5,6,0,0,0,5,0.0,1.0
2017-05-07,8,590,403690,98.1,3.0,8.9,12.5,17.3,0.0,43.4,104.0,17.0,0.044000000000000004,0.022000000000000002,0.5,0.003,2017,5,7,0,0,0,6,0.0,1.0
2017-05-08,8,530,403690,98.1,1.7,6.0,7.5,18.5,0.0,46.0,207.0,42.0,0.049,0.037000000000000005,0.7,0.006,2017,5,8,0,0,0,0,1.0,0.0
2017-05-09,8,377,403690,98.1,1.8,5.9,8.2,17.8,1.0,60.4,140.0,34.0,0.026000000000000002,0.033,0.6,0.004,2017,5,9,0,0,0,1,1.0,0.0
2017-05-10,8,576,403690,98.1,2.0,7.3,9.1,17.1,4.0,74.2,53.0,22.0,0.032,0.023,0.6,0.002,2017,5,10,0,0,0,2,1.0,0.0
2017-05-11,8,621,403690,98.1,1.5,4.7,6.5,19.4,0.0,65.5,76.0,35.0,0.04,0.035,0.7,0.004,2017,5,11,0,0,0,3,1.0,0.0
2017-05-12,8,620,403690,98.1,1.3,6.2,9.3,20.1,0.0,72.1,77.0,41.0,0.047,0.034,0.7,0.005,2017,5,12,0,0,0,4,1.0,0.0
2017-05-13,8,498,403690,98.1,2.1,10.1,14.3,17.6,6.5,77.7,56.0,24.0,0.045,0.025,0.6,0.003,2017,5,13,0,0,0,5,0.0,1.0
2017-05-14,8,711,403690,98.1,3.4,10.7,14.1,16.5,0.0,58.4,67.0,14.0,0.046,0.015,0.4,0.003,2017,5,14,0,0,0,6,0.0,1.0
2017-05-15,8,597,403690,98.1,2.1,6.0,8.3,16.5,0.0,62.8,59.0,9.0,0.039,0.018000000000000002,0.4,0.004,2017,5,15,0,0,0,0,1.0,0.0
2017-05-16,8,733,403690,98.1,1.7,5.5,7.0,17.8,0.0,63.4,34.33333333,17.33333333,0.028999999999999998,0.028333333,0.433333333,0.005666666999999999,2017,5,16,0,0,0,1,1.0,0.0
2017-05-17,8,644,403690,98.1,2.2,8.0,10.1,19.5,0.0,55.3,49.0,23.0,0.048,0.024,0.4,0.009000000000000001,2017,5,17,0,0,0,2,1.0,0.0
2017-05-18,8,735,403690,98.1,2.2,7.1,9.5,21.1,0.0,46.8,52.0,28.0,0.048,0.034,0.5,0.008,2017,5,18,0,0,0,3,1.0,0.0
2017-05-19,8,719,403690,98.1,2.5,7.5,9.8,21.8,0.0,44.3,49.0,25.0,0.040999999999999995,0.034,0.4,0.008,2017,5,19,0,0,0,4,1.0,0.0
2017-05-20,8,803,403690,98.1,2.6,7.6,9.3,21.6,0.0,45.6,38.0,21.0,0.040999999999999995,0.028999999999999998,0.4,0.006999999999999999,2017,5,20,0,0,0,5,0.0,1.0
2017-05-21,8,859,403690,98.1,2.2,6.6,8.3,22.1,0.0,47.3,31.0,19.0,0.039,0.025,0.4,0.005,2017,5,21,0,0,0,6,0.0,1.0
2017-05-22,8,824,403690,98.1,1.9,5.5,7.7,22.4,0.0,55.2,49.0,29.0,0.03,0.028999999999999998,0.5,0.005,2017,5,22,0,0,0,0,1.0,0.0
2017-05-23,8,463,403690,98.1,1.7,6.7,8.6,20.6,4.0,67.2,35.0,21.0,0.023,0.026000000000000002,0.4,0.006,2017,5,23,0,0,0,1,1.0,0.0
2017-05-24,8,669,403690,98.1,1.8,6.2,8.3,22.2,0.5,63.3,26.0,15.0,0.027999999999999997,0.021,0.4,0.005,2017,5,24,0,0,0,2,1.0,0.0
2017-05-25,8,789,403690,98.1,2.5,8.8,12.3,20.7,0.0,47.9,39.0,15.0,0.034,0.025,0.4,0.005,2017,5,25,0,0,0,3,1.0,0.0
2017-05-26,8,767,403690,98.1,2.1,7.1,9.7,18.3,0.0,41.2,25.0,8.0,0.033,0.021,0.3,0.005,2017,5,26,0,0,0,4,1.0,0.0
2017-05-27,8,854,403690,98.1,2.1,6.6,9.4,20.3,0.0,48.8,33.0,14.0,0.036000000000000004,0.027999999999999997,0.4,0.005,2017,5,27,0,0,0,5,0.0,1.0
2017-05-28,8,793,403690,98.1,2.3,6.9,8.4,21.6,0.0,51.7,48.0,25.0,0.053,0.024,0.4,0.006,2017,5,28,0,0,0,6,0.0,1.0
2017-05-29,8,713,403690,98.1,1.9,6.6,8.8,23.5,0.0,63.6,73.0,40.0,0.053,0.027999999999999997,0.5,0.006999999999999999,2017,5,29,0,0,0,0,1.0,0.0
2017-05-30,8,773,403690,98.1,1.6,6.6,8.6,24.7,0.0,42.3,51.0,25.0,0.033,0.034,0.5,0.006999999999999999,2017,5,30,0,0,0,1,1.0,0.0
2017-05-31,8,805,403690,98.1,1.8,5.7,7.1,23.9,0.0,48.5,37.0,21.0,0.028999999999999998,0.033,0.4,0.006999999999999999,2017,5,31,0,0,0,2,1.0,0.0
2017-06-01,8,806,402909,98.7,2.7,8.5,10.8,24.0,0.0,55.7,43.0,16.0,0.034,0.017,0.4,0.005,2017,6,1,0,0,0,3,1.0,0.0
2017-06-02,8,526,402909,98.7,2.7,8.6,10.1,21.4,0.0,40.0,29.0,11.0,0.036000000000000004,0.018000000000000002,0.3,0.005,2017,6,2,0,0,0,4,1.0,0.0
2017-06-03,8,919,402909,98.7,2.6,7.7,10.1,21.3,0.0,43.3,32.0,12.0,0.034,0.019,0.3,0.005,2017,6,3,0,0,0,5,0.0,1.0
2017-06-04,8,818,402909,98.7,2.3,6.9,9.5,22.6,0.0,38.9,26.0,10.0,0.039,0.021,0.4,0.005,2017,6,4,0,0,0,6,0.0,1.0
2017-06-05,8,832,402909,98.7,1.9,5.6,7.9,24.4,0.0,36.2,26.0,12.0,0.043,0.025,0.4,0.005,2017,6,5,0,0,0,0,1.0,0.0
2017-06-06,8,406,402909,98.7,2.6,5.7,8.1,20.1,13.0,59.1,24.0,12.0,0.035,0.022000000000000002,0.4,0.005,2017,6,6,0,0,0,1,1.0,0.0
2017-06-07,8,366,402909,98.7,1.4,4.8,6.3,18.2,12.5,90.5,17.0,11.0,0.024,0.023,0.5,0.005,2017,6,7,0,0,0,2,1.0,0.0
2017-06-08,8,791,402909,98.7,2.0,6.4,9.0,20.8,0.0,66.5,45.0,27.0,0.042,0.024,0.6,0.005,2017,6,8,0,0,0,3,1.0,0.0
2017-06-09,8,757,402909,98.7,2.4,8.0,11.9,21.8,0.0,69.0,62.0,40.0,0.048,0.025,0.6,0.005,2017,6,9,0,0,0,4,1.0,0.0
2017-06-10,8,957,402909,98.7,1.7,4.5,6.0,22.5,2.5,49.6,47.0,23.0,0.039,0.019,0.4,0.005,2017,6,10,0,0,0,5,0.0,1.0
2017-06-11,8,881,402909,98.7,2.2,10.5,13.8,23.3,0.0,37.0,28.0,10.0,0.036000000000000004,0.019,0.3,0.005,2017,6,11,0,0,0,6,0.0,1.0
2017-06-12,8,849,402909,98.7,2.6,5.7,7.9,22.5,0.0,45.3,36.0,14.0,0.049,0.017,0.4,0.003,2017,6,12,0,0,0,0,1.0,0.0
2017-06-13,8,806,402909,98.7,2.5,7.4,9.7,21.9,5.0,63.6,40.0,18.0,0.037000000000000005,0.018000000000000002,0.4,0.002,2017,6,13,0,0,0,1,1.0,0.0
2017-06-14,8,810,402909,98.7,2.5,7.1,9.7,22.2,0.0,64.5,49.0,22.0,0.047,0.019,0.4,0.002,2017,6,14,0,0,0,2,1.0,0.0
2017-06-15,8,874,402909,98.7,1.9,6.1,8.6,23.8,0.0,61.9,60.0,28.0,0.042,0.03,0.5,0.003,2017,6,15,0,0,0,3,1.0,0.0
2017-06-16,8,818,402909,98.7,1.9,6.5,8.4,25.8,0.0,57.0,75.0,40.0,0.062,0.03,0.6,0.004,2017,6,16,0,0,0,4,1.0,0.0
2017-06-17,8,937,402909,98.7,2.1,6.0,8.2,25.1,0.0,51.0,58.0,32.0,0.064,0.025,0.5,0.005,2017,6,17,0,0,0,5,0.0,1.0
2017-06-18,8,836,402909,98.7,2.5,7.5,9.6,25.3,0.0,50.8,45.0,26.0,0.055,0.019,0.4,0.002,2017,6,18,0,0,0,6,0.0,1.0
2017-06-19,8,786,402909,98.7,1.7,5.9,8.6,25.7,0.0,50.1,58.0,33.0,0.042,0.031,0.5,0.003,2017,6,19,0,0,0,0,1.0,0.0
2017-06-20,8,827,402909,98.7,1.7,6.8,9.4,26.5,0.0,46.2,55.0,30.0,0.052000000000000005,0.028999999999999998,0.4,0.002,2017,6,20,0,0,0,1,1.0,0.0
2017-06-21,8,809,402909,98.7,2.6,7.5,10.1,26.3,0.0,51.1,64.0,37.0,0.048,0.021,0.4,0.002,2017,6,21,0,0,0,2,1.0,0.0
2017-06-22,8,864,402909,98.7,2.3,7.1,9.8,25.7,0.0,60.3,42.0,26.0,0.046,0.02,0.3,0.002,2017,6,22,0,0,0,3,1.0,0.0
2017-06-23,8,806,402909,98.7,1.9,6.5,8.5,27.6,0.0,52.0,50.0,25.0,0.043,0.032,0.4,0.002,2017,6,23,0,0,0,4,1.0,0.0
2017-06-24,8,507,402909,98.7,1.3,3.8,4.7,25.6,1.5,57.9,45.0,24.0,0.026000000000000002,0.042,0.5,0.004,2017,6,24,0,0,0,5,0.0,1.0
2017-06-25,8,568,402909,98.7,1.6,8.2,9.3,23.3,40.0,80.5,38.0,23.0,0.040999999999999995,0.021,0.4,0.003666667,2017,6,25,0,0,0,6,0.0,1.0
2017-06-26,8,461,402909,98.7,1.9,8.2,10.7,23.6,7.5,75.1,31.0,18.0,0.043,0.02,0.3,0.003,2017,6,26,0,0,0,0,1.0,0.0
2017-06-27,8,826,402909,98.7,1.9,5.0,6.8,25.3,1.0,70.6,33.0,21.0,0.046,0.024,0.4,0.005,2017,6,27,0,0,0,1,1.0,0.0
2017-06-28,8,889,402909,98.7,1.9,5.8,7.8,26.3,0.0,68.7,57.0,34.0,0.045,0.027000000000000003,0.4,0.006,2017,6,28,0,0,0,2,1.0,0.0
2017-06-29,8,843,402909,98.7,1.9,5.2,7.5,27.0,0.0,61.7,59.0,38.0,0.044000000000000004,0.027000000000000003,0.4,0.005,2017,6,29,0,0,0,3,1.0,0.0
2017-06-30,8,832,402909,98.7,2.2,6.2,8.0,26.9,0.0,64.2,64.0,38.0,0.049,0.019,0.4,0.004,2017,6,30,0,0,0,4,1.0,0.0
2017-07-01,8,628,402297,99.1,1.5,4.8,6.7,25.9,1.5,72.7,48.0,29.0,0.04,0.021,0.4,0.004,2017,7,1,0,0,0,5,0.0,1.0
2017-07-02,8,201,402297,99.1,1.4,6.5,9.1,25.2,85.0,91.3,30.0,16.0,0.021,0.016,0.2,0.004,2017,7,2,0,0,0,6,0.0,1.0
2017-07-03,8,352,402297,99.1,2.1,7.0,10.0,25.3,54.0,87.8,27.0,16.0,0.031,0.017,0.2,0.004,2017,7,3,0,0,0,0,1.0,0.0
2017-07-04,8,730,402297,99.1,1.7,6.0,8.5,27.5,1.0,76.1,40.0,26.0,0.043,0.015,0.2,0.005,2017,7,4,0,0,0,1,1.0,0.0
2017-07-05,8,233,402297,99.1,1.2,5.1,6.0,28.5,0.0,66.7,42.0,27.0,0.04,0.024,0.3,0.004,2017,7,5,0,0,0,2,1.0,0.0
2017-07-07,8,93,402297,99.1,1.6,4.6,7.0,27.0,29.5,82.7,24.0,13.0,0.012,0.026000000000000002,0.2,0.003,2017,7,7,0,0,0,4,1.0,0.0
2017-07-08,8,404,402297,99.1,1.1,5.2,6.2,26.9,3.5,84.9,28.0,18.0,0.021,0.021,0.2,0.004,2017,7,8,0,0,0,5,0.0,1.0
2017-07-09,8,297,402297,99.1,0.9,5.4,6.6,26.6,18.5,87.1,27.0,18.0,0.024,0.019,0.2,0.003,2017,7,9,0,0,0,6,0.0,1.0
2017-07-10,8,59,402297,99.1,1.3,6.0,8.7,24.7,154.5,94.8,12.0,8.0,0.018000000000000002,0.021,0.1,0.003,2017,7,10,0,0,0,0,1.0,0.0
2017-07-11,8,643,402297,99.1,1.4,4.9,6.1,26.8,4.5,81.3,38.0,28.0,0.039,0.023,0.3,0.003,2017,7,11,0,0,0,1,1.0,0.0
2017-07-12,8,739,402297,99.1,1.8,5.6,8.2,28.2,0.0,74.4,40.0,29.0,0.047,0.02,0.4,0.003,2017,7,12,0,0,0,2,1.0,0.0
2017-07-13,8,697,402297,99.1,1.6,4.6,6.3,28.5,0.0,69.9,46.0,34.0,0.042,0.026000000000000002,0.5,0.004,2017,7,13,0,0,0,3,1.0,0.0
2017-07-14,8,625,402297,99.1,1.9,8.2,10.7,29.5,0.0,70.0,46.0,34.0,0.033,0.028999999999999998,0.4,0.004,2017,7,14,0,0,0,4,1.0,0.0
2017-07-15,8,241,402297,99.1,1.4,5.9,8.4,25.6,54.0,88.4,20.0,14.0,0.026000000000000002,0.021,0.3,0.003,2017,7,15,0,0,0,5,0.0,1.0
2017-07-16,8,557,402297,99.1,1.2,4.1,5.4,26.5,17.0,83.9,18.0,13.0,0.024,0.016,0.2,0.003,2017,7,16,0,0,0,6,0.0,1.0
2017-07-17,8,585,402297,99.1,1.0,5.0,8.0,27.6,13.5,77.8,25.0,14.0,0.02,0.024,0.3,0.003,2017,7,17,0,0,0,0,1.0,0.0
2017-07-18,8,621,402297,99.1,1.3,4.9,6.2,27.0,2.5,81.9,25.0,17.0,0.033,0.023,0.3,0.003,2017,7,18,0,0,0,1,1.0,0.0
2017-07-19,8,731,402297,99.1,1.6,6.3,8.9,28.9,0.0,72.7,34.0,24.0,0.047,0.021,0.3,0.002,2017,7,19,0,0,0,2,1.0,0.0
2017-07-20,8,675,402297,99.1,1.4,4.9,5.9,30.5,0.0,68.3,53.0,38.0,0.046,0.027999999999999997,0.5,0.004,2017,7,20,0,0,0,3,1.0,0.0
2017-07-21,8,656,402297,99.1,1.7,5.1,6.3,30.7,0.0,71.8,60.0,46.0,0.057999999999999996,0.027000000000000003,0.4,0.004,2017,7,21,0,0,0,4,1.0,0.0
2017-07-22,8,494,402297,99.1,1.3,5.6,6.7,30.0,1.0,75.6,56.0,40.0,0.04,0.027000000000000003,0.4,0.004,2017,7,22,0,0,0,5,0.0,1.0
2017-07-23,8,375,402297,99.1,1.0,5.7,6.6,27.5,106.5,89.5,45.0,35.0,0.038,0.018000000000000002,0.4,0.003,2017,7,23,0,0,0,6,0.0,1.0
2017-07-24,8,530,402297,99.1,1.0,3.3,4.0,27.0,3.0,81.3,37.0,20.0,0.017,0.025,0.5,0.002,2017,7,24,0,0,0,0,1.0,0.0
2017-07-25,8,708,402297,99.1,2.2,5.4,7.2,29.7,0.0,67.8,28.0,15.0,0.027999999999999997,0.015,0.3,0.002,2017,7,25,0,0,0,1,1.0,0.0
2017-07-26,8,675,402297,99.1,2.5,6.0,7.6,29.1,0.0,58.2,18.0,10.0,0.039,0.019,0.3,0.003,2017,7,26,0,0,0,2,1.0,0.0
2017-07-27,8,537,402297,99.1,1.8,4.3,6.0,27.6,2.0,61.7,27.0,16.0,0.025,0.032,0.4,0.004,2017,7,27,0,0,0,3,1.0,0.0
2017-07-28,8,375,402297,99.1,1.4,3.8,5.0,25.5,8.5,90.5,25.0,16.0,0.013000000000000001,0.027999999999999997,0.5,0.004,2017,7,28,0,0,0,4,1.0,0.0
2017-07-29,8,684,402297,99.1,2.1,4.7,5.9,27.6,0.0,74.4,15.0,7.0,0.03,0.012,0.4,0.004,2017,7,29,0,0,0,5,0.0,1.0
2017-07-30,8,630,402297,99.1,1.7,4.7,6.2,28.6,0.0,64.3,21.0,16.0,0.044000000000000004,0.012,0.3,0.004,2017,7,30,0,0,0,6,0.0,1.0
2017-07-31,8,461,402297,99.1,1.3,4.3,5.4,26.1,7.5,83.0,22.0,13.0,0.01,0.026000000000000002,0.4,0.004,2017,7,31,0,0,0,0,1.0,0.0
2017-08-01,8,646,401967,99.5,1.4,4.6,5.3,28.9,2.0,72.4,22.0,13.0,0.031,0.022000000000000002,0.2,0.004,2017,8,1,0,0,0,1,1.0,0.0
2017-08-02,8,645,401967,99.5,1.4,3.6,4.8,30.6,0.0,71.3,31.0,23.0,0.046,0.017,0.4,0.004,2017,8,2,0,0,0,2,1.0,0.0
2017-08-03,8,640,401967,99.5,2.4,6.5,7.8,30.3,0.0,64.2,23.0,16.0,0.039,0.022000000000000002,0.5,0.004,2017,8,3,0,0,0,3,1.0,0.0
2017-08-04,8,630,401967,99.5,2.0,4.7,6.9,30.6,0.0,61.3,24.0,19.0,0.05,0.018000000000000002,0.4,0.004,2017,8,4,0,0,0,4,1.0,0.0
2017-08-05,8,517,401967,99.5,1.9,4.6,7.3,31.9,0.0,64.3,25.0,21.0,0.049,0.015,0.4,0.003,2017,8,5,0,0,0,5,0.0,1.0
2017-08-06,8,511,401967,99.5,1.7,5.2,7.1,30.5,0.0,70.2,20.0,18.0,0.04,0.013000000000000001,0.4,0.004,2017,8,6,0,0,0,6,0.0,1.0
2017-08-07,8,656,401967,99.5,2.0,6.2,7.8,30.1,0.0,65.3,30.0,22.0,0.054000000000000006,0.011000000000000001,0.4,0.003,2017,8,7,0,0,0,0,1.0,0.0
2017-08-08,8,708,401967,99.5,1.7,5.1,7.5,28.8,0.0,64.0,39.0,30.0,0.055999999999999994,0.017,0.5,0.004,2017,8,8,0,0,0,1,1.0,0.0
2017-08-09,8,692,401967,99.5,2.2,5.3,6.6,27.7,4.0,68.2,30.0,24.0,0.042,0.016,0.4,0.004,2017,8,9,0,0,0,2,1.0,0.0
2017-08-10,8,335,401967,99.5,1.8,3.6,4.8,24.8,12.5,90.5,8.0,5.0,0.027000000000000003,0.012,0.3,0.003,2017,8,10,0,0,0,3,1.0,0.0
2017-08-11,8,572,401967,99.5,2.1,5.5,7.6,27.6,0.0,70.3,9.0,5.0,0.03,0.013000000000000001,0.2,0.003,2017,8,11,0,0,0,4,1.0,0.0
2017-08-12,8,724,401967,99.5,2.3,5.8,6.9,28.2,0.0,60.1,9.0,6.0,0.027999999999999997,0.012,0.2,0.003,2017,8,12,0,0,0,5,0.0,1.0
2017-08-13,8,678,401967,99.5,2.7,5.5,7.7,26.7,0.0,64.1,8.0,5.0,0.024,0.008,0.2,0.003,2017,8,13,0,0,0,6,0.0,1.0
2017-08-14,8,455,401967,99.5,2.9,6.5,8.9,25.5,0.0,66.7,7.0,4.0,0.016,0.009000000000000001,0.2,0.003,2017,8,14,0,0,0,0,1.0,0.0
2017-08-15,8,117,401967,99.5,2.2,5.3,6.5,22.8,67.5,87.3,6.0,3.0,0.018000000000000002,0.005,0.1,0.003,2017,8,15,0,0,0,1,1.0,0.0
2017-08-16,8,663,401967,99.5,2.3,5.4,6.7,23.5,9.0,79.8,6.0,4.0,0.02,0.006999999999999999,0.2,0.003,2017,8,16,0,0,0,2,1.0,0.0
2017-08-17,8,677,401967,99.5,1.6,4.2,5.5,24.9,1.5,78.9,11.0,6.0,0.017,0.016,0.2,0.003,2017,8,17,0,0,0,3,1.0,0.0
2017-08-18,8,766,401967,99.5,1.0,8.4,10.1,26.2,0.5,76.8,20.0,16.0,0.022000000000000002,0.024,0.4,0.004,2017,8,18,0,0,0,4,1.0,0.0
2017-08-19,8,727,401967,99.5,1.8,4.0,4.8,26.1,0.0,77.2,20.0,14.0,0.028999999999999998,0.016,0.5,0.003,2017,8,19,0,0,0,5,0.0,1.0
2017-08-20,8,71,401967,99.5,1.9,5.7,8.8,23.7,118.5,90.6,9.0,5.0,0.027999999999999997,0.006999999999999999,0.4,0.003,2017,8,20,0,0,0,6,0.0,1.0
2017-08-21,8,684,401967,99.5,1.4,5.6,7.5,26.2,6.0,81.4,11.0,8.0,0.019,0.015,0.333333333,0.003,2017,8,21,0,0,0,0,1.0,0.0
2017-08-22,8,783,401967,99.5,1.3,4.6,6.1,28.0,0.0,69.3,16.0,9.0,0.022000000000000002,0.017,0.4,0.006,2017,8,22,0,0,0,1,1.0,0.0
2017-08-23,8,427,401967,99.5,1.7,6.8,10.6,27.2,26.5,84.7,17.0,9.0,0.009000000000000001,0.013999999999999999,0.3,0.004,2017,8,23,0,0,0,2,1.0,0.0
2017-08-24,8,470,401967,99.5,2.4,9.6,14.2,27.5,10.5,83.2,18.0,8.0,0.02,0.01,0.3,0.004,2017,8,24,0,0,0,3,1.0,0.0
2017-08-25,8,722,401967,99.5,1.7,5.6,7.3,26.3,0.0,63.2,23.0,12.0,0.027999999999999997,0.016,0.4,0.004,2017,8,25,0,0,0,4,1.0,0.0
2017-08-26,8,828,401967,99.5,1.8,5.2,9.2,25.3,0.0,50.1,21.0,11.0,0.031,0.013000000000000001,0.3,0.004,2017,8,26,0,0,0,5,0.0,1.0
2017-08-27,8,742,401967,99.5,1.8,4.3,5.3,23.1,0.0,63.9,20.0,12.0,0.024,0.016,0.3,0.003,2017,8,27,0,0,0,6,0.0,1.0
2017-08-28,8,444,401967,99.5,1.8,7.3,8.5,22.1,8.5,74.0,23.0,16.0,0.019,0.022000000000000002,0.4,0.004,2017,8,28,0,0,0,0,1.0,0.0
2017-08-29,8,889,401967,99.5,2.0,5.1,6.8,20.8,0.0,52.3,17.0,8.0,0.03,0.006999999999999999,0.2,0.003,2017,8,29,0,0,0,1,1.0,0.0
2017-08-30,8,920,401967,99.5,1.6,5.1,6.5,20.3,0.0,49.8,22.0,11.0,0.021,0.018000000000000002,0.3,0.004,2017,8,30,0,0,0,2,1.0,0.0
2017-08-31,8,916,401967,99.5,1.6,4.7,6.2,22.6,0.0,61.0,33.0,21.0,0.03,0.018000000000000002,0.5,0.003,2017,8,31,0,0,0,3,1.0,0.0
2017-09-01,8,974,401985,99.6,1.7,4.2,6.3,23.7,0.0,53.7,21.0,12.0,0.028999999999999998,0.013000000000000001,0.4,0.003,2017,9,1,0,0,0,4,1.0,0.0
2017-09-02,8,993,401985,99.6,1.8,5.0,6.3,24.2,0.0,55.7,25.0,17.0,0.036000000000000004,0.013999999999999999,0.4,0.003,2017,9,2,0,0,0,5,0.0,1.0
2017-09-03,8,952,401985,99.6,1.7,5.0,5.9,24.5,0.0,59.2,28.0,21.0,0.048,0.012,0.4,0.003,2017,9,3,0,0,0,6,0.0,1.0
2017-09-04,8,913,401985,99.6,1.4,4.8,6.1,24.9,0.0,54.7,27.0,21.0,0.04,0.02,0.5,0.003,2017,9,4,0,0,0,0,1.0,0.0
2017-09-05,8,886,401985,99.6,1.6,4.3,5.2,22.5,0.0,61.5,19.0,13.0,0.015,0.023,0.5,0.003,2017,9,5,0,0,0,1,1.0,0.0
2017-09-06,8,531,401985,99.6,0.7,3.1,3.5,21.4,1.5,73.0,23.0,16.0,0.015,0.024,0.5,0.003,2017,9,6,0,0,0,2,1.0,0.0
2017-09-07,8,922,401985,99.6,0.9,5.7,7.5,22.8,0.0,71.5,31.0,26.0,0.04,0.015,0.6,0.004,2017,9,7,0,0,0,3,1.0,0.0
2017-09-08,8,928,401985,99.6,1.2,4.8,6.3,24.8,0.0,64.7,43.0,31.0,0.035,0.02,0.8,0.004,2017,9,8,0,0,0,4,1.0,0.0
2017-09-09,8,947,401985,99.6,1.1,4.2,5.7,24.5,0.0,64.5,50.0,36.0,0.036000000000000004,0.023,0.8,0.004,2017,9,9,0,0,0,5,0.0,1.0
2017-09-10,8,691,401985,99.6,1.4,3.8,5.1,23.5,0.0,72.5,43.0,34.0,0.032,0.019,0.7,0.003,2017,9,10,0,0,0,6,0.0,1.0
2017-09-11,8,644,401985,99.6,1.8,4.9,6.1,21.7,17.5,77.2,19.0,14.0,0.034,0.013999999999999999,0.5,0.003,2017,9,11,0,0,0,0,1.0,0.0
2017-09-12,8,906,401985,99.6,1.3,6.3,7.9,23.0,0.0,58.1,24.0,13.0,0.028999999999999998,0.017,0.5,0.003,2017,9,12,0,0,0,1,1.0,0.0
2017-09-13,8,954,401985,99.6,1.3,5.5,6.7,22.2,0.0,48.3,21.0,8.0,0.03,0.019,0.5,0.003,2017,9,13,0,0,0,2,1.0,0.0
2017-09-14,8,953,401985,99.6,1.4,4.1,5.7,22.5,0.0,49.9,22.0,10.0,0.027999999999999997,0.02,0.5,0.003,2017,9,14,0,0,0,3,1.0,0.0
2017-09-15,8,979,401985,99.6,2.9,7.2,9.3,23.0,0.0,49.3,13.0,7.0,0.038,0.01,0.4,0.003,2017,9,15,0,0,0,4,1.0,0.0
2017-09-16,8,1058,401985,99.6,2.8,7.2,11.0,22.2,0.0,51.0,9.0,5.0,0.034,0.008,0.3,0.003,2017,9,16,0,0,0,5,0.0,1.0
2017-09-17,8,1063,401985,99.6,2.5,6.3,7.5,23.1,0.0,53.6,9.0,5.0,0.028999999999999998,0.009000000000000001,0.4,0.003,2017,9,17,0,0,0,6,0.0,1.0
2017-09-18,8,967,401985,99.6,1.4,5.8,7.8,22.3,0.0,59.8,19.0,11.0,0.028999999999999998,0.017,0.5,0.003,2017,9,18,0,0,0,0,1.0,0.0
2017-09-19,8,684,401985,99.6,2.1,9.6,13.3,23.4,8.0,74.3,59.0,43.0,0.054000000000000006,0.02,0.8,0.004,2017,9,19,0,0,0,1,1.0,0.0
2017-09-20,8,957,401985,99.6,1.5,5.9,8.0,20.6,0.0,45.1,21.0,9.0,0.031,0.016,0.5,0.003,2017,9,20,0,0,0,2,1.0,0.0
2017-09-21,8,954,401985,99.6,0.3,3.3,4.8,20.3,0.0,54.2,25.0,14.0,0.027999999999999997,0.027000000000000003,0.6,0.003,2017,9,21,0,0,0,3,1.0,0.0
2017-09-22,8,986,401985,99.6,0.6,5.2,6.9,20.9,0.0,57.9,27.0,20.0,0.042,0.026000000000000002,0.6,0.004,2017,9,22,0,0,0,4,1.0,0.0
2017-09-23,8,1059,401985,99.6,0.6,3.9,5.4,21.9,0.0,66.9,47.0,24.0,0.03,0.027999999999999997,0.7,0.004,2017,9,23,0,0,0,5,0.0,1.0
2017-09-24,8,917,401985,99.6,0.9,7.5,9.6,22.6,0.0,70.7,57.0,36.0,0.048,0.015,0.7,0.003,2017,9,24,0,0,0,6,0.0,1.0
2017-09-25,8,954,401985,99.6,0.6,4.4,5.4,23.4,0.0,60.0,38.0,25.0,0.033,0.027000000000000003,0.7,0.003,2017,9,25,0,0,0,0,1.0,0.0
2017-09-26,8,856,401985,99.6,1.4,4.6,5.7,24.5,0.0,59.1,41.0,27.0,0.042,0.031,0.7,0.004,2017,9,26,0,0,0,1,1.0,0.0
2017-09-27,8,789,401985,99.6,0.9,6.1,7.8,23.3,0.0,63.3,38.0,25.0,0.028999999999999998,0.03,0.7,0.006,2017,9,27,0,0,0,2,1.0,0.0
2017-09-28,8,937,401985,99.6,2.3,9.2,12.4,20.3,0.0,49.4,21.0,8.0,0.033,0.017,0.5,0.006,2017,9,28,0,0,0,3,1.0,0.0
2017-09-29,8,953,401985,99.6,1.5,6.1,8.5,17.5,0.0,40.1,19.0,8.0,0.027000000000000003,0.027999999999999997,0.5,0.006,2017,9,29,0,0,0,4,1.0,0.0
2017-09-30,8,1087,401985,99.6,0.8,4.6,5.4,20.1,0.0,59.0,30.0,18.0,0.027000000000000003,0.036000000000000004,0.7,0.006999999999999999,2017,9,30,0,0,0,5,0.0,1.0
2017-10-01,8,512,401761,99.8,0.5,3.6,4.6,18.4,3.0,72.6,27.0,17.0,0.033,0.024,0.6,0.006,2017,10,1,0,0,0,6,0.0,1.0
2017-10-02,8,913,401761,99.8,1.1,5.0,6.2,21.4,2.5,66.1,18.0,11.0,0.036000000000000004,0.016,0.6,0.005,2017,10,2,0,0,0,0,1.0,0.0
2017-10-03,8,813,401761,99.8,1.5,5.3,7.0,18.8,0.0,48.6,33.0,11.0,0.031,0.013000000000000001,0.5,0.005,2017,10,3,0,0,0,1,1.0,0.0
2017-10-04,8,712,401761,99.8,1.6,4.3,5.8,17.3,0.0,45.1,19.0,8.0,0.027000000000000003,0.015,0.5,0.005,2017,10,4,0,0,0,2,1.0,0.0
2017-10-05,8,940,401761,99.8,1.2,4.7,6.1,18.5,0.0,58.7,12.0,7.0,0.028999999999999998,0.017,0.5,0.005,2017,10,5,0,0,0,3,1.0,0.0
2017-10-06,8,796,401761,99.8,1.3,6.3,7.8,18.6,0.0,66.4,11.0,7.0,0.027999999999999997,0.015,0.5,0.005,2017,10,6,0,0,0,4,1.0,0.0
2017-10-07,8,1126,401761,99.8,0.6,4.8,5.8,21.3,0.0,69.4,8.0,6.0,0.025,0.02,0.6,0.005,2017,10,7,0,0,0,5,0.0,1.0
2017-10-08,8,1105,401761,99.8,0.5,3.7,4.8,23.0,0.0,65.8,15.0,13.0,0.031,0.024,0.7,0.006,2017,10,8,0,0,0,6,0.0,1.0
2017-10-09,8,1188,401761,99.8,0.8,4.4,5.7,22.8,0.0,63.7,23.0,17.0,0.027999999999999997,0.028999999999999998,0.7,0.006999999999999999,2017,10,9,0,0,0,0,1.0,0.0
2017-10-10,8,752,401761,99.8,0.3,2.8,4.8,21.7,0.5,73.6,24.0,17.0,0.016,0.034,0.8,0.006,2017,10,10,0,0,0,1,1.0,0.0
2017-10-11,8,619,401761,99.8,1.4,5.8,7.7,16.8,20.0,75.2,8.0,5.0,0.024,0.016,0.6,0.005,2017,10,11,0,0,0,2,1.0,0.0
2017-10-12,8,790,401761,99.8,1.6,4.4,6.7,12.9,0.0,62.2,17.0,10.0,0.016,0.021,0.6,0.005,2017,10,12,0,0,0,3,1.0,0.0
2017-10-13,8,797,401761,99.8,1.3,4.7,6.1,13.3,0.0,49.2,21.0,13.0,0.019,0.026000000000000002,0.7,0.005,2017,10,13,0,0,0,4,1.0,0.0
2017-10-14,8,1002,401761,99.8,1.6,6.5,8.0,14.6,0.0,42.8,18.0,10.0,0.027999999999999997,0.022000000000000002,0.7,0.005,2017,10,14,0,0,0,5,0.0,1.0
2017-10-15,8,909,401761,99.8,1.5,4.9,6.6,15.6,0.0,41.3,15.0,8.0,0.027000000000000003,0.022000000000000002,0.7,0.005,2017,10,15,0,0,0,6,0.0,1.0
2017-10-16,8,925,401761,99.8,1.0,5.0,5.7,16.9,0.0,46.4,25.0,14.0,0.023,0.027999999999999997,0.7,0.005,2017,10,16,0,0,0,0,1.0,0.0
2017-10-17,8,846,401761,99.8,0.6,3.8,4.5,16.3,0.0,44.6,29.0,18.0,0.021,0.037000000000000005,0.8,0.005,2017,10,17,0,0,0,1,1.0,0.0
2017-10-18,8,709,401761,99.8,0.9,3.8,5.7,16.8,0.0,55.9,22.0,12.0,0.027000000000000003,0.026000000000000002,0.7,0.005,2017,10,18,0,0,0,2,1.0,0.0
2017-10-19,8,994,401761,99.8,1.0,4.3,5.0,16.9,0.0,55.4,15.0,10.0,0.024,0.027000000000000003,0.7,0.005,2017,10,19,0,0,0,3,1.0,0.0
2017-10-20,8,881,401761,99.8,0.8,3.3,4.4,17.0,0.0,54.0,26.0,15.0,0.024,0.033,0.8,0.005,2017,10,20,0,0,0,4,1.0,0.0
2017-10-21,8,1061,401761,99.8,0.8,4.6,6.3,17.5,0.0,50.8,36.0,20.0,0.021,0.037000000000000005,0.9,0.005,2017,10,21,0,0,0,5,0.0,1.0
2017-10-22,8,939,401761,99.8,3.0,8.8,12.0,16.3,0.0,49.3,18.0,11.0,0.031,0.02,0.8,0.005,2017,10,22,0,0,0,6,0.0,1.0
2017-10-23,8,819,401761,99.8,1.3,4.4,5.5,14.0,0.0,43.4,21.0,9.0,0.032,0.024,0.7,0.005,2017,10,23,0,0,0,0,1.0,0.0
2017-10-24,8,847,401761,99.8,0.9,3.6,4.5,14.3,0.0,49.0,25.0,14.0,0.019,0.036000000000000004,0.7,0.005,2017,10,24,0,0,0,1,1.0,0.0
2017-10-25,8,822,401761,99.8,0.6,5.2,6.4,14.6,0.0,54.7,34.0,20.0,0.022000000000000002,0.032,0.5,0.005,2017,10,25,0,0,0,2,1.0,0.0
2017-10-26,8,851,401761,99.8,0.3,2.8,3.3,14.7,0.0,53.5,43.0,25.0,0.022000000000000002,0.038,0.6,0.006,2017,10,26,0,0,0,3,1.0,0.0
2017-10-27,8,862,401761,99.8,0.4,2.8,3.8,17.1,0.0,47.7,44.0,29.0,0.026000000000000002,0.039,0.8,0.005,2017,10,27,0,0,0,4,1.0,0.0
2017-10-28,8,875,401761,99.8,0.9,4.2,4.6,16.8,0.0,40.9,37.0,24.0,0.03,0.033,0.6,0.005,2017,10,28,0,0,0,5,0.0,1.0
2017-10-29,8,634,401761,99.8,1.7,6.6,11.0,12.9,0.0,35.3,60.0,19.0,0.031,0.017,0.5,0.005,2017,10,29,0,0,0,6,0.0,1.0
2017-10-30,8,619,401761,99.8,1.9,5.8,7.4,8.6,0.0,14.4,34.0,12.0,0.026000000000000002,0.021,0.5,0.005,2017,10,30,0,0,0,0,1.0,0.0
2017-10-31,8,712,401761,99.8,1.3,6.3,7.7,10.0,0.0,41.6,28.0,13.0,0.016,0.039,0.6,0.006,2017,10,31,0,0,0,1,1.0,0.0
2017-11-01,8,755,401486,100.0,0.6,5.3,6.3,14.5,0.0,60.7,32.0,18.0,0.023,0.038,0.7,0.006999999999999999,2017,11,1,0,0,0,2,1.0,0.0
2017-11-02,8,670,401486,100.0,0.1,2.1,3.6,14.9,0.0,67.8,37.0,24.0,0.023,0.039,0.7,0.006999999999999999,2017,11,2,0,0,0,3,1.0,0.0
2017-11-03,8,611,401486,100.0,1.8,5.8,7.9,18.2,32.0,81.2,31.0,22.0,0.032,0.023,0.6,0.006,2017,11,3,0,0,0,4,1.0,0.0
2017-11-04,8,630,401486,100.0,1.533333333,4.766666667,6.166666667,5.933333332999999,0.0,59.8,49.0,37.0,0.026000000000000002,0.022000000000000002,0.7,0.005,2017,11,4,0,0,0,5,0.0,1.0
2017-11-05,8,624,401486,100.0,1.7,5.0,5.9,24.5,0.0,57.7,29.0,22.0,0.019,0.031,0.7,0.006,2017,11,5,0,0,0,6,0.0,1.0
2017-11-06,8,740,401486,100.0,1.733333333,4.766666667,6.0,30.1,0.0,65.06666667,29.0,17.0,0.003,0.045,0.8,0.006,2017,11,6,0,0,0,0,1.0,0.0
2017-11-07,8,778,401486,100.0,0.6,3.1,4.1,14.1,0.0,53.4,30.0,19.0,0.003,0.054000000000000006,0.9,0.006,2017,11,7,0,0,0,1,1.0,0.0
2017-11-08,8,679,401486,100.0,2.2,6.6,8.7,14.5,0.0,45.4,48.0,19.0,0.034,0.024,0.7,0.006,2017,11,8,0,0,0,2,1.0,0.0
2017-11-09,8,689,401486,100.0,1.0,3.1,4.3,10.3,0.0,32.9,50.0,23.0,0.012,0.044000000000000004,0.8,0.006,2017,11,9,0,0,0,3,1.0,0.0
2017-11-10,8,499,401486,100.0,2.2,8.4,14.6,10.2,8.5,44.9,41.0,17.0,0.019,0.035,0.8,0.006,2017,11,10,0,0,0,4,1.0,0.0
2017-11-11,8,572,401486,100.0,1.8,6.6,10.8,7.2,0.0,24.9,79.0,13.0,0.021,0.021,0.7,0.005,2017,11,11,0,0,0,5,0.0,1.0
2017-11-12,8,468,401486,100.0,1.4,4.8,5.9,6.1,0.0,46.4,28.0,16.0,0.016,0.028999999999999998,0.8,0.005,2017,11,12,0,0,0,6,0.0,1.0
2017-11-13,8,463,401486,100.0,1.1,4.1,6.0,8.3,2.0,53.7,36.0,21.0,0.01,0.042,1.0,0.006,2017,11,13,0,0,0,0,1.0,0.0
2017-11-14,8,588,401486,100.0,2.1,7.0,9.4,9.0,0.0,32.9,50.0,16.0,0.021,0.024,0.9,0.006,2017,11,14,0,0,0,1,1.0,0.0
2017-11-15,8,467,401486,100.0,2.4,8.9,12.8,4.3,0.0,29.8,28.0,11.0,0.022000000000000002,0.022000000000000002,0.8,0.006,2017,11,15,0,0,0,2,1.0,0.0
2017-11-16,8,443,401486,100.0,1.6,4.8,6.4,2.3,0.0,19.4,26.0,11.0,0.016,0.027999999999999997,0.9,0.006,2017,11,16,0,0,0,3,1.0,0.0
2017-11-17,8,386,401486,100.0,2.0,5.3,6.6,3.4,0.0,21.6,37.0,19.0,0.006,0.046,1.1,0.006,2017,11,17,0,0,0,4,1.0,0.0
2017-11-18,8,266,401486,100.0,2.3,5.2,7.4,-0.5,0.0,18.4,44.0,19.0,0.025,0.016,0.9,0.006,2017,11,18,0,0,0,5,0.0,1.0
2017-11-19,8,251,401486,100.0,2.0,7.3,9.4,-0.6,0.0,15.6,29.0,11.0,0.022000000000000002,0.021,1.0,0.006,2017,11,19,0,0,0,6,0.0,1.0
2017-11-20,8,372,401486,100.0,1.6,3.9,5.6,0.7,0.0,32.9,37.0,20.0,0.012,0.038,1.2,0.006999999999999999,2017,11,20,0,0,0,0,1.0,0.0
2017-11-21,8,386,401486,100.0,1.3,3.3,4.1,1.6,0.0,40.1,41.0,21.0,0.008,0.044000000000000004,0.9,0.006,2017,11,21,0,0,0,1,1.0,0.0
2017-11-22,8,350,401486,100.0,1.7,6.3,9.0,4.9,0.0,36.5,56.0,23.0,0.013000000000000001,0.039,0.5,0.006999999999999999,2017,11,22,0,0,0,2,1.0,0.0
2017-11-23,8,339,401486,100.0,2.1,7.8,11.8,2.2,0.0,25.8,26.0,10.0,0.017,0.026000000000000002,0.3,0.006,2017,11,23,0,0,0,3,1.0,0.0
2017-11-24,8,269,401486,100.0,1.7,6.1,9.3,0.6,0.5,44.5,19.0,11.0,0.013999999999999999,0.025,0.4,0.005,2017,11,24,0,0,0,4,1.0,0.0
2017-11-25,8,167,401486,100.0,1.4,4.1,5.1,2.6,21.5,57.0,23.0,14.0,0.006999999999999999,0.040999999999999995,0.5,0.005,2017,11,25,0,0,0,5,0.0,1.0
2017-11-26,8,263,401486,100.0,1.7,6.3,8.4,4.2,0.0,54.0,35.0,18.0,0.013999999999999999,0.027999999999999997,0.6,0.005,2017,11,26,0,0,0,6,0.0,1.0
2017-11-27,8,357,401486,100.0,0.9,2.7,3.2,3.1,0.0,37.9,44.0,25.0,0.006999999999999999,0.048,0.7,0.006,2017,11,27,0,0,0,0,1.0,0.0
2017-11-28,8,376,401486,100.0,0.8,4.1,5.5,6.3,0.5,46.1,67.0,40.0,0.005,0.063,1.0,0.008,2017,11,28,0,0,0,1,1.0,0.0
2017-11-29,8,367,401486,100.0,1.5,4.4,5.8,5.0,0.0,35.0,59.0,19.0,0.017,0.026000000000000002,0.5,0.006,2017,11,29,0,0,0,2,1.0,0.0
2017-11-30,8,284,401486,100.0,2.7,6.3,8.7,-1.0,0.0,17.0,27.0,9.0,0.024,0.019,0.4,0.006,2017,11,30,0,0,0,3,1.0,0.0
2017-12-01,8,277,401107,100.2,1.5,5.7,8.1,-1.5,0.0,47.3,29.0,15.0,0.016,0.034,0.6,0.006,2017,12,1,0,0,0,4,1.0,0.0
2017-12-02,8,322,401107,100.2,1.2,3.4,4.7,1.9,0.0,63.1,36.0,22.0,0.009000000000000001,0.04,0.5,0.006,2017,12,2,0,0,0,5,0.0,1.0
2017-12-03,8,259,401107,100.2,1.3,4.5,5.9,5.1,3.0,81.3,50.0,36.0,0.006999999999999999,0.040999999999999995,0.7,0.005,2017,12,3,0,0,0,6,0.0,1.0
2017-12-04,8,246,401107,100.2,2.7,7.8,10.3,0.4,0.0,53.2,45.0,26.0,0.02,0.023,0.5,0.005,2017,12,4,0,0,0,0,1.0,0.0
2017-12-05,8,259,401107,100.2,2.1,6.4,8.8,-3.4,0.0,39.2,24.0,12.0,0.021,0.022000000000000002,0.3,0.004,2017,12,5,0,0,0,1,1.0,0.0
2017-12-06,8,192,401107,100.2,1.7,6.4,8.0,0.2,3.0,72.8,31.0,21.0,0.006999999999999999,0.04,0.5,0.003,2017,12,6,0,0,0,2,1.0,0.0
2017-12-07,8,241,401107,100.2,1.8,5.6,6.9,1.8,0.0,67.5,43.0,30.0,0.013999999999999999,0.033,0.6,0.004,2017,12,7,0,0,0,3,1.0,0.0
2017-12-08,8,242,401107,100.2,2.1,5.5,7.3,-2.8,0.0,43.3,33.0,23.0,0.018000000000000002,0.025,0.5,0.004,2017,12,8,0,0,0,4,1.0,0.0
2017-12-09,8,257,401107,100.2,1.3,3.6,4.7,-0.1,0.0,49.9,36.0,22.0,0.006,0.045,0.7,0.004,2017,12,9,0,0,0,5,0.0,1.0
2017-12-10,8,143,401107,100.2,2.1,6.8,11.9,1.5,5.5,71.4,34.0,22.0,0.016,0.027999999999999997,0.5,0.004,2017,12,10,0,0,0,6,0.0,1.0
2017-12-11,8,215,401107,100.2,3.1,8.0,11.0,-5.7,0.0,42.0,61.0,12.0,0.02,0.015,0.4,0.003,2017,12,11,0,0,0,0,1.0,0.0
2017-12-12,8,160,401107,100.2,2.0,5.5,7.7,-8.3,0.0,44.0,34.0,17.0,0.019,0.019,0.6,0.004,2017,12,12,0,0,0,1,1.0,0.0
2017-12-13,8,192,401107,100.2,1.6,4.5,5.5,-7.2,0.0,43.4,37.0,19.0,0.017,0.026000000000000002,0.7,0.004,2017,12,13,0,0,0,2,1.0,0.0
2017-12-14,8,234,401107,100.2,1.5,3.7,4.7,-6.1,0.0,48.5,50.0,31.0,0.008,0.042,1.0,0.004,2017,12,14,0,0,0,3,1.0,0.0
2017-12-15,8,226,401107,100.2,1.2,3.5,4.8,-2.9,0.0,56.1,72.0,51.0,0.004,0.062,1.4,0.005,2017,12,15,0,0,0,4,1.0,0.0
2017-12-16,8,157,401107,100.2,2.3,6.1,9.2,-4.2,0.0,47.0,45.0,25.0,0.021,0.021,0.8,0.005,2017,12,16,0,0,0,5,0.0,1.0
2017-12-17,8,148,401107,100.2,1.7,6.0,8.2,-5.8,0.0,41.6,43.0,13.0,0.024,0.022000000000000002,0.6,0.004,2017,12,17,0,0,0,6,0.0,1.0
2017-12-18,8,118,401107,100.2,1.3,5.2,7.8,-2.2,1.5,81.0,57.0,33.0,0.006,0.045,1.0,0.005,2017,12,18,0,0,0,0,1.0,0.0
2017-12-19,8,186,401107,100.2,1.8,5.9,9.4,-2.9,0.0,51.1,52.0,22.0,0.018000000000000002,0.024,0.8,0.004,2017,12,19,0,0,0,1,1.0,0.0
2017-12-20,8,156,401107,100.2,1.8,4.5,5.6,-3.8,0.0,66.6,41.0,25.0,0.008,0.039,0.9,0.003,2017,12,20,0,0,0,2,1.0,0.0
2017-12-21,8,146,401107,100.2,1.3,4.3,5.6,-0.4,0.0,74.4,47.0,33.0,0.006,0.045,1.2,0.004,2017,12,21,0,0,0,3,1.0,0.0
2017-12-22,8,232,401107,100.2,1.1,2.8,4.3,2.8,0.0,69.7,48.0,37.0,0.006,0.037000000000000005,1.1,0.005,2017,12,22,0,0,0,4,1.0,0.0
2017-12-23,8,260,401107,100.2,0.8,2.6,4.0,6.5,0.0,75.4,106.0,84.0,0.011000000000000001,0.028999999999999998,0.9,0.004,2017,12,23,0,0,0,5,0.0,1.0
2017-12-24,8,83,401107,100.2,1.7,4.7,6.9,3.6,19.5,82.8,69.0,53.0,0.024,0.024,0.9,0.003,2017,12,24,0,0,0,6,0.0,1.0
2017-12-25,8,159,401107,100.2,2.2,6.2,8.5,-1.3,0.0,46.0,32.0,16.0,0.026000000000000002,0.013999999999999999,0.5,0.003,2017,12,25,0,0,0,0,1.0,0.0
2017-12-26,8,177,401107,100.2,2.4,8.7,12.1,-2.5,0.0,45.9,31.0,15.0,0.021,0.015,0.5,0.003,2017,12,26,0,0,0,1,1.0,0.0
2017-12-27,8,170,401107,100.2,2.1,6.2,7.9,-6.0,0.0,33.0,31.0,16.0,0.018000000000000002,0.013999999999999999,0.5,0.003,2017,12,27,0,0,0,2,1.0,0.0
2017-12-28,8,232,401107,100.2,1.2,3.1,4.3,-1.9,0.0,51.1,44.0,27.0,0.008,0.02,0.7,0.003,2017,12,28,0,0,0,3,1.0,0.0
2017-12-29,8,267,401107,100.2,1.2,4.3,5.8,2.7,0.0,67.8,90.0,63.0,0.01,0.026000000000000002,1.0,0.004,2017,12,29,0,0,0,4,1.0,0.0
2017-12-30,8,159,401107,100.2,1.3,2.7,3.6,1.9,0.5,78.8,121.0,89.0,0.006,0.028999999999999998,1.1,0.004,2017,12,30,0,0,0,5,0.0,1.0
2017-12-31,8,113,401107,100.2,2.4,5.9,8.2,1.1,0.5,56.5,67.0,33.0,0.024,0.018000000000000002,0.8,0.003,2017,12,31,0,0,0,6,0.0,1.0
