area,朝楼,rentcnt
己悼备,2016-01-01,40
己悼备,2016-01-02,25
己悼备,2016-01-03,28
己悼备,2016-01-04,28
己悼备,2016-01-05,30
己悼备,2016-01-06,25
己悼备,2016-01-07,37
己悼备,2016-01-08,23
己悼备,2016-01-09,17
己悼备,2016-01-10,21
己悼备,2016-01-11,18
己悼备,2016-01-12,22
己悼备,2016-01-13,17
己悼备,2016-01-14,18
己悼备,2016-01-15,22
己悼备,2016-01-16,15
己悼备,2016-01-17,21
己悼备,2016-01-18,10
己悼备,2016-01-19,9
己悼备,2016-01-20,15
己悼备,2016-01-21,16
己悼备,2016-01-22,9
己悼备,2016-01-23,2
己悼备,2016-01-24,4
己悼备,2016-01-25,10
己悼备,2016-01-26,13
己悼备,2016-01-27,20
己悼备,2016-01-28,18
己悼备,2016-01-29,17
己悼备,2016-01-30,26
己悼备,2016-01-31,10
己悼备,2016-02-01,23
己悼备,2016-02-02,18
己悼备,2016-02-03,20
己悼备,2016-02-04,16
己悼备,2016-02-05,14
己悼备,2016-02-06,9
己悼备,2016-02-07,5
己悼备,2016-02-08,6
己悼备,2016-02-09,16
己悼备,2016-02-10,25
己悼备,2016-02-11,24
己悼备,2016-02-12,8
己悼备,2016-02-13,6
己悼备,2016-02-14,8
己悼备,2016-02-15,18
己悼备,2016-02-16,8
己悼备,2016-02-17,24
己悼备,2016-02-18,25
己悼备,2016-02-19,25
己悼备,2016-02-20,18
己悼备,2016-02-21,34
己悼备,2016-02-22,26
己悼备,2016-02-23,13
己悼备,2016-02-24,15
己悼备,2016-02-25,40
己悼备,2016-02-26,16
己悼备,2016-02-27,37
己悼备,2016-02-28,12
己悼备,2016-02-29,11
己悼备,2016-03-01,20
己悼备,2016-03-02,34
己悼备,2016-03-03,64
己悼备,2016-03-04,95
己悼备,2016-03-05,7
己悼备,2016-03-06,141
己悼备,2016-03-07,38
己悼备,2016-03-08,27
己悼备,2016-03-09,29
己悼备,2016-03-10,31
己悼备,2016-03-11,34
己悼备,2016-03-12,40
己悼备,2016-03-13,33
己悼备,2016-03-14,38
己悼备,2016-03-15,48
己悼备,2016-03-16,63
己悼备,2016-03-17,63
己悼备,2016-03-18,96
己悼备,2016-03-19,192
己悼备,2016-03-20,264
己悼备,2016-03-21,98
己悼备,2016-03-22,81
己悼备,2016-03-23,72
己悼备,2016-03-24,97
己悼备,2016-03-25,91
己悼备,2016-03-26,150
己悼备,2016-03-27,170
己悼备,2016-03-28,121
己悼备,2016-03-29,62
己悼备,2016-03-30,146
己悼备,2016-03-31,179
己悼备,2016-04-01,206
己悼备,2016-04-02,349
己悼备,2016-04-03,54
己悼备,2016-04-04,196
己悼备,2016-04-05,180
己悼备,2016-04-06,170
己悼备,2016-04-07,107
己悼备,2016-04-08,168
己悼备,2016-04-09,166
己悼备,2016-04-10,194
己悼备,2016-04-11,204
己悼备,2016-04-12,171
己悼备,2016-04-13,254
己悼备,2016-04-14,127
己悼备,2016-04-15,164
己悼备,2016-04-16,91
己悼备,2016-04-17,135
己悼备,2016-04-18,70
己悼备,2016-04-19,124
己悼备,2016-04-20,64
己悼备,2016-04-21,76
己悼备,2016-04-22,108
己悼备,2016-04-23,131
己悼备,2016-04-24,211
己悼备,2016-04-25,140
己悼备,2016-04-26,175
己悼备,2016-04-27,106
己悼备,2016-04-28,179
己悼备,2016-04-29,179
己悼备,2016-04-30,175
己悼备,2016-05-01,313
己悼备,2016-05-02,101
己悼备,2016-05-03,14
己悼备,2016-05-04,160
己悼备,2016-05-05,417
己悼备,2016-05-06,25
己悼备,2016-05-07,264
己悼备,2016-05-08,184
己悼备,2016-05-09,137
己悼备,2016-05-10,59
己悼备,2016-05-11,155
己悼备,2016-05-12,149
己悼备,2016-05-13,174
己悼备,2016-05-14,351
己悼备,2016-05-15,65
己悼备,2016-05-16,120
己悼备,2016-05-17,178
己悼备,2016-05-18,146
己悼备,2016-05-19,115
己悼备,2016-05-20,190
己悼备,2016-05-21,248
己悼备,2016-05-22,206
己悼备,2016-05-23,127
己悼备,2016-05-24,93
己悼备,2016-05-25,133
己悼备,2016-05-26,118
己悼备,2016-05-27,175
己悼备,2016-05-28,212
己悼备,2016-05-29,197
己悼备,2016-05-30,119
己悼备,2016-05-31,153
己悼备,2016-06-01,153
己悼备,2016-06-02,162
己悼备,2016-06-03,196
己悼备,2016-06-04,229
己悼备,2016-06-05,188
己悼备,2016-06-06,200
己悼备,2016-06-07,139
己悼备,2016-06-08,148
己悼备,2016-06-09,139
己悼备,2016-06-10,123
己悼备,2016-06-11,148
己悼备,2016-06-12,158
己悼备,2016-06-13,126
己悼备,2016-06-14,105
己悼备,2016-06-15,33
己悼备,2016-06-16,110
己悼备,2016-06-17,167
己悼备,2016-06-18,189
己悼备,2016-06-19,189
己悼备,2016-06-20,175
己悼备,2016-06-21,120
己悼备,2016-06-22,81
己悼备,2016-06-23,145
己悼备,2016-06-24,128
己悼备,2016-06-25,151
己悼备,2016-06-26,189
己悼备,2016-06-27,175
己悼备,2016-06-28,144
己悼备,2016-06-29,191
己悼备,2016-06-30,148
己悼备,2016-07-01,53
己悼备,2016-07-02,189
己悼备,2016-07-03,172
己悼备,2016-07-04,27
己悼备,2016-07-05,18
己悼备,2016-07-06,146
己悼备,2016-07-07,139
己悼备,2016-07-08,144
己悼备,2016-07-09,144
己悼备,2016-07-10,125
己悼备,2016-07-11,85
己悼备,2016-07-12,104
己悼备,2016-07-13,149
己悼备,2016-07-14,201
己悼备,2016-07-15,139
己悼备,2016-07-16,19
己悼备,2016-07-17,273
己悼备,2016-07-18,364
己悼备,2016-07-19,318
己悼备,2016-07-20,324
己悼备,2016-07-21,359
己悼备,2016-07-22,357
己悼备,2016-07-23,304
己悼备,2016-07-24,399
己悼备,2016-07-25,435
己悼备,2016-07-26,500
己悼备,2016-07-27,345
己悼备,2016-07-28,495
己悼备,2016-07-29,275
己悼备,2016-07-30,394
己悼备,2016-07-31,387
己悼备,2016-08-01,540
己悼备,2016-08-02,478
己悼备,2016-08-03,556
己悼备,2016-08-04,511
己悼备,2016-08-05,539
己悼备,2016-08-06,399
己悼备,2016-08-07,442
己悼备,2016-08-08,562
己悼备,2016-08-09,440
己悼备,2016-08-10,562
己悼备,2016-08-11,548
己悼备,2016-08-12,556
己悼备,2016-08-13,489
己悼备,2016-08-14,440
己悼备,2016-08-15,485
己悼备,2016-08-16,586
己悼备,2016-08-17,614
己悼备,2016-08-18,570
己悼备,2016-08-19,561
己悼备,2016-08-20,531
己悼备,2016-08-21,539
己悼备,2016-08-22,577
己悼备,2016-08-23,546
己悼备,2016-08-24,611
己悼备,2016-08-25,416
己悼备,2016-08-26,810
己悼备,2016-08-27,981
己悼备,2016-08-28,603
己悼备,2016-08-29,937
己悼备,2016-08-30,806
己悼备,2016-08-31,263
己悼备,2016-09-01,826
己悼备,2016-09-02,901
己悼备,2016-09-03,915
己悼备,2016-09-04,1010
己悼备,2016-09-05,911
己悼备,2016-09-06,920
己悼备,2016-09-07,798
己悼备,2016-09-08,710
己悼备,2016-09-09,878
己悼备,2016-09-10,997
己悼备,2016-09-11,1109
己悼备,2016-09-12,916
己悼备,2016-09-13,867
己悼备,2016-09-14,712
己悼备,2016-09-15,671
己悼备,2016-09-16,978
己悼备,2016-09-17,991
己悼备,2016-09-18,1234
己悼备,2016-09-19,1021
己悼备,2016-09-20,1055
己悼备,2016-09-21,1023
己悼备,2016-09-22,1042
己悼备,2016-09-23,1106
己悼备,2016-09-24,1227
己悼备,2016-09-25,1237
己悼备,2016-09-26,1152
己悼备,2016-09-27,328
己悼备,2016-09-28,1008
己悼备,2016-09-29,1138
己悼备,2016-09-30,1108
己悼备,2016-10-01,1266
己悼备,2016-10-02,269
己悼备,2016-10-03,1339
己悼备,2016-10-04,1144
己悼备,2016-10-05,1126
己悼备,2016-10-06,1243
己悼备,2016-10-07,600
己悼备,2016-10-08,1037
己悼备,2016-10-09,947
己悼备,2016-10-10,961
己悼备,2016-10-11,1009
己悼备,2016-10-12,980
己悼备,2016-10-13,1035
己悼备,2016-10-14,988
己悼备,2016-10-15,1031
己悼备,2016-10-16,400
己悼备,2016-10-17,1097
己悼备,2016-10-18,1046
己悼备,2016-10-19,1050
己悼备,2016-10-20,1099
己悼备,2016-10-21,1041
己悼备,2016-10-22,1019
己悼备,2016-10-23,359
己悼备,2016-10-24,925
己悼备,2016-10-25,530
己悼备,2016-10-26,881
己悼备,2016-10-27,984
己悼备,2016-10-28,876
己悼备,2016-10-29,619
己悼备,2016-10-30,637
己悼备,2016-10-31,476
己悼备,2016-11-01,517
己悼备,2016-11-02,523
己悼备,2016-11-03,630
己悼备,2016-11-04,728
己悼备,2016-11-05,703
己悼备,2016-11-06,763
己悼备,2016-11-07,477
己悼备,2016-11-08,498
己悼备,2016-11-09,519
己悼备,2016-11-10,481
己悼备,2016-11-11,596
己悼备,2016-11-12,689
己悼备,2016-11-13,630
己悼备,2016-11-14,487
己悼备,2016-11-15,582
己悼备,2016-11-16,575
己悼备,2016-11-17,724
己悼备,2016-11-18,511
己悼备,2016-11-19,660
己悼备,2016-11-20,617
己悼备,2016-11-21,633
己悼备,2016-11-22,495
己悼备,2016-11-23,417
己悼备,2016-11-24,412
己悼备,2016-11-25,420
己悼备,2016-11-26,189
己悼备,2016-11-27,246
己悼备,2016-11-28,391
己悼备,2016-11-29,459
己悼备,2016-11-30,402
己悼备,2016-12-01,423
己悼备,2016-12-02,446
己悼备,2016-12-03,436
己悼备,2016-12-04,374
己悼备,2016-12-05,448
己悼备,2016-12-06,359
己悼备,2016-12-07,407
己悼备,2016-12-08,316
己悼备,2016-12-09,353
己悼备,2016-12-10,259
己悼备,2016-12-11,223
己悼备,2016-12-12,371
己悼备,2016-12-13,406
己悼备,2016-12-14,319
己悼备,2016-12-15,305
己悼备,2016-12-16,284
己悼备,2016-12-17,277
己悼备,2016-12-18,241
己悼备,2016-12-19,411
己悼备,2016-12-20,457
己悼备,2016-12-21,218
己悼备,2016-12-22,70
己悼备,2016-12-23,299
己悼备,2016-12-24,195
己悼备,2016-12-25,181
己悼备,2016-12-26,298
己悼备,2016-12-27,272
己悼备,2016-12-28,276
己悼备,2016-12-29,210
己悼备,2016-12-30,232
己悼备,2016-12-31,203
己悼备,2017-01-01,201
己悼备,2017-01-02,352
己悼备,2017-01-03,367
己悼备,2017-01-04,436
己悼备,2017-01-05,403
己悼备,2017-01-06,422
己悼备,2017-01-07,348
己悼备,2017-01-08,331
己悼备,2017-01-09,407
己悼备,2017-01-10,335
己悼备,2017-01-11,314
己悼备,2017-01-12,290
己悼备,2017-01-13,228
己悼备,2017-01-14,121
己悼备,2017-01-15,121
己悼备,2017-01-16,291
己悼备,2017-01-17,337
己悼备,2017-01-18,324
己悼备,2017-01-19,335
己悼备,2017-01-20,128
己悼备,2017-01-21,99
己悼备,2017-01-22,50
己悼备,2017-01-23,197
己悼备,2017-01-24,224
己悼备,2017-01-25,252
己悼备,2017-01-26,248
己悼备,2017-01-27,113
己悼备,2017-01-28,106
己悼备,2017-01-29,53
己悼备,2017-01-30,109
己悼备,2017-01-31,220
己悼备,2017-02-01,276
己悼备,2017-02-02,280
己悼备,2017-02-03,314
己悼备,2017-02-04,248
己悼备,2017-02-05,120
己悼备,2017-02-06,288
己悼备,2017-02-07,121
己悼备,2017-02-08,235
己悼备,2017-02-09,248
己悼备,2017-02-10,197
己悼备,2017-02-11,148
己悼备,2017-02-12,185
己悼备,2017-02-13,329
己悼备,2017-02-14,344
己悼备,2017-02-15,352
己悼备,2017-02-16,371
己悼备,2017-02-17,272
己悼备,2017-02-18,212
己悼备,2017-02-19,164
己悼备,2017-02-20,274
己悼备,2017-02-21,329
己悼备,2017-02-22,153
己悼备,2017-02-23,303
己悼备,2017-02-24,313
己悼备,2017-02-25,348
己悼备,2017-02-26,335
己悼备,2017-02-27,427
己悼备,2017-02-28,522
己悼备,2017-03-01,331
己悼备,2017-03-02,377
己悼备,2017-03-03,466
己悼备,2017-03-04,591
己悼备,2017-03-05,467
己悼备,2017-03-06,373
己悼备,2017-03-07,361
己悼备,2017-03-08,357
己悼备,2017-03-09,402
己悼备,2017-03-10,493
己悼备,2017-03-11,722
己悼备,2017-03-12,545
己悼备,2017-03-13,538
己悼备,2017-03-14,565
己悼备,2017-03-15,562
己悼备,2017-03-16,613
己悼备,2017-03-17,472
己悼备,2017-03-18,721
己悼备,2017-03-19,833
己悼备,2017-03-20,618
己悼备,2017-03-21,596
己悼备,2017-03-22,679
己悼备,2017-03-23,707
己悼备,2017-03-24,714
己悼备,2017-03-25,612
己悼备,2017-03-26,582
己悼备,2017-03-27,529
己悼备,2017-03-28,629
己悼备,2017-03-29,823
己悼备,2017-03-30,800
己悼备,2017-03-31,379
己悼备,2017-04-01,652
己悼备,2017-04-02,1003
己悼备,2017-04-03,845
己悼备,2017-04-04,929
己悼备,2017-04-05,189
己悼备,2017-04-06,540
己悼备,2017-04-07,944
己悼备,2017-04-08,1058
己悼备,2017-04-09,1094
己悼备,2017-04-10,1187
己悼备,2017-04-11,1084
己悼备,2017-04-12,917
己悼备,2017-04-13,947
己悼备,2017-04-14,562
己悼备,2017-04-15,1120
己悼备,2017-04-16,1341
己悼备,2017-04-17,698
己悼备,2017-04-18,662
己悼备,2017-04-19,1012
己悼备,2017-04-20,922
己悼备,2017-04-21,1061
己悼备,2017-04-22,1413
己悼备,2017-04-23,1266
己悼备,2017-04-24,1163
己悼备,2017-04-25,1077
己悼备,2017-04-26,1149
己悼备,2017-04-27,1119
己悼备,2017-04-28,1155
己悼备,2017-04-29,1369
己悼备,2017-04-30,1388
己悼备,2017-05-01,1444
己悼备,2017-05-02,1208
己悼备,2017-05-03,1689
己悼备,2017-05-04,1440
己悼备,2017-05-05,1460
己悼备,2017-05-06,686
己悼备,2017-05-07,856
己悼备,2017-05-08,984
己悼备,2017-05-09,652
己悼备,2017-05-10,1032
己悼备,2017-05-11,1239
己悼备,2017-05-12,1145
己悼备,2017-05-13,698
己悼备,2017-05-14,1407
己悼备,2017-05-15,1284
己悼备,2017-05-16,1357
己悼备,2017-05-17,1458
己悼备,2017-05-18,1402
己悼备,2017-05-19,1379
己悼备,2017-05-20,1361
己悼备,2017-05-21,1534
己悼备,2017-05-22,1487
己悼备,2017-05-23,869
己悼备,2017-05-24,1526
己悼备,2017-05-25,1457
己悼备,2017-05-26,1526
己悼备,2017-05-27,1602
己悼备,2017-05-28,1705
己悼备,2017-05-29,1579
己悼备,2017-05-30,1536
己悼备,2017-05-31,1555
己悼备,2017-06-01,1589
己悼备,2017-06-02,939
己悼备,2017-06-03,1675
己悼备,2017-06-04,1688
己悼备,2017-06-05,1690
己悼备,2017-06-06,692
己悼备,2017-06-07,765
己悼备,2017-06-08,1572
己悼备,2017-06-09,1546
己悼备,2017-06-10,1686
己悼备,2017-06-11,1696
己悼备,2017-06-12,1731
己悼备,2017-06-13,1560
己悼备,2017-06-14,1621
己悼备,2017-06-15,1615
己悼备,2017-06-16,1611
己悼备,2017-06-17,1535
己悼备,2017-06-18,1493
己悼备,2017-06-19,1671
己悼备,2017-06-20,1622
己悼备,2017-06-21,1671
己悼备,2017-06-22,1781
己悼备,2017-06-23,1684
己悼备,2017-06-24,933
己悼备,2017-06-25,896
己悼备,2017-06-26,785
己悼备,2017-06-27,1504
己悼备,2017-06-28,1703
己悼备,2017-06-29,1771
己悼备,2017-06-30,1726
己悼备,2017-07-01,1144
己悼备,2017-07-02,256
己悼备,2017-07-03,779
己悼备,2017-07-04,1436
己悼备,2017-07-05,382
己悼备,2017-07-07,260
己悼备,2017-07-08,766
己悼备,2017-07-09,408
己悼备,2017-07-10,85
己悼备,2017-07-11,1232
己悼备,2017-07-12,1388
己悼备,2017-07-13,1343
己悼备,2017-07-14,1359
己悼备,2017-07-15,364
己悼备,2017-07-16,957
己悼备,2017-07-17,1331
己悼备,2017-07-18,1249
己悼备,2017-07-19,1389
己悼备,2017-07-20,1349
己悼备,2017-07-21,1284
己悼备,2017-07-22,760
己悼备,2017-07-23,513
己悼备,2017-07-24,1234
己悼备,2017-07-25,1315
己悼备,2017-07-26,1404
己悼备,2017-07-27,1351
己悼备,2017-07-28,794
己悼备,2017-07-29,1197
己悼备,2017-07-30,1144
己悼备,2017-07-31,931
己悼备,2017-08-01,1384
己悼备,2017-08-02,1329
己悼备,2017-08-03,1375
己悼备,2017-08-04,1294
己悼备,2017-08-05,910
己悼备,2017-08-06,840
己悼备,2017-08-07,1380
己悼备,2017-08-08,1466
己悼备,2017-08-09,1441
己悼备,2017-08-10,433
己悼备,2017-08-11,1281
己悼备,2017-08-12,1244
己悼备,2017-08-13,1276
己悼备,2017-08-14,920
己悼备,2017-08-15,217
己悼备,2017-08-16,1242
己悼备,2017-08-17,1244
己悼备,2017-08-18,1302
己悼备,2017-08-19,1240
己悼备,2017-08-20,167
己悼备,2017-08-21,1306
己悼备,2017-08-22,1698
己悼备,2017-08-23,834
己悼备,2017-08-24,1049
己悼备,2017-08-25,1652
己悼备,2017-08-26,1779
己悼备,2017-08-27,1496
己悼备,2017-08-28,844
己悼备,2017-08-29,1975
己悼备,2017-08-30,1915
己悼备,2017-08-31,1986
己悼备,2017-09-01,2042
己悼备,2017-09-02,2000
己悼备,2017-09-03,1901
己悼备,2017-09-04,2047
己悼备,2017-09-05,1894
己悼备,2017-09-06,976
己悼备,2017-09-07,1953
己悼备,2017-09-08,1934
己悼备,2017-09-09,1970
己悼备,2017-09-10,1534
己悼备,2017-09-11,1472
己悼备,2017-09-12,2050
己悼备,2017-09-13,2005
己悼备,2017-09-14,2130
己悼备,2017-09-15,2252
己悼备,2017-09-16,2308
己悼备,2017-09-17,2250
己悼备,2017-09-18,2364
己悼备,2017-09-19,1580
己悼备,2017-09-20,2333
己悼备,2017-09-21,2249
己悼备,2017-09-22,2269
己悼备,2017-09-23,2221
己悼备,2017-09-24,1977
己悼备,2017-09-25,2194
己悼备,2017-09-26,2102
己悼备,2017-09-27,1875
己悼备,2017-09-28,2097
己悼备,2017-09-29,2204
己悼备,2017-09-30,2150
己悼备,2017-10-01,646
己悼备,2017-10-02,1811
己悼备,2017-10-03,1491
己悼备,2017-10-04,1207
己悼备,2017-10-05,1664
己悼备,2017-10-06,1389
己悼备,2017-10-07,2412
己悼备,2017-10-08,2235
己悼备,2017-10-09,2516
己悼备,2017-10-10,1799
己悼备,2017-10-11,1269
己悼备,2017-10-12,1776
己悼备,2017-10-13,1872
己悼备,2017-10-14,2012
己悼备,2017-10-15,1934
己悼备,2017-10-16,1935
己悼备,2017-10-17,2089
己悼备,2017-10-18,1544
己悼备,2017-10-19,2017
己悼备,2017-10-20,2091
己悼备,2017-10-21,2096
己悼备,2017-10-22,1882
己悼备,2017-10-23,1952
己悼备,2017-10-24,2008
己悼备,2017-10-25,1974
己悼备,2017-10-26,1918
己悼备,2017-10-27,1933
己悼备,2017-10-28,2034
己悼备,2017-10-29,1301
己悼备,2017-10-30,1432
己悼备,2017-10-31,1617
己悼备,2017-11-01,1820
己悼备,2017-11-02,1775
己悼备,2017-11-03,1282
己悼备,2017-11-04,1235
己悼备,2017-11-05,1254
己悼备,2017-11-06,1675
己悼备,2017-11-07,1862
己悼备,2017-11-08,1582
己悼备,2017-11-09,1592
己悼备,2017-11-10,1019
己悼备,2017-11-11,983
己悼备,2017-11-12,965
己悼备,2017-11-13,1078
己悼备,2017-11-14,1329
己悼备,2017-11-15,969
己悼备,2017-11-16,984
己悼备,2017-11-17,940
己悼备,2017-11-18,518
己悼备,2017-11-19,452
己悼备,2017-11-20,808
己悼备,2017-11-21,951
己悼备,2017-11-22,933
己悼备,2017-11-23,859
己悼备,2017-11-24,756
己悼备,2017-11-25,277
己悼备,2017-11-26,503
己悼备,2017-11-27,912
己悼备,2017-11-28,1031
己悼备,2017-11-29,874
己悼备,2017-11-30,728
己悼备,2017-12-01,694
己悼备,2017-12-02,592
己悼备,2017-12-03,484
己悼备,2017-12-04,631
己悼备,2017-12-05,652
己悼备,2017-12-06,456
己悼备,2017-12-07,645
己悼备,2017-12-08,595
己悼备,2017-12-09,464
己悼备,2017-12-10,239
己悼备,2017-12-11,416
己悼备,2017-12-12,418
己悼备,2017-12-13,468
己悼备,2017-12-14,468
己悼备,2017-12-15,562
己悼备,2017-12-16,292
己悼备,2017-12-17,228
己悼备,2017-12-18,187
己悼备,2017-12-19,301
己悼备,2017-12-20,349
己悼备,2017-12-21,460
己悼备,2017-12-22,531
己悼备,2017-12-23,422
己悼备,2017-12-24,111
己悼备,2017-12-25,259
己悼备,2017-12-26,418
己悼备,2017-12-27,379
己悼备,2017-12-28,506
己悼备,2017-12-29,508
己悼备,2017-12-30,245
己悼备,2017-12-31,228
