"青沥备开(悼谰搁)喊","5技喊",2016. 01,2016. 02,2016. 03,2016. 04,2016. 05,2016. 06,2016. 07,2016. 08,2016. 09,2016. 10,2016. 11,2016. 12,2017. 01,2017. 02,2017. 03,2017. 04,2017. 05,2017. 06,2017. 07,2017. 08,2017. 09,2017. 10,2017. 11,2017. 12
"青沥备开(悼谰搁)喊","5技喊",醚牢备荐 (疙),醚牢备荐 (疙),醚牢备荐 (疙),醚牢备荐 (疙),醚牢备荐 (疙),醚牢备荐 (疙),醚牢备荐 (疙),醚牢备荐 (疙),醚牢备荐 (疙),醚牢备荐 (疙),醚牢备荐 (疙),醚牢备荐 (疙),醚牢备荐 (疙),醚牢备荐 (疙),醚牢备荐 (疙),醚牢备荐 (疙),醚牢备荐 (疙),醚牢备荐 (疙),醚牢备荐 (疙),醚牢备荐 (疙),醚牢备荐 (疙),醚牢备荐 (疙),醚牢备荐 (疙),醚牢备荐 (疙)
"辑匡漂喊矫","10 - 14技",414415,411818,409383,407328,405676,404454,402964,401250,399795,398439,397039,395786,394851,393853,392742,391989,391169,390791,390342,390296,390703,391198,391089,390804
"辑匡漂喊矫","15 - 19技",565227,563704,562351,559920,557221,554925,552260,550262,547680,544181,541382,538419,535547,534326,531834,528620,525559,522714,519833,517795,514565,511035,507768,503852
"辑匡漂喊矫","20 - 24技",702970,702383,705118,704905,703871,702709,701016,700461,698769,696615,693971,690728,688703,688731,690408,689805,689319,688009,686906,686029,683934,681072,677815,674674
"辑匡漂喊矫","25 - 29技",743560,742339,744044,745104,746165,746594,747047,747707,748828,750092,750948,751973,753355,752910,756659,758756,760758,763052,764635,766622,767628,769231,770262,772441
"辑匡漂喊矫","30 - 34技",852667,847949,842662,838706,833645,829181,824823,820111,816110,812488,808504,803507,799234,795157,790126,786905,783767,780008,776681,773364,769868,766885,763362,758616
"辑匡漂喊矫","35 - 39技",812333,814441,812843,812811,814612,817376,819648,819221,820382,820472,819681,817467,819543,821975,822186,823655,825290,826859,827159,827018,826536,825574,824039,820573
"辑匡漂喊矫","40 - 44技",856164,852716,848187,845363,838897,834529,828413,823577,819092,814721,812306,811751,809389,807655,802986,800119,795808,793342,790585,786695,783584,781305,779449,778634
"辑匡漂喊矫","45 - 49技",846875,849676,848527,849179,853221,855621,858956,861212,863586,865622,867172,866421,868151,867246,865898,865911,867479,868604,869791,870140,870477,870977,870564,869355
"辑匡漂喊矫","50 - 54技",797303,794523,792386,789371,784957,779396,775628,773013,772228,771410,770030,770459,768719,768858,770631,771537,770181,768483,767191,765012,763090,759686,757629,757665
"辑匡漂喊矫","55 - 59技",788478,790747,793135,795549,798453,802429,804541,804619,803063,801926,800965,799578,800969,803080,800322,798866,798792,798841,799061,795573,794582,796049,796564,795878
"辑匡漂喊矫","60 - 64技",589342,593424,599131,602097,604949,607701,610253,614007,618274,622216,625131,627314,630341,631864,633211,634053,631163,631341,631555,637082,639457,642014,644333,646571
"辑匡漂喊矫","65 - 69技",455271,456337,456156,456195,455864,454950,454069,452141,450775,449626,449146,448956,450139,449035,451312,452583,457472,458740,460234,461133,461735,462301,462450,462481
"辑匡漂喊矫","100+",5084,5140,5198,5231,5242,5281,5320,5347,5364,5411,5444,5475,5535,5572,5395,5384,5397,5373,5405,5427,5441,5470,5489,5519
"辆肺备","10 - 14技",5874,5833,5779,5707,5643,5626,5620,5561,5525,5510,5494,5455,5411,5420,5401,5401,5413,5414,5442,5427,5422,5428,5432,5413
"辆肺备","15 - 19技",8504,8433,8724,8635,8542,8446,8350,8286,8336,8248,8195,8091,7989,7951,8112,8063,8010,7902,7833,7789,7802,7751,7648,7565
"辆肺备","20 - 24技",11428,11462,11666,11659,11657,11601,11533,11560,11561,11537,11434,11379,11325,11326,11582,11562,11552,11560,11587,11635,11658,11632,11612,11524
"辆肺备","25 - 29技",11877,11894,11932,11973,11967,11931,11945,11926,11931,11982,11937,11891,11843,11867,11973,12044,12148,12180,12183,12182,12258,12272,12279,12383
"辆肺备","30 - 34技",11352,11326,11219,11171,11100,11067,11000,10969,10877,10807,10759,10684,10630,10545,10629,10599,10580,10588,10631,10699,10671,10706,10704,10662
"辆肺备","35 - 39技",10427,10502,10460,10475,10477,10503,10558,10503,10507,10486,10436,10379,10348,10362,10493,10582,10676,10729,10818,10802,10812,10786,10786,10771
"辆肺备","40 - 44技",12700,12588,12395,12302,12152,12085,11992,11883,11841,11770,11708,11603,11483,11472,11446,11463,11396,11370,11348,11332,11278,11214,11143,11112
"辆肺备","45 - 49技",13540,13605,13570,13548,13599,13621,13652,13702,13729,13747,13812,13819,13839,13804,13833,13853,13925,13949,13998,14013,14002,14028,13986,13960
"辆肺备","50 - 54技",13135,13077,13028,12975,12929,12841,12801,12761,12710,12652,12617,12620,12599,12596,12713,12782,12792,12820,12861,12916,12922,12843,12834,12815
"辆肺备","55 - 59技",12460,12578,12646,12700,12774,12769,12786,12787,12730,12750,12700,12703,12706,12757,12790,12787,12856,12883,12947,12912,12884,12970,12989,13042
"辆肺备","60 - 64技",9548,9577,9697,9752,9793,9846,9921,9947,10012,10089,10146,10124,10155,10167,10212,10278,10241,10228,10241,10359,10401,10436,10475,10490
"辆肺备","65 - 69技",7695,7720,7680,7634,7589,7574,7509,7492,7442,7430,7412,7411,7435,7417,7472,7458,7521,7541,7582,7577,7608,7643,7599,7568
"辆肺备","100+",214,215,220,220,219,219,218,218,220,220,220,220,222,226,214,215,216,214,217,219,220,223,224,226
"吝备","10 - 14技",3590,3557,3537,3533,3524,3509,3481,3441,3449,3452,3436,3410,3395,3345,3322,3333,3350,3363,3325,3313,3325,3341,3374,3379
"吝备","15 - 19技",5454,5480,5480,5443,5380,5335,5276,5276,5230,5226,5178,5123,5098,5112,5058,4994,4943,4917,4864,4899,4897,4827,4770,4750
"吝备","20 - 24技",8318,8287,8362,8341,8342,8304,8316,8324,8279,8243,8215,8216,8141,8180,8181,8161,8142,8168,8150,8159,8138,8080,8025,7986
"吝备","25 - 29技",9330,9312,9354,9372,9381,9379,9427,9478,9518,9519,9558,9529,9575,9552,9592,9630,9654,9686,9707,9831,9873,9955,10021,10116
"吝备","30 - 34技",10666,10628,10594,10583,10495,10421,10375,10420,10416,10419,10352,10332,10227,10109,10068,10011,9960,9892,9862,9964,10066,10067,10062,9984
"吝备","35 - 39技",9859,9892,9912,9943,9970,9992,10030,10061,10107,10115,10156,10107,10128,10077,10032,10054,10077,10089,10117,10222,10314,10359,10388,10411
"吝备","40 - 44技",10115,10061,10019,9987,9927,9890,9805,9798,9724,9683,9620,9552,9505,9476,9374,9314,9267,9214,9173,9216,9256,9213,9187,9206
"吝备","45 - 49技",10310,10302,10314,10334,10365,10365,10423,10424,10459,10525,10555,10542,10534,10504,10434,10400,10456,10465,10468,10530,10580,10607,10638,10595
"吝备","50 - 54技",10453,10424,10405,10368,10290,10255,10189,10138,10107,10066,10023,10024,9986,10004,9991,10022,9983,9946,9933,10000,10024,9982,9959,9997
"吝备","55 - 59技",10993,10971,11010,11022,11033,11043,11090,11119,11113,11121,11102,11091,11081,11097,11025,10953,10946,10944,10941,10930,10951,10974,11011,11025
"吝备","60 - 64技",8244,8323,8409,8467,8514,8577,8582,8654,8711,8763,8793,8818,8820,8842,8847,8838,8776,8764,8801,8937,8968,9068,9116,9185
"吝备","65 - 69技",6509,6506,6505,6503,6476,6451,6466,6450,6428,6453,6435,6399,6415,6360,6417,6392,6478,6493,6508,6522,6556,6548,6567,6560
"吝备","100+",137,140,143,144,147,153,154,157,156,159,159,160,164,167,160,162,161,161,162,161,161,164,165,166
"侩魂备","10 - 14技",8487,8428,8381,8320,8261,8228,8176,8136,8123,8053,8042,8026,7995,7966,7959,7942,7899,7908,7908,7840,7859,7879,7868,7864
"侩魂备","15 - 19技",11245,11233,11182,11166,11135,11069,11005,10986,10932,10864,10827,10789,10693,10692,10650,10560,10529,10442,10350,10324,10288,10213,10159,10144
"侩魂备","20 - 24技",14712,14672,14712,14670,14643,14655,14636,14640,14516,14442,14404,14317,14257,14269,14282,14214,14200,14185,14184,14103,14117,14108,14040,13997
"侩魂备","25 - 29技",16691,16658,16682,16782,16810,16836,16822,16822,16867,16898,16914,16972,17053,17031,17132,17179,17228,17274,17335,17517,17616,17749,17878,17996
"侩魂备","30 - 34技",20083,19964,19885,19795,19693,19574,19537,19364,19245,19163,19075,19032,18949,18883,18744,18670,18600,18633,18550,18549,18563,18608,18561,18542
"侩魂备","35 - 39技",18994,19110,19124,19065,19161,19249,19330,19281,19299,19282,19222,19127,19149,19193,19194,19156,19197,19265,19359,19459,19479,19497,19512,19474
"侩魂备","40 - 44技",20412,20358,20205,20136,19929,19784,19579,19461,19341,19203,19104,19073,18934,18791,18659,18542,18370,18272,18161,18040,17941,17928,17843,17812
"侩魂备","45 - 49技",19888,19938,19896,19942,20011,20136,20257,20350,20399,20416,20457,20424,20432,20439,20429,20422,20469,20512,20539,20536,20582,20581,20602,20629
"侩魂备","50 - 54技",18556,18416,18337,18266,18205,18090,18046,17978,17962,17919,17857,17811,17750,17699,17703,17676,17653,17619,17589,17563,17542,17530,17510,17575
"侩魂备","55 - 59技",18092,18108,18183,18182,18214,18267,18296,18292,18218,18194,18166,18185,18297,18328,18259,18260,18244,18244,18263,18184,18163,18205,18267,18271
"侩魂备","60 - 64技",13599,13726,13840,13966,14083,14188,14273,14378,14472,14566,14612,14595,14581,14639,14643,14646,14633,14621,14621,14779,14864,14925,14998,15059
"侩魂备","65 - 69技",11068,11075,11035,11004,10971,10932,10884,10797,10766,10722,10703,10675,10707,10665,10683,10670,10742,10801,10817,10795,10813,10781,10782,10775
"侩魂备","100+",289,292,297,305,304,306,309,311,310,315,312,315,322,325,311,313,316,306,305,303,305,306,310,312
"己悼备","10 - 14技",10712,10637,10588,10545,10515,10515,10471,10427,10368,10305,10279,10299,10282,10292,10283,10252,10267,10316,10285,10294,10274,10284,10312,10295
"己悼备","15 - 19技",14929,14952,14917,14888,14811,14752,14660,14575,14463,14309,14187,14191,14222,14334,14343,14295,14139,14046,13965,13955,13844,13723,13658,13559
"己悼备","20 - 24技",20913,20850,20911,20900,20893,20840,20840,20911,20879,20802,20747,20813,20925,21120,21219,21207,21240,21229,21246,21312,21345,21201,21061,21011
"己悼备","25 - 29技",22713,22692,22745,22817,22914,23020,23008,23066,23055,23046,23126,23383,23566,23721,23966,24072,24228,24349,24443,24573,24612,24767,24834,24929
"己悼备","30 - 34技",25905,25745,25567,25473,25510,25506,25441,25479,25419,25278,25322,25507,25680,25709,25662,25635,25643,25536,25435,25431,25387,25345,25277,25124
"己悼备","35 - 39技",25153,25196,25118,25148,25327,25490,25620,25637,25693,25637,25758,25979,26265,26543,26663,26766,26819,26917,26969,27093,27153,27254,27300,27272
"己悼备","40 - 44技",25562,25375,25257,25195,25057,24942,24745,24609,24518,24406,24287,24526,24577,24592,24520,24457,24351,24290,24270,24190,24119,24027,23990,24025
"己悼备","45 - 49技",24763,24901,24909,24932,25101,25225,25395,25441,25492,25473,25547,25637,25867,26009,26059,26065,26108,26134,26172,26169,26200,26167,26191,26158
"己悼备","50 - 54技",24325,24224,24168,24099,24072,23898,23777,23664,23648,23583,23564,23737,23751,23785,23847,23894,23890,23906,23923,23911,23908,23731,23686,23660
"己悼备","55 - 59技",23527,23631,23725,23838,23970,24121,24240,24301,24232,24178,24196,24334,24490,24708,24739,24689,24693,24736,24797,24741,24748,24828,24926,24954
"己悼备","60 - 64技",16795,16899,17003,17074,17134,17268,17361,17522,17665,17823,17938,18120,18317,18403,18486,18549,18504,18531,18578,18770,18897,19034,19123,19232
"己悼备","65 - 69技",13118,13184,13171,13150,13164,13121,13085,13035,12974,12855,12885,12938,12966,13005,13046,13055,13167,13202,13216,13279,13292,13321,13319,13325
"己悼备","100+",178,180,183,182,181,183,188,190,190,192,197,198,200,205,202,203,202,204,205,208,209,211,212,215
"堡柳备","10 - 14技",13920,13866,13790,13734,13660,13619,13520,13503,13457,13373,13316,13315,13280,13268,13210,13161,13144,13111,13141,13151,13172,13214,13230,13257
"堡柳备","15 - 19技",20236,20130,20081,19956,19827,19700,19620,19544,19448,19181,19042,18945,18834,18800,18671,18569,18464,18372,18215,18138,17989,17880,17774,17618
"堡柳备","20 - 24技",27458,27575,27665,27689,27649,27652,27612,27658,27583,27651,27578,27368,27371,27407,27556,27557,27495,27528,27501,27517,27447,27292,27290,27180
"堡柳备","25 - 29技",31557,31544,31706,31802,31787,31791,31844,31904,31949,31989,31993,32092,32104,32071,32186,32337,32443,32591,32802,32921,32981,33055,33225,33369
"堡柳备","30 - 34技",34168,33987,33793,33619,33345,33297,33092,32881,32761,32646,32459,32302,32154,32012,31850,31779,31633,31507,31449,31382,31342,31350,31253,31210
"堡柳备","35 - 39技",29088,29222,29202,29219,29306,29388,29538,29547,29581,29562,29523,29496,29527,29640,29642,29696,29770,29884,29951,30050,30055,29997,30046,29988
"堡柳备","40 - 44技",30062,29961,29732,29605,29383,29259,29042,28877,28711,28471,28399,28370,28338,28270,28124,28001,27807,27717,27631,27563,27478,27426,27408,27455
"堡柳备","45 - 49技",30707,30752,30653,30654,30780,30790,30835,30966,31062,31122,31164,31069,31075,30990,30883,30899,30957,30968,31013,31044,31058,31153,31105,31017
"堡柳备","50 - 54技",28949,28836,28777,28694,28519,28330,28218,28121,28114,28099,28011,27985,27963,27982,27973,28045,27996,27954,27961,27888,27847,27774,27783,27806
"堡柳备","55 - 59技",27856,27983,28108,28189,28311,28464,28562,28585,28536,28510,28584,28525,28584,28618,28555,28539,28519,28567,28564,28552,28579,28613,28709,28708
"堡柳备","60 - 64技",19924,20056,20249,20355,20431,20529,20640,20771,20928,21061,21151,21234,21366,21468,21492,21549,21482,21526,21559,21788,21821,21933,21998,22093
"堡柳备","65 - 69技",14682,14663,14681,14700,14703,14701,14645,14547,14503,14452,14412,14402,14492,14473,14583,14638,14811,14824,14905,14968,15052,15059,15069,15085
"堡柳备","100+",156,159,168,169,170,169,171,173,171,171,172,174,176,178,177,179,178,175,178,177,176,178,177,177
"悼措巩备","10 - 14技",12941,12838,12728,12619,12563,12511,12450,12445,12365,12358,12283,12232,12176,12117,12090,12025,12002,11967,11935,11922,11942,12004,11937,11943
"悼措巩备","15 - 19技",18096,18267,18257,18172,18083,17976,17853,17758,17714,17511,17376,17204,17073,17275,17179,17055,16908,16796,16660,16566,16475,16294,16166,15971
"悼措巩备","20 - 24技",26739,26870,27025,26946,26827,26681,26614,26678,26582,26464,26383,26261,26181,26295,26432,26388,26324,26243,26163,26190,26112,26042,25885,25790
"悼措巩备","25 - 29技",27682,27573,27646,27644,27656,27646,27564,27541,27618,27759,27800,27808,27824,27670,27715,27819,27900,28008,28061,28219,28226,28264,28351,28376
"悼措巩备","30 - 34技",29244,29009,28786,28674,28498,28290,28150,27912,27722,27535,27382,27277,27019,26815,26514,26435,26220,26027,25935,25819,25682,25626,25452,25312
"悼措巩备","35 - 39技",28202,28202,28201,28172,28183,28164,28261,28186,28230,28319,28253,28095,28067,28097,28147,28111,28107,28150,28134,28083,28100,28003,27945,27815
"悼措巩备","40 - 44技",29442,29260,29034,28942,28741,28566,28331,28168,27992,27807,27743,27737,27618,27491,27241,27106,26998,26919,26749,26557,26451,26364,26349,26333
"悼措巩备","45 - 49技",29007,29115,29063,29072,29209,29245,29315,29365,29399,29432,29487,29403,29472,29359,29367,29449,29438,29455,29493,29522,29577,29594,29508,29457
"悼措巩备","50 - 54技",28171,28064,28040,27906,27661,27426,27252,27175,27160,27214,27185,27205,27081,27120,27186,27226,27207,27131,27122,27009,26890,26789,26679,26692
"悼措巩备","55 - 59技",29304,29400,29459,29576,29661,29804,29904,29840,29781,29707,29700,29629,29650,29708,29571,29440,29354,29338,29364,29225,29216,29289,29320,29261
"悼措巩备","60 - 64技",22675,22804,23066,23149,23206,23266,23316,23405,23569,23719,23782,23845,23968,23961,24025,24110,23977,23963,23961,24154,24230,24329,24372,24456
"悼措巩备","65 - 69技",17841,17829,17804,17850,17821,17785,17742,17655,17623,17572,17555,17506,17558,17520,17591,17618,17832,17813,17857,17840,17866,17850,17897,17901
"悼措巩备","100+",231,233,231,230,231,232,235,237,237,239,241,242,243,246,241,239,243,242,242,244,244,244,247,246
"吝尔备","10 - 14技",14770,14635,14500,14472,14393,14372,14271,14259,14242,14165,14087,13992,13983,13872,13832,13802,13789,13792,13819,13785,13776,13789,13720,13642
"吝尔备","15 - 19技",22106,21998,21913,21826,21734,21618,21518,21358,21191,21021,20891,20800,20587,20456,20239,20086,19926,19795,19657,19532,19373,19233,19100,18912
"吝尔备","20 - 24技",29365,29349,29448,29466,29471,29380,29296,29211,29137,29060,28912,28727,28543,28420,28420,28343,28379,28354,28319,28214,28064,27915,27750,27572
"吝尔备","25 - 29技",29439,29375,29434,29443,29504,29572,29577,29657,29672,29715,29784,29833,29985,30010,30139,30198,30258,30313,30410,30511,30614,30739,30671,30747
"吝尔备","30 - 34技",34064,33852,33672,33535,33330,33159,33053,32910,32750,32623,32501,32277,32083,31941,31610,31419,31352,31349,31270,31120,31004,30860,30796,30558
"吝尔备","35 - 39技",32069,32125,32098,32124,32198,32332,32393,32497,32597,32642,32664,32632,32744,32795,32765,32829,32818,32977,33086,33161,33116,33111,33021,32890
"吝尔备","40 - 44技",32866,32666,32494,32347,32078,31838,31567,31273,31070,30922,30826,30787,30660,30528,30382,30352,30196,30171,30092,29998,29876,29754,29583,29533
"吝尔备","45 - 49技",35468,35613,35512,35552,35680,35706,35808,35794,35822,35835,35771,35679,35655,35528,35374,35260,35270,35373,35394,35328,35338,35307,35248,35119
"吝尔备","50 - 54技",36494,36315,36207,36049,35935,35693,35477,35352,35314,35240,35250,35248,35078,35027,35164,35201,35151,35066,35006,34863,34686,34485,34385,34377
"吝尔备","55 - 59技",36429,36642,36863,37087,37247,37479,37615,37611,37588,37645,37603,37524,37583,37754,37635,37615,37699,37749,37825,37784,37859,37963,37978,37937
"吝尔备","60 - 64技",26513,26753,27051,27243,27437,27567,27674,27811,28072,28232,28422,28519,28704,28820,28857,28855,28718,28790,28877,29183,29296,29429,29638,29732
"吝尔备","65 - 69技",20076,20136,20085,20103,20131,20110,20112,20058,19987,19976,19982,19957,19994,19853,19927,20043,20281,20406,20523,20597,20649,20737,20742,20717
"吝尔备","100+",146,148,150,151,147,148,150,153,154,153,154,154,156,156,158,160,155,155,159,161,159,160,162,165
"己合备","10 - 14技",19748,19597,19478,19395,19343,19300,19249,19201,19137,19077,18972,18925,18877,18798,18789,18817,18771,18752,18750,18749,18759,18770,18780,18755
"己合备","15 - 19技",24896,25060,25124,25065,24984,24894,24758,24659,24484,24387,24268,24116,23981,24156,24089,23934,23837,23731,23640,23578,23453,23315,23137,23000
"己合备","20 - 24技",32913,33009,33245,33243,33160,33050,32883,32886,32877,32699,32532,32372,32232,32472,32566,32429,32414,32316,32188,32168,32050,31881,31791,31660
"己合备","25 - 29技",32291,32173,32186,32186,32192,32190,32143,32096,32086,32122,32098,32003,31943,31887,32027,32125,32082,32126,32233,32229,32236,32258,32262,32221
"己合备","30 - 34技",35053,34829,34497,34335,34001,33773,33503,33172,32937,32698,32518,32154,31921,31742,31502,31292,31158,30958,30766,30568,30419,30240,30038,29844
"己合备","35 - 39技",35706,35664,35516,35486,35534,35592,35629,35426,35309,35311,35192,35029,35066,35034,34995,34998,35007,35033,35030,35000,34908,34826,34724,34603
"己合备","40 - 44技",41369,41184,40926,40692,40309,40058,39756,39483,39205,38923,38722,38544,38281,38162,37924,37779,37539,37301,37063,36840,36582,36402,36250,36152
"己合备","45 - 49技",38955,39113,39152,39254,39471,39680,39807,39944,40048,40151,40215,40214,40337,40386,40383,40383,40424,40450,40651,40702,40794,40781,40840,40804
"己合备","50 - 54技",35297,35213,35180,35044,34893,34609,34376,34229,34222,34190,34162,34132,34079,34104,34180,34245,34231,34149,34039,33939,33902,33741,33696,33714
"己合备","55 - 59技",35470,35572,35583,35670,35692,35830,35858,35839,35708,35571,35495,35378,35436,35514,35416,35388,35353,35315,35241,35029,34889,34913,34906,34876
"己合备","60 - 64技",26679,26825,27107,27291,27448,27531,27569,27718,27897,28043,28092,28157,28208,28324,28344,28346,28147,28122,28166,28418,28519,28632,28639,28706
"己合备","65 - 69技",21511,21593,21518,21458,21407,21315,21237,21063,20906,20750,20668,20618,20622,20576,20708,20715,20907,20968,21026,21045,21042,20994,21019,20991
"己合备","100+",284,291,292,295,296,297,297,298,298,297,301,305,305,304,296,298,298,301,302,303,301,303,309,312
"碍合备","10 - 14技",12378,12252,12160,12130,12034,11980,11936,11871,11807,11734,11695,11647,11578,11472,11521,11453,11420,11418,11384,11355,11336,11341,11306,11275
"碍合备","15 - 19技",17659,17640,17573,17506,17418,17311,17248,17179,17084,16928,16830,16704,16596,16569,16503,16415,16319,16211,16083,16035,15903,15754,15654,15539
"碍合备","20 - 24技",22517,22517,22533,22496,22402,22451,22356,22379,22278,22195,22099,22058,21983,21994,22084,22125,22141,22113,22053,21998,21974,21913,21837,21708
"碍合备","25 - 29技",20903,20891,20836,20872,20906,20961,21061,21084,21184,21233,21322,21374,21515,21457,21518,21628,21725,21855,21925,22060,22039,22168,22226,22304
"碍合备","30 - 34技",24543,24369,24204,24040,23873,23716,23591,23431,23247,23102,22825,22650,22421,22177,22070,21950,21827,21698,21564,21441,21317,21223,21144,20985
"碍合备","35 - 39技",24785,24787,24747,24721,24814,24884,24960,24925,24967,24939,24859,24750,24739,24773,24737,24797,24755,24800,24764,24708,24698,24611,24553,24386
"碍合备","40 - 44技",27694,27562,27421,27371,27063,26879,26646,26448,26223,26024,25973,25885,25758,25601,25514,25388,25197,25158,25045,24856,24727,24678,24576,24529
"碍合备","45 - 49技",27966,28067,28021,28042,28178,28232,28311,28473,28555,28612,28677,28653,28729,28702,28711,28728,28736,28763,28801,28841,28798,28803,28803,28731
"碍合备","50 - 54技",27259,27141,27069,27003,26783,26581,26405,26344,26309,26272,26256,26328,26221,26141,26264,26307,26314,26283,26205,26123,26103,26014,25924,25897
"碍合备","55 - 59技",27845,27921,28047,28154,28295,28467,28573,28663,28673,28670,28556,28506,28587,28677,28560,28544,28552,28550,28563,28444,28459,28571,28562,28544
"碍合备","60 - 64技",21736,21916,22094,22200,22313,22396,22537,22640,22759,22846,22964,23045,23080,23097,23152,23177,23062,23102,23083,23286,23336,23440,23615,23691
"碍合备","65 - 69技",18432,18431,18393,18376,18327,18299,18273,18225,18206,18185,18187,18172,18169,18068,18142,18166,18332,18330,18340,18382,18398,18394,18351,18378
"碍合备","100+",229,229,231,230,229,232,235,237,239,239,244,241,244,246,218,217,218,214,211,214,217,217,215,217
"档豪备","10 - 14技",14581,14524,14437,14361,14286,14178,14067,13965,13916,13831,13782,13689,13644,13542,13501,13455,13428,13396,13353,13397,13379,13373,13350,13328
"档豪备","15 - 19技",21030,20919,20845,20750,20677,20619,20514,20453,20333,20243,20121,20001,19878,19714,19538,19413,19290,19132,19004,18856,18708,18577,18470,18325
"档豪备","20 - 24技",24913,24845,24832,24821,24852,24811,24722,24658,24610,24526,24494,24350,24262,24247,24115,24023,24037,24051,24041,24024,23964,23910,23797,23675
"档豪备","25 - 29技",22784,22686,22663,22700,22722,22689,22715,22677,22726,22819,22842,22867,22808,22709,22802,22870,22918,22927,23034,23143,23189,23262,23303,23336
"档豪备","30 - 34技",25373,25211,25091,24923,24723,24592,24394,24278,24164,24017,23829,23613,23504,23291,23109,22916,22837,22730,22597,22471,22367,22251,22147,21883
"档豪备","35 - 39技",25086,25071,24999,25018,25138,25218,25296,25262,25256,25315,25372,25303,25233,25301,25253,25226,25273,25424,25395,25380,25325,25242,25142,25015
"档豪备","40 - 44技",28524,28375,28258,28116,27871,27733,27400,27294,27156,27003,26859,26820,26724,26555,26331,26179,25962,25844,25740,25642,25513,25468,25367,25323
"档豪备","45 - 49技",30569,30651,30581,30569,30726,30748,30878,30903,30966,31015,31010,30948,30913,30858,30713,30703,30756,30763,30777,30747,30703,30729,30780,30662
"档豪备","50 - 54技",29981,29860,29780,29714,29566,29342,29177,29076,29065,29070,28974,28955,28919,28857,28873,28896,28834,28776,28750,28711,28647,28484,28382,28383
"档豪备","55 - 59技",31200,31306,31404,31531,31685,31860,31929,31925,31850,31804,31805,31695,31662,31744,31647,31552,31523,31547,31588,31513,31526,31582,31630,31586
"档豪备","60 - 64技",22406,22592,22833,22956,23140,23322,23478,23620,23823,24076,24231,24407,24631,24738,24823,24855,24791,24824,24868,25079,25179,25348,25516,25660
"档豪备","65 - 69技",16711,16780,16792,16832,16866,16852,16823,16794,16777,16750,16775,16819,16825,16772,16884,16988,17167,17257,17337,17412,17460,17535,17582,17594
"档豪备","100+",126,127,129,128,128,129,130,129,128,130,128,129,133,136,133,134,136,136,137,138,138,140,142,141
"畴盔备","10 - 14技",29832,29631,29427,29221,29046,28932,28814,28656,28484,28348,28227,28108,27976,27826,27696,27605,27428,27357,27267,27241,27210,27229,27164,27088
"畴盔备","15 - 19技",41243,41235,41282,41187,41047,40863,40652,40460,40329,40151,39953,39716,39399,39254,39402,39106,38903,38641,38291,38004,37809,37559,37305,36904
"畴盔备","20 - 24技",42652,42645,43168,43208,43261,43158,43028,43025,42904,42963,42813,42548,42500,42402,42630,42633,42610,42454,42445,42297,42221,42009,41757,41546
"畴盔备","25 - 29技",34907,34800,34826,34889,34970,35017,35018,35029,35101,35143,35157,35036,35019,34885,34945,35076,35115,35107,35061,35012,35084,35135,35139,35192
"畴盔备","30 - 34技",39928,39761,39589,39386,39149,38843,38556,38435,38258,38037,37776,37414,37105,36735,36536,36314,36057,35663,35381,35048,34744,34535,34268,33973
"畴盔备","35 - 39技",42185,42238,42129,42159,42335,42453,42490,42403,42416,42264,42114,41931,41972,41995,41900,42014,42031,41896,41781,41609,41406,41229,41081,40705
"畴盔备","40 - 44技",50876,50704,50302,50118,49637,49294,48841,48470,48144,47765,47543,47484,47152,46882,46556,46274,46000,45741,45442,45174,44987,44698,44447,44297
"畴盔备","45 - 49技",53748,53917,53907,53968,54227,54388,54618,54708,54865,54944,55005,54884,54883,54683,54528,54550,54552,54496,54458,54403,54258,54293,54202,54090
"畴盔备","50 - 54技",47421,47240,47097,47020,46856,46465,46255,46185,46099,46100,46010,46023,45884,45795,45884,45950,45870,45769,45644,45407,45219,45076,44976,44919
"畴盔备","55 - 59技",44802,44993,45117,45235,45407,45636,45735,45688,45591,45516,45414,45249,45416,45565,45494,45404,45364,45313,45233,44994,44941,44930,44866,44842
"畴盔备","60 - 64技",31782,32097,32488,32728,32887,33067,33233,33467,33698,33939,34164,34318,34480,34589,34716,34806,34609,34628,34675,34934,35038,35149,35264,35434
"畴盔备","65 - 69技",23335,23415,23430,23505,23525,23492,23468,23446,23362,23261,23263,23312,23368,23362,23491,23647,23987,24029,24140,24206,24205,24217,24255,24308
"畴盔备","100+",218,219,219,221,222,220,221,219,219,222,223,227,232,232,222,222,223,224,228,229,228,231,238,238
"篮乞备","10 - 14技",20832,20711,20618,20543,20498,20358,20349,20239,20160,20127,20066,19962,19944,19864,19810,19737,19693,19616,19578,19585,19586,19596,19581,19609
"篮乞备","15 - 19技",28296,28126,28052,27965,27895,27821,27660,27545,27435,27236,27113,26995,26871,26753,26548,26412,26241,26073,25998,25850,25726,25586,25456,25309
"篮乞备","20 - 24技",33036,32945,32932,32876,32832,32795,32758,32698,32700,32638,32519,32347,32321,32265,32368,32385,32350,32224,32156,32054,32007,31894,31822,31695
"篮乞备","25 - 29技",32239,32257,32410,32448,32466,32440,32480,32521,32560,32558,32542,32574,32541,32422,32549,32610,32654,32713,32766,32941,33072,33227,33346,33512
"篮乞备","30 - 34技",39351,39097,38733,38403,38071,37810,37516,37195,36917,36700,36322,36008,35733,35468,35150,35003,34787,34520,34241,34037,33937,33835,33726,33534
"篮乞备","35 - 39技",40311,40367,40238,40281,40374,40489,40627,40636,40638,40598,40559,40266,40231,40235,40161,40204,40146,40156,40057,40022,40074,39988,39907,39679
"篮乞备","40 - 44技",43813,43673,43432,43252,42931,42645,42344,42085,41840,41581,41470,41410,41272,41150,40825,40658,40439,40228,40076,39924,39727,39585,39514,39508
"篮乞备","45 - 49技",41926,42047,42011,42038,42284,42428,42591,42721,42932,43037,43118,43079,43232,43236,43065,43163,43269,43362,43414,43440,43555,43655,43639,43700
"篮乞备","50 - 54技",39213,39074,38977,38831,38609,38388,38240,38129,38063,37999,37899,37954,37814,37864,38022,38051,38034,37935,37872,37809,37777,37594,37525,37538
"篮乞备","55 - 59技",39594,39642,39805,39876,40072,40255,40382,40437,40337,40328,40373,40233,40321,40360,40163,40095,40052,40054,40082,39942,39955,40083,40116,40092
"篮乞备","60 - 64技",29780,29982,30257,30415,30518,30664,30836,31033,31270,31428,31555,31659,31878,31985,32086,32182,31990,31957,31951,32274,32413,32555,32696,32782
"篮乞备","65 - 69技",24381,24421,24358,24286,24188,24156,24067,24000,23921,23913,23913,23873,23828,23637,23708,23735,24035,24071,24106,24089,24156,24163,24158,24149
"篮乞备","100+",345,348,350,351,353,357,356,359,359,360,360,361,361,360,356,355,355,355,360,363,366,368,367,369
"辑措巩备","10 - 14技",12290,12260,12215,12205,12173,12118,12041,11935,11902,11912,11836,11821,11846,11793,11751,11727,11653,11643,11594,11586,11589,11606,11579,11536
"辑措巩备","15 - 19技",16814,16929,16963,16902,16827,16748,16628,16637,16555,16417,16303,16249,16159,16221,16187,16087,15976,15906,15839,15776,15657,15555,15435,15338
"辑措巩备","20 - 24技",23605,23726,23955,23962,23874,23911,23838,23743,23662,23656,23575,23517,23457,23639,23729,23641,23615,23687,23548,23575,23453,23381,23284,23148
"辑措巩备","25 - 29技",23726,23826,23922,24090,24151,24176,24200,24185,24232,24311,24332,24297,24317,24294,24450,24545,24617,24651,24847,24907,24960,24979,24974,25004
"辑措巩备","30 - 34技",24586,24587,24589,24561,24458,24392,24253,24091,23951,23816,23694,23523,23377,23240,23124,23045,22894,22813,22771,22619,22569,22475,22336,22219
"辑措巩备","35 - 39技",23434,23602,23643,23705,23778,23904,23952,23917,23982,24019,24025,24000,24075,24177,24151,24255,24286,24273,24269,24282,24254,24231,24140,24027
"辑措巩备","40 - 44技",26283,26303,26251,26201,25958,25817,25600,25398,25200,24987,24847,24815,24743,24702,24550,24453,24368,24355,24280,24107,23971,23838,23793,23716
"辑措巩备","45 - 49技",26523,26748,26801,26896,27004,27074,27155,27258,27336,27467,27542,27589,27657,27634,27570,27537,27551,27592,27649,27741,27746,27832,27740,27661
"辑措巩备","50 - 54技",24750,24815,24853,24816,24731,24618,24529,24372,24350,24360,24336,24386,24462,24567,24682,24737,24734,24750,24681,24632,24554,24462,24365,24359
"辑措巩备","55 - 59技",24145,24286,24462,24634,24763,24941,24997,25035,25030,24992,25000,24965,24982,25109,25068,25073,25072,25145,25144,25030,25028,25086,25124,25108
"辑措巩备","60 - 64技",17898,18107,18290,18390,18482,18571,18647,18822,18931,19046,19152,19262,19437,19474,19503,19528,19458,19462,19445,19657,19722,19808,19873,19983
"辑措巩备","65 - 69技",14961,14976,14992,15004,15005,14946,14892,14759,14680,14626,14571,14545,14536,14436,14408,14412,14503,14572,14629,14620,14637,14607,14630,14579
"辑措巩备","100+",203,205,208,210,211,210,208,212,211,217,216,215,219,221,212,211,215,214,215,215,219,222,225,226
"付器备","10 - 14技",15303,15185,15174,15074,15029,15023,14969,14907,14793,14707,14663,14578,14526,14472,14440,14444,14460,14490,14500,14477,14480,14486,14535,14523
"付器备","15 - 19技",19221,19213,19138,19058,18939,18853,18784,18718,18574,18384,18322,18268,18171,18185,18084,18003,17909,17788,17669,17608,17496,17360,17214,17136
"付器备","20 - 24技",26815,26894,26971,27000,26863,26820,26769,26797,26678,26524,26416,26248,26124,26205,26255,26294,26267,26191,26180,26215,26136,25918,25859,25724
"付器备","25 - 29技",31719,31702,31672,31546,31618,31588,31584,31552,31598,31575,31555,31622,31614,31649,31797,31892,31987,32032,32037,32145,32251,32289,32309,32391
"付器备","30 - 34技",37956,37744,37570,37349,37180,36941,36746,36509,36345,36153,36040,35720,35498,35214,34968,34809,34622,34509,34391,34218,34029,33837,33698,33533
"付器备","35 - 39技",34596,34741,34662,34624,34538,34624,34701,34629,34664,34546,34448,34307,34296,34343,34301,34302,34425,34403,34419,34412,34427,34406,34314,34164
"付器备","40 - 44技",35550,35364,35163,35056,34825,34679,34441,34200,33979,33850,33700,33617,33532,33373,33126,33017,32809,32709,32632,32390,32240,32073,31998,31985
"付器备","45 - 49技",31434,31624,31656,31675,31907,32021,32185,32344,32414,32502,32533,32486,32594,32584,32622,32685,32723,32799,32880,32885,32970,33001,33022,33009
"付器备","50 - 54技",28215,28193,28098,27925,27736,27505,27404,27279,27243,27150,27054,27008,26898,26882,26964,26983,26958,26957,26901,26842,26745,26636,26639,26630
"付器备","55 - 59技",26934,26952,27041,27152,27190,27259,27265,27215,27160,27082,27020,26929,26978,27010,26863,26856,26832,26741,26729,26564,26535,26610,26605,26577
"付器备","60 - 64技",19605,19696,19871,19937,20048,20123,20141,20201,20290,20353,20346,20386,20388,20424,20469,20406,20328,20328,20376,20542,20616,20674,20748,20830
"付器备","65 - 69技",15727,15769,15820,15794,15678,15542,15498,15377,15255,15168,15113,15049,15082,15027,15014,15048,15216,15249,15214,15220,15195,15186,15126,15096
"付器备","100+",248,251,253,255,255,259,265,268,271,271,272,279,281,284,279,272,269,270,275,275,276,276,276,276
"剧玫备","10 - 14技",26875,26776,26533,26383,26280,26214,26116,26026,25881,25850,25746,25667,25601,25547,25526,25469,25318,25288,25251,25288,25327,25348,25341,25335
"剧玫备","15 - 19技",36156,35846,35681,35499,35310,35180,35010,34873,34771,34550,34382,34214,34054,33789,33551,33337,33138,32983,32826,32704,32536,32351,32248,32003
"剧玫备","20 - 24技",35387,35165,35149,35142,35086,35049,35008,34893,34794,34617,34441,34199,33965,33700,33625,33640,33598,33566,33570,33452,33382,33320,33166,33050
"剧玫备","25 - 29技",29850,29739,29796,29832,29894,29935,30018,30045,30077,30051,29982,29917,29989,29920,30025,30092,30062,30056,30070,30101,30016,30042,30103,30141
"剧玫备","30 - 34技",34172,34026,33811,33639,33495,33303,33105,33033,32895,32716,32490,32220,31947,31667,31397,31201,31044,30862,30700,30481,30284,30116,29903,29715
"剧玫备","35 - 39技",34909,35044,34955,34892,34951,35132,35331,35373,35442,35407,35302,35167,35339,35530,35529,35598,35575,35592,35608,35592,35536,35500,35371,35202
"剧玫备","40 - 44技",42985,42933,42677,42477,42095,41918,41553,41301,41011,40763,40568,40472,40320,40241,39918,39770,39457,39349,39181,38996,38797,38667,38608,38516
"剧玫备","45 - 49技",47460,47420,47210,47167,47361,47458,47683,47779,47901,47993,47932,47805,47737,47546,47366,47335,47372,47387,47456,47446,47431,47446,47402,47296
"剧玫备","50 - 54技",42143,41967,41950,41801,41571,41398,41190,41068,41031,40926,40823,40796,40749,40632,40742,40749,40651,40494,40409,40293,40223,40047,39931,39859
"剧玫备","55 - 59技",37894,38011,38081,38251,38451,38636,38775,38797,38699,38584,38435,38275,38327,38455,38322,38266,38265,38327,38409,38308,38286,38410,38522,38552
"剧玫备","60 - 64技",26884,27077,27390,27500,27592,27760,27877,28122,28302,28491,28592,28653,28813,28863,28945,28983,28839,28843,28861,29095,29186,29338,29434,29563
"剧玫备","65 - 69技",19036,19069,19062,19115,19136,19167,19176,19176,19151,19151,19130,19119,19195,19221,19370,19461,19748,19826,19897,19941,20015,20091,20143,20192
"剧玫备","100+",131,138,140,140,141,145,146,147,149,149,151,153,155,160,153,153,156,154,154,153,152,153,151,150
"碍辑备","10 - 14技",24044,23839,23773,23730,23626,23569,23463,23407,23295,23202,23212,23090,23059,22987,22911,22836,22795,22825,22823,22846,22923,22928,22966,22956
"碍辑备","15 - 19技",31662,31607,31488,31295,31232,31122,30987,30942,30853,30694,30625,30460,30375,30289,30177,29996,29874,29702,29486,29363,29204,29013,28914,28769
"碍辑备","20 - 24技",40107,39956,40097,40121,40069,40036,39953,39837,39822,39730,39673,39654,39520,39445,39545,39617,39646,39578,39610,39608,39406,39384,39134,38896
"碍辑备","25 - 29技",43836,43805,44077,44199,44360,44465,44559,44957,45185,45377,45531,45771,45998,46141,46573,46696,47061,47520,47722,48012,48264,48440,48667,48899
"碍辑备","30 - 34技",55175,55066,54882,54773,54503,54248,53948,53761,53850,53836,53892,53646,53480,53307,53151,53085,53113,53000,52981,52872,52847,52631,52476,52321
"碍辑备","35 - 39技",51794,52054,52076,52177,52400,52704,52834,53087,53323,53584,53678,53813,54022,54289,54435,54778,55165,55431,55564,55720,55726,55784,55886,55872
"碍辑备","40 - 44技",49727,49655,49558,49526,49313,49072,48819,48739,48556,48474,48542,48599,48571,48484,48374,48347,48266,48372,48359,48181,48129,48104,48051,48069
"碍辑备","45 - 49技",45917,46080,46065,46096,46305,46456,46581,46759,46979,47144,47391,47424,47615,47710,47734,47729,47958,48059,48184,48335,48384,48424,48512,48536
"碍辑备","50 - 54技",45770,45607,45404,45212,44893,44453,44261,44153,44114,44103,44093,44169,44037,43991,44053,44139,43998,43956,43892,43702,43596,43297,43161,43178
"碍辑备","55 - 59技",47766,47960,48237,48457,48731,49029,49092,49122,49056,49094,49096,48985,49129,49252,49114,48985,49024,49084,49097,48892,48812,48969,49072,49016
"碍辑备","60 - 64技",35319,35635,36031,36247,36496,36639,36732,36994,37379,37642,37973,38274,38520,38706,38839,39029,38899,38914,38946,39287,39550,39712,39884,40109
"碍辑备","65 - 69技",26061,26181,26225,26285,26337,26325,26305,26257,26254,26260,26218,26279,26338,26318,26575,26658,27014,27135,27298,27429,27461,27578,27638,27702
"碍辑备","100+",192,191,193,195,193,196,195,196,197,200,201,201,201,199,189,189,189,188,191,189,189,192,191,195
"备肺备","10 - 14技",16039,15935,15873,15809,15791,15751,15750,15603,15563,15429,15410,15331,15205,15109,15097,15062,15095,15080,15069,15108,15111,15169,15159,15171
"备肺备","15 - 19技",20854,20822,20850,20749,20632,20560,20473,20427,20367,20279,20146,20050,19981,19882,19783,19717,19554,19490,19428,19279,19131,19004,18864,18741
"备肺备","20 - 24技",27124,27172,27220,27187,27235,27255,27192,27137,26978,26854,26820,26616,26505,26465,26523,26453,26363,26247,26175,26052,25972,25895,25761,25645
"备肺备","25 - 29技",29791,29719,29826,29848,29920,29926,29931,29960,29921,29962,29879,29824,29838,29769,29810,29849,29827,29918,29878,29829,29829,29848,29875,29929
"备肺备","30 - 34技",38052,37777,37508,37288,36947,36752,36531,36138,35831,35583,35304,35072,34805,34518,34182,34006,33818,33538,33307,33022,32720,32499,32216,31913
"备肺备","35 - 39技",37647,37696,37654,37639,37756,37798,37829,37775,37818,37747,37631,37329,37382,37326,37329,37360,37307,37334,37269,37221,37212,37071,36958,36666
"备肺备","40 - 44技",35966,35784,35671,35612,35412,35288,35117,34885,34743,34593,34567,34591,34547,34457,34254,34162,33988,33856,33837,33641,33452,33409,33348,33241
"备肺备","45 - 49技",32825,32991,32998,32989,33201,33290,33397,33458,33569,33619,33684,33678,33752,33694,33703,33673,33697,33788,33811,33838,33814,33829,33852,33886
"备肺备","50 - 54技",32274,32210,32083,31993,31821,31609,31458,31334,31341,31337,31306,31318,31204,31228,31271,31314,31223,31108,31067,30932,30851,30728,30611,30594
"备肺备","55 - 59技",33862,34046,34165,34096,34259,34450,34555,34531,34427,34361,34329,34282,34332,34417,34275,34220,34231,34235,34255,34027,33996,33981,34002,33993
"备肺备","60 - 64技",26323,26455,26699,26840,26972,27089,27194,27314,27499,27625,27807,27872,28047,28101,28236,28235,28071,28084,28088,28360,28459,28575,28663,28681
"备肺备","65 - 69技",20533,20630,20614,20667,20673,20661,20649,20613,20579,20532,20506,20552,20611,20563,20656,20688,20914,20944,20974,20969,20980,21014,20991,20969
"备肺备","100+",141,142,143,143,143,144,146,143,145,147,148,150,150,152,145,144,145,145,145,146,148,149,149,150
"陛玫备","10 - 14技",8312,8218,8164,8126,8075,8052,8011,7987,7937,7903,7877,7874,7907,7871,7821,7814,7809,7787,7744,7707,7703,7669,7670,7629
"陛玫备","15 - 19技",12235,12145,12071,12000,11957,11892,11865,11764,11680,11600,11536,11543,11501,11425,11361,11285,11195,11129,11086,10997,10876,10808,10740,10636
"陛玫备","20 - 24技",16538,16471,16459,16467,16444,16403,16293,16227,16195,16095,15976,16122,16103,16089,16164,16142,16126,16072,16040,16049,15954,15879,15808,15729
"陛玫备","25 - 29技",18022,18022,18111,18121,18122,18156,18202,18234,18223,18287,18256,18384,18466,18444,18508,18612,18669,18736,18762,18813,18864,18925,18963,19064
"陛玫备","30 - 34技",19675,19609,19515,19418,19352,19184,19125,18960,18836,18740,18687,18822,18753,18738,18663,18690,18696,18642,18600,18556,18428,18380,18369,18282
"陛玫备","35 - 39技",17855,17926,17871,17851,17882,17929,17960,17892,17908,17843,17831,17995,18168,18225,18298,18299,18366,18411,18447,18434,18435,18422,18354,18300
"陛玫备","40 - 44技",18971,18817,18668,18594,18445,18344,18170,18064,17977,17891,17831,17884,17905,17885,17754,17714,17616,17547,17444,17349,17247,17165,17181,17125
"陛玫备","45 - 49技",20463,20466,20334,20310,20354,20370,20444,20450,20442,20426,20431,20495,20549,20448,20420,20348,20389,20403,20384,20347,20339,20331,20362,20233
"陛玫备","50 - 54技",21270,21168,21194,21158,21035,20915,20792,20692,20634,20618,20603,20882,20868,20975,20971,20998,20868,20796,20707,20607,20508,20409,20269,20260
"陛玫备","55 - 59技",20508,20606,20680,20774,20870,21018,21123,21211,21216,21171,21181,21267,21413,21518,21456,21468,21514,21558,21608,21592,21656,21746,21782,21846
"陛玫备","60 - 64技",15137,15262,15440,15512,15566,15616,15693,15780,15846,15974,16034,16199,16255,16306,16369,16372,16320,16341,16331,16434,16520,16601,16686,16758
"陛玫备","65 - 69技",11567,11627,11632,11673,11707,11687,11685,11680,11660,11610,11634,11672,11743,11704,11772,11839,11957,12009,12037,12069,12077,12081,12109,12098
"陛玫备","100+",131,133,134,136,140,141,142,142,144,144,146,147,148,145,144,142,143,142,141,141,139,139,139,140
"康殿器备","10 - 14技",13027,12941,12878,12794,12704,12664,12640,12548,12521,12476,12396,12337,12251,12126,12062,12080,12112,12101,12049,11995,11989,12040,12047,12030
"康殿器备","15 - 19技",17797,17730,17669,17640,17585,17470,17342,17218,17077,16982,16876,16779,16654,16547,16397,16349,16328,16234,16147,16100,15976,15838,15742,15603
"康殿器备","20 - 24技",24526,24469,24496,24442,24413,24287,24151,24056,23854,23676,23493,23337,23307,23258,23321,23272,23333,23311,23294,23267,23189,23123,23068,22917
"康殿器备","25 - 29技",30248,30277,30402,30459,30591,30572,30497,30484,30489,30448,30567,30612,30666,30691,30763,30813,30957,31050,31120,31136,31204,31223,31291,31429
"康殿器备","30 - 34技",36066,35996,35905,35833,35552,35327,35202,35038,34825,34630,34387,34136,33904,33743,33511,33389,33402,33281,33162,33134,33089,33173,33107,33022
"康殿器备","35 - 39技",32203,32342,32289,32277,32341,32443,32476,32435,32387,32361,32262,32051,32076,31932,31820,31920,32145,32262,32315,32326,32515,32603,32655,32490
"康殿器备","40 - 44技",31480,31303,31203,31110,30862,30700,30447,30150,29905,29682,29591,29494,29358,29204,29008,28939,28899,28857,28803,28576,28531,28505,28480,28471
"康殿器备","45 - 49技",30014,30162,30045,30104,30197,30209,30262,30302,30367,30345,30312,30226,30200,30108,30006,30001,30166,30200,30239,30174,30220,30290,30297,30238
"康殿器备","50 - 54技",29727,29571,29516,29325,29141,28840,28655,28510,28350,28256,28149,28128,28025,27980,28079,28145,28157,28078,28010,27889,27807,27672,27585,27591
"康殿器备","55 - 59技",30159,30307,30326,30459,30569,30696,30714,30650,30452,30361,30284,30222,30231,30208,29981,29868,29874,29933,29941,29764,29715,29812,29877,29864
"康殿器备","60 - 64技",22909,23045,23184,23247,23301,23367,23382,23457,23550,23672,23687,23663,23721,23714,23777,23744,23653,23703,23697,23926,23990,24100,24158,24220
"康殿器备","65 - 69技",18295,18307,18313,18308,18300,18227,18151,18026,17909,17796,17790,17748,17797,17693,17637,17702,17913,17975,18029,18105,18107,18103,18086,18043
"康殿器备","100+",220,223,226,226,228,229,228,226,226,227,228,228,230,237,231,233,233,233,237,237,234,233,233,234
"悼累备","10 - 14技",14677,14619,14519,14476,14441,14470,14371,14342,14307,14265,14191,14181,14147,14129,14094,14113,14065,13998,13950,13935,14005,14017,14014,13969
"悼累备","15 - 19技",19561,19617,19656,19567,19496,19417,19374,19384,19276,19102,19009,18866,18727,18828,18800,18705,18588,18535,18388,18300,18165,17997,17883,17778
"悼累备","20 - 24技",29294,29417,29594,29646,29637,29618,29573,29613,29622,29487,29330,29154,29013,29175,29318,29287,29205,29141,29167,29281,29168,28934,28751,28599
"悼累备","25 - 29技",33858,33860,34071,34218,34310,34450,34497,34498,34532,34588,34589,34672,34724,34695,34845,34851,34959,35075,35142,35219,35189,35263,35194,35176
"悼累备","30 - 34技",37028,36850,36680,36606,36490,36357,36153,36004,35861,35853,35726,35429,35257,35017,34679,34473,34265,34083,33979,33890,33766,33616,33452,33137
"悼累备","35 - 39技",33950,33948,33930,33941,34025,34172,34266,34247,34355,34429,34449,34334,34419,34399,34389,34371,34388,34435,34439,34303,34287,34244,34143,33987
"悼累备","40 - 44技",33076,33033,32938,32873,32687,32640,32473,32360,32242,32095,32043,32033,31812,31740,31592,31463,31287,31198,31140,30979,30900,30821,30824,30759
"悼累备","45 - 49技",30599,30706,30735,30839,31079,31215,31338,31457,31584,31717,31752,31765,31912,31814,31780,31875,31899,31994,32016,32038,32001,31994,31911,31918
"悼累备","50 - 54技",29782,29679,29629,29498,29342,29174,29010,28970,29047,29031,28943,28897,28793,28846,28925,28919,28849,28724,28678,28561,28528,28368,28330,28287
"悼累备","55 - 59技",30462,30605,30694,30815,30967,31126,31274,31282,31207,31168,31154,31119,31166,31221,31186,31124,31137,31163,31124,30987,30916,30941,30917,30874
"悼累备","60 - 64技",23401,23522,23705,23801,23928,23999,24119,24275,24456,24608,24723,24721,24811,24837,24810,24830,24695,24663,24721,24982,25164,25289,25336,25421
"悼累备","65 - 69技",19163,19199,19202,19221,19179,19145,19066,18999,18954,18922,18880,18866,18871,18825,18900,18949,19053,19089,19120,19122,19065,19031,19027,18980
"悼累备","100+",227,230,235,235,235,237,240,243,246,248,250,251,253,253,246,245,243,239,239,236,242,244,246,244
"包厩备","10 - 14技",15893,15767,15683,15596,15558,15535,15487,15388,15319,15250,15163,15120,15023,14925,14857,14826,14785,14722,14697,14648,14640,14615,14617,14577
"包厩备","15 - 19技",22545,22578,22569,22430,22289,22144,21956,21805,21718,21587,21395,21254,21171,21283,21225,21088,20932,20842,20753,20667,20477,20268,20003,19788
"包厩备","20 - 24技",39240,39518,40042,40165,40231,40270,40237,40305,40168,39935,39739,39635,39607,39960,40205,40221,40214,40100,39935,39946,39916,39702,39507,39452
"包厩备","25 - 29技",55646,55731,55864,56064,56246,56389,56612,56761,56901,57132,57379,57510,57722,57941,58436,58680,58795,59147,59311,59539,59681,59948,60115,60338
"包厩备","30 - 34技",54726,54520,54123,53856,53655,53369,53159,52805,52486,52175,51873,51521,51260,51086,50731,50491,50283,50102,49914,49717,49507,49295,49202,48985
"包厩备","35 - 39技",43508,43680,43578,43556,43531,43682,43867,43894,43883,43759,43711,43595,43714,43734,43702,43727,43906,43943,43947,43970,43872,43845,43805,43569
"包厩备","40 - 44技",41128,40918,40743,40699,40472,40227,39978,39682,39467,39218,39004,38922,38866,38617,38415,38267,38034,37783,37683,37408,37283,37153,37031,36991
"包厩备","45 - 49技",37181,37383,37444,37398,37582,37684,37788,37943,38061,38209,38329,38271,38285,38201,38216,38224,38311,38344,38369,38423,38459,38459,38451,38347
"包厩备","50 - 54技",35858,35844,35747,35605,35393,35157,35024,34892,34845,34806,34773,34718,34680,34716,34751,34671,34562,34463,34402,34289,34197,34045,33908,33896
"包厩备","55 - 59技",36849,36902,36971,37104,37224,37329,37433,37420,37342,37284,37224,37183,37267,37421,37259,37215,37230,37202,37214,37058,37019,37090,37095,37045
"包厩备","60 - 64技",29442,29616,29964,30041,30121,30242,30336,30498,30659,30789,30834,30809,30741,30721,30645,30620,30456,30439,30393,30641,30756,30844,30910,31047
"包厩备","65 - 69技",24472,24508,24489,24502,24534,24463,24454,24322,24307,24244,24210,24225,24333,24215,24320,24355,24549,24576,24654,24645,24582,24618,24591,24557
"包厩备","100+",245,247,253,254,257,260,264,264,265,269,270,269,270,273,273,268,268,270,270,274,276,275,274,273
"辑檬备","10 - 14技",22792,22748,22675,22573,22579,22506,22483,22437,22440,22473,22489,22519,22491,22534,22461,22450,22469,22456,22450,22495,22545,22575,22630,22640
"辑檬备","15 - 19技",27410,27272,27118,27004,26813,26832,26814,26891,26850,26821,26790,26652,26539,26439,26285,26096,25903,25764,25698,25725,25666,25670,25547,25357
"辑檬备","20 - 24技",28563,28414,28516,28534,28495,28480,28474,28431,28390,28382,28290,28108,27978,27879,27816,27845,27787,27635,27560,27545,27505,27387,27289,27132
"辑檬备","25 - 29技",30783,30728,30896,30870,30926,30910,30964,30956,31084,31099,31136,31164,31235,31158,31168,31105,31155,31185,31203,31263,31253,31296,31235,31335
"辑檬备","30 - 34技",37714,37347,37067,36932,36741,36653,36503,36277,36182,36051,35868,35666,35454,35171,34945,34800,34622,34393,34137,33967,33758,33495,33309,33023
"辑檬备","35 - 39技",38843,38976,38810,38762,38806,38940,38929,38937,39068,39224,39246,39133,39187,39205,39106,39136,39092,39125,39131,39077,38989,38833,38689,38507
"辑檬备","40 - 44技",41974,41888,41777,41699,41507,41409,41213,41129,41088,41041,41006,41001,40959,41025,40748,40547,40372,40182,40001,39883,39796,39724,39645,39572
"辑檬备","45 - 49技",39545,39671,39690,39838,40068,40242,40542,40738,40979,41280,41523,41578,41671,41741,41692,41781,41782,41873,41909,41926,42007,42082,42164,42245
"辑檬备","50 - 54技",32427,32337,32303,32178,32061,31923,31910,31794,31832,31883,31851,31910,31855,31968,32068,32073,32023,31908,31983,31973,31991,31995,31926,31984
"辑檬备","55 - 59技",31008,30992,31019,31137,31205,31449,31524,31528,31567,31534,31504,31467,31439,31423,31272,31221,31128,31029,30962,30829,30704,30727,30719,30639
"辑檬备","60 - 64技",23931,24050,24208,24307,24445,24621,24756,24939,25124,25381,25533,25648,25775,25817,25722,25771,25635,25612,25622,25770,25958,26031,26105,26146
"辑檬备","65 - 69技",18871,18907,18929,18890,18876,18789,18803,18709,18618,18590,18576,18569,18569,18541,18640,18653,18757,18715,18790,18844,18844,18891,18838,18853
"辑檬备","100+",184,183,184,188,187,187,188,190,189,192,194,193,193,191,190,184,185,183,186,188,186,185,181,181
"碍巢备","10 - 14技",27624,27593,27337,27120,27024,27001,27039,26995,26953,26950,26865,26876,26954,27063,26934,26879,26808,26796,26840,26920,26976,27083,27075,27174
"碍巢备","15 - 19技",40063,39780,39432,39219,39058,39038,38904,38940,38793,38659,38476,38220,38036,37569,37189,36989,36847,36801,36750,36860,36627,36371,36167,35779
"碍巢备","20 - 24技",39896,39656,39683,39716,39584,39503,39424,39454,39448,39396,39212,38888,38713,38386,38367,38335,38287,38201,38163,38037,37869,37710,37498,37259
"碍巢备","25 - 29技",43133,42961,42935,42944,42952,42935,42842,42742,42711,42611,42545,42574,42521,42308,42487,42652,42628,42648,42586,42485,42451,42286,42165,42133
"碍巢备","30 - 34技",51694,51364,50951,50561,50167,49773,49477,49140,48760,48454,48105,47580,47249,46950,46512,46260,45966,45610,45388,45090,44698,44378,43915,43516
"碍巢备","35 - 39技",48954,49109,48890,48854,48842,49037,49156,49129,49226,49252,49072,48855,48909,49189,49254,49240,49328,49344,49259,49090,48895,48713,48487,48129
"碍巢备","40 - 44技",50870,50831,50443,50202,49856,49629,49341,49134,48884,48646,48535,48581,48556,48648,48339,48200,47885,47749,47596,47423,47325,47252,47111,47126
"碍巢备","45 - 49技",53500,53683,53559,53628,53863,54121,54413,54506,54658,54858,54987,55010,55233,55166,55047,54960,55067,55084,55186,55190,55179,55158,55083,54967
"碍巢备","50 - 54技",44698,44530,44259,44043,43818,43602,43391,43345,43358,43338,43256,43181,43159,43074,43157,43265,43237,43231,43275,43221,43095,42984,42879,42895
"碍巢备","55 - 59技",39588,39585,39584,39556,39609,39819,39872,39831,39738,39716,39578,39428,39394,39413,39186,39025,38945,38878,38812,38527,38380,38348,38207,38088
"碍巢备","60 - 64技",30717,30856,31110,31242,31429,31524,31676,31914,32141,32360,32488,32626,32727,32746,32748,32741,32561,32537,32515,32698,32757,32711,32764,32735
"碍巢备","65 - 69技",23587,23646,23671,23590,23527,23471,23370,23173,23094,22988,22925,22899,23038,23028,23229,23265,23482,23561,23611,23634,23659,23692,23659,23691
"碍巢备","100+",218,224,222,224,225,226,226,228,229,233,235,237,244,248,229,228,229,228,226,232,230,229,230,234
"价颇备","10 - 14技",30504,30177,30003,29843,29721,29627,29489,29410,29367,29333,29235,29157,29128,29214,29120,29062,29004,28973,29015,29093,29213,29279,29361,29390
"价颇备","15 - 19技",40031,39717,39491,39348,39138,39019,38888,38679,38440,38276,38143,37966,37840,37704,37464,37223,37058,36880,36784,36690,36572,36405,36219,36089
"价颇备","20 - 24技",45031,44798,44813,44757,44701,44584,44556,44488,44451,44412,44379,44255,44158,43938,43902,43864,43878,43922,43874,43821,43647,43613,43465,43494
"价颇备","25 - 29技",48336,48051,48050,48011,47919,47898,47834,47796,47865,48198,48466,48619,48749,48755,49095,49191,49454,49626,49826,49971,50025,50152,50330,50553
"价颇备","30 - 34技",58213,57744,57304,57086,56802,56590,56438,56227,56054,56132,56280,56183,56203,56327,56122,56036,55958,55848,55739,55603,55343,55248,55153,54883
"价颇备","35 - 39技",55965,56097,56015,56001,56176,56393,56642,56690,56889,57102,57225,57186,57645,58177,58198,58333,58560,58774,58875,58965,59056,59336,59388,59420
"价颇备","40 - 44技",57349,57011,56698,56509,56050,55754,55392,55153,54912,54800,54798,54982,54943,55059,54869,54652,54378,54298,54140,53911,53664,53682,53712,53827
"价颇备","45 - 49技",56073,56211,56103,56137,56375,56590,56875,57069,57219,57480,57680,57624,57768,57793,57737,57720,57898,58043,58189,58334,58384,58427,58493,58525
"价颇备","50 - 54技",52483,52243,52084,51881,51561,51239,51047,50899,50878,50834,50818,50870,50747,50747,50819,50803,50636,50566,50476,50469,50434,50334,50329,50466
"价颇备","55 - 59技",51865,51819,51914,52054,52328,52604,52785,52821,52807,52817,52806,52838,52844,52945,52657,52549,52579,52577,52682,52442,52348,52518,52650,52630
"价颇备","60 - 64技",38805,39053,39400,39596,39777,39981,40219,40503,40791,41118,41426,41539,41834,41875,42038,42055,41895,41921,41932,42326,42537,42833,43159,43412
"价颇备","65 - 69技",27036,27153,27111,27093,27081,27135,27136,27048,27043,27056,27066,27064,27202,27230,27445,27586,27967,28133,28311,28498,28694,28854,29029,29088
"价颇备","100+",202,202,203,207,208,210,212,210,213,216,218,222,226,222,215,217,218,219,218,220,221,224,221,226
"碍悼备","10 - 14技",19370,19251,19133,19019,18909,18796,18701,18561,18484,18356,18277,18175,18172,18301,18254,18244,18192,18222,18173,18139,18162,18135,18041,18026
"碍悼备","15 - 19技",27184,26975,26795,26650,26412,26246,26121,25905,25747,25525,25398,25223,25118,25099,24999,24843,24748,24602,24419,24200,23915,23683,23495,23239
"碍悼备","20 - 24技",31880,31701,31624,31451,31250,31115,30954,30852,30801,30631,30497,30239,30212,30195,30203,30167,30116,29933,29757,29510,29240,28949,28558,28285
"碍悼备","25 - 29技",32199,32063,32002,31974,31881,31722,31703,31736,31743,31670,31658,31645,31740,31863,32158,32190,32234,32279,32171,32063,31841,31689,31506,31568
"碍悼备","30 - 34技",37880,37541,37127,36867,36515,36244,35975,35682,35521,35324,35038,34739,34621,34752,34697,34597,34430,34226,33931,33666,33331,33096,32798,32456
"碍悼备","35 - 39技",36810,36850,36726,36721,36769,36864,36973,36852,36837,36729,36693,36608,36842,37404,37692,37903,38071,38212,38156,38037,37892,37683,37444,37231
"碍悼备","40 - 44技",37370,37109,36922,36742,36337,36079,35821,35533,35363,35123,35020,34969,34975,35250,35143,35075,34927,34862,34699,34519,34314,34155,34010,33951
"碍悼备","45 - 49技",38494,38510,38298,38197,38294,38327,38403,38358,38349,38273,38258,38119,38210,38309,38226,38168,38306,38348,38341,38188,38098,38006,37733,37572
"碍悼备","50 - 54技",38652,38475,38201,37967,37536,37045,36744,36553,36432,36364,36217,36174,36117,36278,36349,36446,36330,36098,35805,35463,35094,34666,34357,34293
"碍悼备","55 - 59技",39866,39929,40011,40000,39926,40078,40162,40089,40005,39768,39660,39566,39654,39858,39829,39730,39806,39729,39676,39303,39017,38890,38712,38508
"碍悼备","60 - 64技",29290,29500,29745,29841,29888,29948,30061,30222,30430,30572,30686,30821,31084,31247,31427,31548,31423,31438,31247,31403,31280,31220,31163,31146
"碍悼备","65 - 69技",20603,20612,20644,20652,20663,20604,20573,20440,20376,20364,20337,20287,20445,20526,20694,20842,21139,21221,21313,21325,21322,21313,21243,21282
"碍悼备","100+",189,190,191,192,192,192,196,197,198,201,204,204,207,206,201,201,203,201,202,201,205,204,205,206
