날짜,평균풍속,평균풍향,최대풍속,최대풍향,순간최고풍속,순간최고풍향,기온평균,기온최저,기온최고,강수일강수,습도평균,습도최저,습도최고
2016-01-01,0.8,233,2.7,254,3.0,258,1.5,-2.6,4.0,0.0,NaN,NaN,NaN
2016-01-02,1.1,226,2.9,251,3.3,235,5.6,2.4,9.2,0.0,NaN,NaN,NaN
2016-01-03,1.3,255,5.0,290,5.7,306,6.4,4.2,8.8,0.0,NaN,NaN,NaN
2016-01-04,3.2,286,6.1,305,7.5,296,1.2,-3.3,4.3,0.0,NaN,NaN,NaN
2016-01-05,2.4,321,5.5,302,6.3,348,-3.6,-5.1,0.3,0.0,NaN,NaN,NaN
2016-01-06,2.0,294,6.0,304,6.8,300,-1.7,-4.0,0.9,0.0,NaN,NaN,NaN
2016-01-07,2.8,284,5.9,321,6.9,300,-3.8,-6.0,0.2,0.0,NaN,NaN,NaN
2016-01-08,3.2,298,7.2,303,8.2,311,-2.3,-5.3,-0.2,0.0,NaN,NaN,NaN
2016-01-09,2.3,281,5.3,272,6.9,251,-2.7,-5.1,1.1,0.0,NaN,NaN,NaN
2016-01-10,2.9,294,6.9,5,8.0,337,-0.1,-3.0,3.4,0.0,NaN,NaN,NaN
2016-01-11,2.6,293,6.7,332,7.5,350,-3.9,-6.8,-0.1,0.0,NaN,NaN,NaN
2016-01-12,1.9,274,5.9,298,6.9,283,-5.4,-8.6,-0.5,0.0,NaN,NaN,NaN
2016-01-13,2.2,288,8.1,320,9.0,311,-4.9,-8.0,-0.3,0.5,NaN,NaN,NaN
2016-01-14,1.5,279,6.8,348,7.6,3,-4.3,-7.9,0.4,0.0,NaN,NaN,NaN
2016-01-15,2.1,56,4.4,55,4.9,56,-0.8,-3.8,3.6,0.0,NaN,NaN,NaN
2016-01-16,3.9,81,6.1,77,6.5,69,-0.9,-2.5,1.7,0.0,NaN,NaN,NaN
2016-01-17,3.5,75,7.0,75,7.4,75,1.1,-1.3,4.5,0.0,NaN,NaN,NaN
2016-01-18,4.9,279,11.4,287,13.8,290,-6.4,-13.3,2.0,0.0,NaN,NaN,NaN
2016-01-19,5.7,281,11.4,288,14.6,290,-13.6,-16.0,-9.5,0.0,NaN,NaN,NaN
2016-01-20,2.0,294,5.7,340,7.0,346,-11.1,-14.5,-6.3,0.0,NaN,NaN,NaN
2016-01-21,1.7,290,5.4,302,6.0,305,-7.3,-10.0,-3.7,0.0,NaN,NaN,NaN
2016-01-22,2.5,290,8.6,302,10.5,294,-8.1,-10.7,-4.7,0.0,NaN,NaN,NaN
2016-01-23,4.5,299,9.8,288,12.8,304,-11.9,-16.8,-9.0,0.0,NaN,NaN,NaN
2016-01-24,3.5,292,7.8,295,9.2,313,-15.4,-18.9,-11.1,0.0,NaN,NaN,NaN
2016-01-25,2.1,281,5.4,294,6.1,283,-10.1,-14.3,-4.5,0.0,NaN,NaN,NaN
2016-01-26,2.0,146,4.9,260,6.8,259,-4.8,-8.2,0.6,0.0,NaN,NaN,NaN
2016-01-27,2.1,279,5.6,305,6.1,309,-1.0,-3.7,3.5,0.0,NaN,NaN,NaN
2016-01-28,2.4,67,5.7,57,6.3,53,-0.8,-4.9,2.2,0.0,NaN,NaN,NaN
2016-01-29,3.5,60,6.1,65,6.9,83,1.6,-1.3,4.3,0.0,NaN,NaN,NaN
2016-01-30,2.7,315,5.5,290,6.6,272,0.7,-2.7,4.3,0.0,NaN,NaN,NaN
2016-01-31,3.1,277,6.3,295,7.3,303,-4.4,-7.4,-0.1,0.0,NaN,NaN,NaN
2016-02-01,2.2,274,5.8,219,6.1,217,-4.2,-6.9,-1.2,0.0,33.4,20.8,46.0
2016-02-02,2.1,241,5.0,227,5.9,225,-1.3,-8.0,1.1,0.0,37.3,29.0,52.4
2016-02-03,1.6,314,5.8,225,7.0,211,-1.7,-7.1,3.9,0.0,52.4,36.7,66.1
2016-02-04,2.0,282,6.3,224,8.8,228,0.8,-2.8,5.1,0.0,54.1,23.4,74.8
2016-02-05,1.9,274,6.4,222,8.6,217,-0.7,-5.2,3.8,0.0,40.6,22.9,61.6
2016-02-06,2.0,289,6.5,229,8.4,228,-0.9,-3.6,2.0,0.0,39.9,29.9,54.7
2016-02-07,1.7,271,5.5,226,6.9,225,-1.5,-6.9,3.1,0.0,46.5,25.3,65.5
2016-02-08,2.3,285,8.8,235,11.5,231,2.0,-3.4,6.7,0.0,62.2,48.0,70.1
2016-02-09,2.7,243,7.2,285,9.8,267,2.2,-1.3,6.1,0.0,51.9,31.9,66.3
2016-02-10,1.4,3,3.2,21,4.2,3,3.3,-3.0,10.8,0.0,45.1,21.0,66.2
2016-02-11,1.9,23,3.9,102,5.8,93,8.0,1.0,14.2,0.0,36.8,24.3,70.3
2016-02-12,1.6,0,3.8,114,5.5,23,9.1,7.5,10.6,17.0,93.2,64.4,99.9
2016-02-13,1.8,355,8.8,236,11.4,242,12.1,7.2,15.0,20.5,95.8,85.3,99.9
2016-02-14,4.2,242,8.5,230,11.9,217,-0.4,-5.2,7.3,0.5,76.8,57.0,98.3
2016-02-15,2.8,257,9.1,225,12.3,208,-4.7,-8.4,-1.2,0.0,50.3,33.9,78.6
2016-02-16,2.1,248,7.9,226,10.8,225,-1.2,-4.9,2.4,1.0,68.0,52.7,92.6
2016-02-17,1.9,268,7.5,228,9.6,225,1.0,-4.6,5.5,0.0,57.4,35.5,78.3
2016-02-18,1.9,181,7.5,235,10.3,219,4.8,0.0,9.0,0.0,68.0,53.1,78.5
2016-02-19,1.4,261,5.9,228,8.0,211,4.5,2.1,6.3,0.0,58.9,37.0,87.1
2016-02-20,2.2,328,6.8,267,9.9,270,3.3,-0.4,8.0,0.0,40.6,23.3,56.3
2016-02-21,2.4,260,8.1,232,9.9,290,0.9,-1.5,4.5,0.0,37.6,24.7,53.6
2016-02-22,1.5,358,4.6,232,5.5,239,2.4,-0.7,5.4,0.0,37.5,25.4,73.3
2016-02-23,2.3,275,8.2,223,12.9,205,2.2,-2.3,6.1,0.0,58.8,28.8,87.7
2016-02-24,2.2,271,6.4,233,8.4,239,-1.4,-4.2,2.3,0.0,43.9,27.3,53.7
2016-02-25,2.8,260,9.0,228,13.0,228,0.9,-4.5,6.0,0.0,49.0,35.0,72.0
2016-02-26,1.8,246,7.4,241,9.9,239,3.4,-0.9,7.5,0.0,40.8,20.2,71.5
2016-02-27,1.9,248,5.8,227,7.5,222,4.7,2.1,8.2,0.0,62.4,32.2,89.9
2016-02-28,2.1,345,7.1,30,8.8,357,2.1,-0.2,7.4,2.0,68.2,39.3,98.9
2016-02-29,2.8,266,7.1,222,11.0,208,-2.0,-3.5,0.1,0.0,49.9,37.8,66.0
2016-03-01,2.2,246,6.4,228,8.6,217,-1.4,-5.0,2.5,0.0,45.8,29.1,69.8
2016-03-02,1.9,168,7.3,231,10.9,231,4.0,-0.4,12.3,0.0,68.5,42.9,80.7
2016-03-03,1.6,107,5.5,118,6.7,124,8.6,5.7,13.2,0.0,67.8,50.9,82.0
2016-03-04,1.8,56,4.2,119,6.2,59,13.0,6.6,19.5,0.0,60.7,42.2,80.2
2016-03-05,1.6,120,6.4,273,9.5,307,12.8,10.9,14.8,33.0,90.6,74.3,99.7
2016-03-06,2.3,305,6.7,10,8.5,23,9.7,6.7,13.8,0.0,58.0,23.7,99.6
2016-03-07,1.5,334,4.8,2,5.6,0,9.3,5.9,13.2,0.0,42.5,34.2,54.1
2016-03-08,2.6,275,6.3,225,8.5,222,5.0,0.5,8.9,0.0,36.8,23.6,56.0
2016-03-09,2.8,330,6.3,219,10.6,245,1.9,-1.0,7.2,0.0,40.2,19.1,53.1
2016-03-10,2.2,291,6.7,272,8.8,250,0.7,-1.7,5.1,0.0,37.5,22.0,52.5
2016-03-11,2.4,278,7.6,213,9.3,231,0.9,-2.3,5.3,0.0,43.5,26.5,55.2
2016-03-12,2.1,243,6.8,230,8.3,225,3.2,-1.6,7.0,0.0,58.3,44.9,69.9
2016-03-13,1.1,337,3.8,243,5.0,245,5.0,3.4,7.2,0.0,68.8,59.5,87.4
2016-03-14,1.5,312,4.8,227,6.3,23,6.1,3.3,9.9,0.0,60.2,38.5,87.2
2016-03-15,2.1,250,5.8,223,7.5,217,6.6,1.1,12.8,0.0,43.5,20.9,66.0
2016-03-16,2.0,255,7.0,229,8.8,228,8.8,4.4,13.8,0.0,48.5,23.0,78.6
2016-03-17,1.3,337,3.9,119,5.0,115,9.8,3.5,15.2,0.0,43.5,19.3,59.6
2016-03-18,1.5,346,4.7,232,6.7,203,13.6,9.3,19.8,0.0,53.6,38.3,67.3
2016-03-19,2.5,298,6.5,226,8.8,208,12.9,9.1,17.9,0.0,59.0,39.7,78.0
2016-03-20,1.8,177,5.1,231,6.3,217,11.4,6.8,16.6,0.0,55.4,35.9,77.4
2016-03-21,2.0,271,6.8,225,9.1,231,11.2,7.3,16.4,0.0,56.0,35.3,73.4
2016-03-22,2.4,230,7.0,228,9.1,217,9.4,5.4,14.1,0.0,56.1,21.9,82.3
2016-03-23,2.3,310,7.6,230,10.7,236,9.3,6.1,13.5,0.0,53.3,28.4,82.8
2016-03-24,2.2,343,6.3,224,8.7,217,8.2,4.4,12.7,0.0,39.3,24.9,57.3
2016-03-25,2.0,212,5.5,121,7.6,124,8.0,4.1,12.4,0.0,48.3,31.5,69.7
2016-03-26,2.0,258,6.6,224,8.8,225,7.6,2.6,13.0,0.0,52.8,28.4,76.2
2016-03-27,2.4,247,8.1,227,10.6,217,8.1,3.2,13.6,0.0,51.3,24.1,76.5
2016-03-28,1.7,258,5.6,235,7.6,236,10.3,3.5,17.2,0.0,48.3,22.9,78.2
2016-03-29,2.4,186,8.5,234,12.5,242,12.7,9.7,18.1,0.0,57.7,37.8,78.4
2016-03-30,2.1,239,7.3,227,9.3,222,12.7,8.7,18.5,0.0,53.0,22.1,83.5
2016-03-31,1.8,307,5.7,231,7.4,236,14.3,7.5,21.7,0.0,32.2,18.5,49.1
2016-04-01,1.8,295,6.0,229,7.8,231,16.4,9.1,23.8,0.0,31.8,18.2,47.7
2016-04-02,2.1,264,7.5,231,11.2,231,16.1,11.0,22.4,0.0,41.9,25.7,70.7
2016-04-03,1.9,6,6.6,9,8.8,23,12.2,9.9,14.1,2.0,76.2,65.8,88.8
2016-04-04,2.0,325,5.8,221,8.4,222,13.1,7.2,20.1,0.0,48.5,17.2,86.5
2016-04-05,2.3,225,7.3,225,9.9,242,13.0,8.2,18.5,0.0,43.5,20.4,65.8
2016-04-06,1.5,3,6.7,232,9.5,236,15.3,8.7,23.4,2.5,43.7,18.3,86.7
2016-04-07,2.5,310,7.3,222,9.9,194,15.3,11.0,21.6,8.0,71.5,37.7,96.3
2016-04-08,2.4,223,8.0,229,11.2,214,12.7,9.6,19.8,0.0,75.1,42.7,91.2
2016-04-09,1.5,230,4.5,231,5.8,242,12.1,8.9,15.5,0.0,83.3,76.0,88.5
2016-04-10,2.1,264,7.6,228,9.8,222,15.1,11.1,21.3,0.0,73.3,48.6,88.3
2016-04-11,2.1,36,6.0,44,7.9,17,13.2,7.6,19.3,0.0,46.3,22.0,66.1
2016-04-12,1.9,166,5.4,223,8.3,205,14.9,10.7,20.0,0.0,48.4,30.5,61.8
2016-04-13,1.5,28,5.1,225,6.5,228,16.2,11.8,21.7,0.0,66.7,47.4,91.8
2016-04-14,2.3,234,7.2,234,9.1,228,14.4,10.8,19.5,0.0,74.0,48.5,92.8
2016-04-15,2.2,273,6.9,233,9.0,219,16.2,10.3,23.9,0.0,49.3,26.8,85.1
2016-04-16,2.4,60,8.2,72,10.9,76,16.0,10.8,21.7,23.5,59.7,33.1,96.4
2016-04-17,4.3,238,13.0,232,17.5,211,12.6,10.0,15.4,17.0,69.3,35.0,99.4
2016-04-18,2.5,229,9.6,235,12.4,245,12.6,8.4,20.0,2.0,64.2,24.0,90.2
2016-04-19,2.1,231,7.2,232,9.1,214,13.3,8.2,20.1,0.0,57.1,29.3,83.4
2016-04-20,1.6,70,5.7,237,9.2,256,15.5,11.2,20.8,0.0,56.4,30.2,71.6
2016-04-21,2.0,13,4.8,61,5.9,73,14.4,11.3,18.6,19.0,87.7,62.2,97.2
2016-04-22,2.4,223,7.3,222,10.8,225,15.3,11.8,21.5,0.0,81.3,62.3,91.0
2016-04-23,2.0,273,6.6,225,8.8,217,14.7,10.1,20.6,0.0,54.3,15.0,89.1
2016-04-24,1.7,353,5.5,227,7.8,205,16.4,9.3,24.1,0.0,40.0,16.7,66.9
2016-04-25,1.9,304,6.4,227,8.1,233,18.3,11.4,25.8,0.0,40.6,18.1,65.5
2016-04-26,1.9,10,5.4,68,7.6,115,21.4,13.7,29.8,0.0,40.5,23.1,59.8
2016-04-27,3.2,55,7.2,79,10.0,68,18.3,16.1,20.7,0.0,34.9,28.6,40.4
2016-04-28,1.9,17,5.6,229,7.6,228,18.1,13.6,23.5,0.0,37.6,25.8,48.1
2016-04-29,2.1,167,7.3,230,8.7,236,17.6,13.8,22.8,0.0,45.6,35.1,67.8
2016-04-30,2.1,209,7.5,235,10.3,239,17.4,13.0,22.3,0.0,50.9,37.4,69.3
2016-05-01,1.8,255,6.8,230,9.4,239,19.7,13.7,27.1,0.0,43.8,18.5,69.3
2016-05-02,1.7,85,6.3,109,9.9,132,21.9,18.1,28.9,17.5,64.2,38.1,98.3
2016-05-03,3.8,195,11.1,230,15.6,203,14.6,9.8,19.0,28.0,89.4,74.1,96.6
2016-05-04,5.3,237,13.3,228,17.4,239,16.6,11.6,21.0,0.0,48.8,32.0,74.8
2016-05-05,1.5,40,5.4,116,7.0,104,19.2,11.6,26.9,5.5,49.9,22.6,92.4
2016-05-06,1.3,254,5.1,237,6.5,236,16.9,13.9,19.6,8.0,93.4,79.0,99.4
2016-05-07,2.0,250,6.9,221,9.6,225,17.5,11.8,23.6,0.0,63.0,34.0,92.6
2016-05-08,2.0,17,6.4,232,8.6,225,20.1,13.0,27.3,0.0,50.1,26.5,83.2
2016-05-09,1.8,340,4.8,225,6.6,222,21.1,17.3,26.0,0.0,44.1,17.8,57.6
2016-05-10,2.5,20,5.8,64,7.3,48,15.8,14.2,19.6,12.5,78.9,56.0,92.9
2016-05-11,2.1,292,6.3,226,8.8,236,17.7,12.6,24.1,0.0,61.3,41.3,83.1
2016-05-12,2.3,250,7.5,227,9.7,250,19.2,13.7,25.4,0.0,60.2,36.8,80.1
2016-05-13,2.0,258,6.2,225,8.3,250,19.1,13.6,26.2,0.0,60.1,31.7,95.2
2016-05-14,2.0,40,6.8,228,8.7,228,21.2,16.7,27.4,0.0,50.2,24.8,73.5
2016-05-15,2.4,224,8.0,229,10.7,222,18.9,13.6,25.3,33.5,71.6,41.2,98.1
2016-05-16,2.9,242,8.9,223,13.2,217,17.0,11.7,22.7,3.0,57.0,23.3,94.1
2016-05-17,1.7,267,5.5,224,7.7,225,19.9,12.0,27.3,0.0,51.6,28.4,79.8
2016-05-18,1.5,342,4.4,249,6.2,250,23.0,15.0,30.7,0.0,44.5,20.2,73.2
2016-05-19,1.5,359,4.7,3,6.8,270,24.9,17.3,32.8,0.0,41.1,16.9,71.0
2016-05-20,1.7,6,5.4,228,7.1,217,25.2,18.4,32.1,0.0,35.3,12.5,53.0
2016-05-21,2.0,38,5.1,112,6.9,113,24.9,18.6,31.1,0.0,27.7,14.8,46.8
2016-05-22,1.8,25,5.5,112,6.7,127,25.2,18.8,32.0,0.0,40.1,18.5,57.0
2016-05-23,1.9,334,6.5,229,8.3,219,24.2,19.7,30.2,0.0,46.1,29.4,59.9
2016-05-24,1.8,218,5.8,224,7.9,217,18.2,16.5,23.6,32.0,81.2,47.7,99.0
2016-05-25,1.9,196,5.9,234,8.1,239,20.6,16.5,25.8,0.0,68.8,47.4,83.1
2016-05-26,1.5,238,5.1,220,6.7,214,20.8,19.3,24.0,0.0,70.2,56.3,79.0
2016-05-27,1.8,304,5.5,221,7.2,219,21.5,15.6,27.7,0.0,65.3,34.1,93.1
2016-05-28,2.0,230,6.8,223,8.4,231,23.2,18.9,29.0,0.0,56.0,39.3,76.6
2016-05-29,1.8,287,6.9,228,9.0,228,22.8,18.7,28.6,0.0,57.2,35.7,75.5
2016-05-30,1.9,270,6.9,223,8.6,208,23.4,18.1,29.4,0.0,56.9,30.1,79.3
2016-05-31,2.3,236,6.9,227,8.5,217,22.7,18.8,28.6,0.0,64.3,41.0,81.8
2016-06-01,2.4,35,5.4,54,8.0,186,24.1,18.1,29.7,0.0,48.6,27.4,85.2
2016-06-02,2.2,306,7.2,230,8.7,222,24.3,18.7,29.5,0.0,40.7,30.7,56.7
2016-06-03,1.9,253,5.8,224,8.1,219,23.6,19.2,28.3,0.0,47.2,33.1,69.9
2016-06-04,1.6,342,6.2,229,8.8,211,22.4,19.3,27.0,0.0,53.3,35.6,67.8
2016-06-05,1.7,41,4.4,225,6.6,141,25.1,18.7,32.1,0.0,51.8,26.4,78.0
2016-06-06,2.1,121,6.5,119,7.7,127,24.3,21.8,28.3,0.0,51.3,37.4,71.6
2016-06-07,1.8,307,5.7,232,7.2,217,22.7,20.3,26.8,0.0,69.2,53.6,84.1
2016-06-08,2.0,236,6.3,221,7.9,217,22.7,19.0,27.9,0.0,66.8,47.1,85.5
2016-06-09,1.8,275,5.4,227,7.4,217,24.7,19.1,31.1,0.0,62.0,39.0,84.3
2016-06-10,2.0,274,6.0,225,9.0,217,25.5,21.2,32.0,0.0,61.6,41.3,78.1
2016-06-11,1.3,242,4.8,222,6.1,222,24.2,22.1,27.0,5.5,74.9,59.7,95.9
2016-06-12,1.6,234,4.6,236,6.2,222,24.5,21.2,27.9,0.0,80.7,62.8,97.6
2016-06-13,1.8,243,4.7,222,6.1,231,24.5,20.5,30.2,0.0,71.5,49.6,87.3
2016-06-14,1.8,211,5.5,234,7.8,200,24.6,21.0,29.7,0.0,64.6,48.8,81.9
2016-06-15,1.7,129,6.8,242,9.9,225,21.4,17.3,25.2,26.0,82.6,61.0,97.2
2016-06-16,2.2,242,6.9,223,9.1,211,21.7,19.7,25.2,0.0,74.9,58.9,89.8
2016-06-17,1.6,200,5.9,225,7.4,225,24.3,19.4,29.9,0.0,66.5,46.9,86.6
2016-06-18,1.7,259,6.5,225,8.6,233,25.5,21.2,31.0,0.0,60.0,43.5,80.5
2016-06-19,2.0,297,7.3,223,9.5,236,24.8,21.4,29.2,0.0,65.5,50.2,77.6
2016-06-20,1.7,8,4.7,7,5.6,11,25.4,20.7,30.3,0.0,66.3,47.2,86.9
2016-06-21,1.5,0,5.3,232,6.7,267,26.8,21.9,32.8,0.0,64.1,39.9,80.5
2016-06-22,1.9,24,6.0,7,9.3,8,25.3,22.4,31.2,9.5,76.5,52.3,93.9
2016-06-23,1.8,321,5.9,281,7.9,228,25.3,20.3,30.4,0.0,72.5,54.5,88.5
2016-06-24,2.0,304,6.1,222,8.4,217,24.0,21.9,26.6,3.0,77.9,58.8,95.3
2016-06-25,2.5,247,7.3,284,10.9,222,23.6,19.9,27.0,0.0,65.6,47.7,86.2
2016-06-26,2.3,250,6.9,233,9.0,228,25.4,20.2,31.6,0.0,60.1,33.0,83.4
2016-06-27,1.6,346,4.2,3,5.7,214,25.3,21.2,29.3,0.0,59.7,39.6,76.5
2016-06-28,1.7,252,5.0,224,6.5,217,25.7,20.9,30.9,0.0,60.5,37.1,86.3
2016-06-29,2.0,193,6.0,121,7.4,121,26.2,22.4,31.0,0.0,59.5,43.9,78.1
2016-06-30,1.7,233,6.0,233,8.3,231,25.4,22.8,28.6,0.5,79.9,64.7,93.6
2016-07-01,1.6,131,8.1,248,12.4,250,24.8,22.1,28.2,110.0,88.6,69.6,99.1
2016-07-02,1.7,248,5.5,228,7.4,205,24.3,20.8,28.8,5.0,82.2,59.7,99.1
2016-07-03,1.4,174,4.1,121,5.2,107,24.5,21.7,27.5,0.0,72.0,52.4,88.2
2016-07-04,2.4,39,7.0,67,8.9,70,22.2,20.5,25.0,33.5,86.9,68.9,98.0
2016-07-05,1.9,314,6.2,240,9.0,233,23.1,20.2,26.0,104.0,97.4,94.3,99.1
2016-07-06,1.4,262,4.6,233,5.6,242,23.9,20.0,28.5,0.0,77.4,57.9,99.0
2016-07-07,1.3,294,3.4,112,4.3,284,24.8,21.0,29.4,0.0,74.1,54.8,90.9
2016-07-08,1.4,354,4.1,8,5.1,11,27.8,21.9,34.0,0.0,67.9,44.4,90.8
2016-07-09,1.8,304,6.4,221,7.7,222,28.8,24.2,34.1,0.0,67.3,42.3,90.0
2016-07-10,1.5,265,5.1,222,7.0,222,29.0,24.1,34.5,0.0,67.0,45.6,87.8
2016-07-11,1.3,359,4.5,246,7.0,118,29.2,25.0,35.5,6.5,70.2,35.9,93.5
2016-07-12,1.8,229,5.3,218,7.8,225,26.8,23.5,31.4,0.5,73.9,53.4,94.7
2016-07-13,1.9,256,5.3,217,7.1,219,27.1,23.6,30.4,0.0,69.2,57.2,82.9
2016-07-14,2.0,105,6.0,49,8.1,127,27.9,24.1,32.0,1.0,68.8,47.9,94.6
2016-07-15,2.2,76,5.1,70,7.0,115,26.9,24.2,29.5,0.5,61.3,53.7,79.3
2016-07-16,2.9,66,7.2,69,9.6,84,21.4,20.0,24.2,39.5,92.2,79.3,97.9
2016-07-17,1.4,230,4.4,120,7.6,233,22.4,20.9,24.2,2.0,86.1,76.6,97.9
2016-07-18,1.3,225,4.2,285,5.3,211,24.6,20.3,28.6,0.0,77.0,61.6,96.3
2016-07-19,1.8,53,4.7,121,6.1,115,27.2,21.4,32.7,0.0,70.4,44.3,93.9
2016-07-20,2.1,73,4.8,122,6.9,132,28.9,24.6,33.7,0.0,65.5,45.5,79.9
2016-07-21,2.1,90,4.5,120,6.4,141,28.4,25.4,32.8,0.0,66.1,51.4,75.3
2016-07-22,1.9,100,5.4,119,8.1,124,29.8,26.1,34.4,0.0,65.4,50.9,76.0
2016-07-23,1.5,79,4.4,122,6.1,267,29.4,27.2,31.9,0.0,72.2,61.7,93.0
2016-07-24,1.3,260,4.0,245,5.1,242,28.7,27.3,31.0,1.0,80.6,70.9,90.8
2016-07-25,1.3,257,4.4,219,5.7,214,29.1,27.1,32.2,0.0,77.4,63.1,87.1
2016-07-26,1.9,227,7.1,234,8.7,225,29.0,26.0,33.1,0.0,72.3,57.2,86.4
2016-07-27,1.3,226,4.9,231,8.7,236,28.4,27.3,30.2,1.0,77.8,68.9,87.6
2016-07-28,2.1,224,7.2,241,9.5,250,28.8,26.4,31.8,0.0,72.7,46.8,91.9
2016-07-29,1.5,40,4.7,265,6.2,127,26.7,23.2,29.9,40.0,85.9,72.6,98.9
2016-07-30,1.3,259,4.7,226,6.2,228,29.5,26.3,34.5,2.0,76.8,47.5,97.8
2016-07-31,1.9,349,6.6,226,9.0,225,29.7,26.6,34.1,0.0,73.8,49.5,90.6
2016-08-01,1.8,17,5.8,5,7.2,6,28.6,26.0,32.9,0.0,74.3,53.3,87.2
2016-08-02,1.5,16,6.4,235,8.8,211,28.1,25.4,32.5,0.0,74.3,56.6,89.2
2016-08-03,1.6,346,3.8,230,4.8,228,29.6,24.8,34.4,0.0,67.9,49.4,87.2
2016-08-04,1.9,56,4.8,34,6.2,129,31.3,27.2,35.9,0.0,64.1,41.0,84.2
2016-08-05,1.8,37,4.5,66,6.1,343,31.9,27.0,37.3,0.0,60.3,36.9,77.9
2016-08-06,1.7,342,4.3,241,6.1,127,31.4,27.3,35.5,0.0,66.5,51.2,81.5
2016-08-07,1.9,257,5.6,237,7.1,222,31.7,28.3,35.7,0.0,60.2,43.7,83.0
2016-08-08,1.8,356,4.8,6,6.5,315,31.1,27.4,35.7,0.0,66.1,47.0,81.3
2016-08-09,1.9,74,5.7,228,7.9,228,30.1,27.0,34.1,0.0,68.5,55.3,78.5
2016-08-10,1.8,236,5.8,230,8.0,242,30.6,27.4,35.5,0.0,68.6,46.1,84.7
2016-08-11,1.6,346,4.3,234,6.0,239,31.4,27.2,36.7,0.0,64.3,44.0,83.4
2016-08-12,1.8,293,5.3,227,7.1,214,31.3,27.3,36.2,0.0,68.6,49.3,84.5
2016-08-13,2.3,245,6.4,229,8.0,231,31.0,27.7,36.4,0.0,69.8,43.0,86.8
2016-08-14,1.5,266,4.3,224,6.4,267,29.5,27.4,31.4,3.0,78.6,66.0,90.1
2016-08-15,1.8,328,5.1,226,6.4,222,30.1,26.8,34.8,0.0,68.6,40.4,89.5
2016-08-16,1.6,24,5.3,229,7.1,200,30.5,27.4,35.6,0.0,65.4,40.7,80.9
2016-08-17,1.7,22,4.3,11,6.0,11,30.4,26.4,35.0,0.0,64.1,38.5,84.5
2016-08-18,1.5,18,4.4,1,6.3,59,29.4,26.2,34.1,9.5,70.6,49.3,89.3
2016-08-19,1.6,24,3.7,22,5.2,132,29.6,27.3,33.1,1.5,73.7,58.6,88.6
2016-08-20,2.1,42,4.1,42,5.5,37,30.6,27.7,34.8,0.0,63.6,38.9,80.0
2016-08-21,2.0,34,4.4,359,5.6,14,30.8,27.0,35.4,0.0,61.5,42.1,81.5
2016-08-22,1.8,62,5.0,71,6.0,70,30.5,26.4,35.8,0.0,63.7,45.9,77.8
2016-08-23,2.0,61,4.7,249,6.5,113,29.3,26.6,32.9,0.5,67.9,56.3,81.6
2016-08-24,1.7,83,4.4,113,5.6,132,29.9,27.3,33.3,0.0,62.8,49.8,82.9
2016-08-25,1.9,336,5.9,226,8.1,214,28.0,24.0,32.5,5.0,71.7,48.9,94.4
2016-08-26,3.3,53,9.2,75,12.8,70,23.5,20.5,27.8,20.5,63.2,36.9,98.5
2016-08-27,2.8,53,6.7,115,9.6,115,23.5,18.1,29.0,0.0,48.3,36.7,60.3
2016-08-28,2.9,25,7.3,2,9.5,34,21.2,18.2,23.6,4.5,68.1,53.1,89.4
2016-08-29,2.6,15,7.0,6,8.7,11,22.4,19.0,26.7,0.0,59.1,42.1,72.3
2016-08-30,2.2,289,5.8,255,8.2,219,21.5,18.5,25.0,0.0,65.6,49.8,86.0
2016-08-31,3.5,236,8.9,230,11.9,222,18.6,16.9,20.5,16.5,86.1,73.2,91.3
2016-09-01,1.5,283,6.8,245,11.4,248,23.8,17.0,30.2,0.0,74.3,47.0,95.9
2016-09-02,2.8,89,7.8,117,9.9,104,24.5,19.9,28.8,7.0,73.1,54.6,93.2
2016-09-03,1.6,28,5.0,56,6.5,20,24.4,20.6,29.2,1.0,77.1,57.6,95.7
2016-09-04,1.8,20,4.2,13,5.6,3,26.1,22.9,30.2,0.0,75.6,57.7,87.4
2016-09-05,1.6,325,4.7,284,6.4,203,27.1,23.5,31.3,0.0,69.1,46.7,86.0
2016-09-06,1.6,253,5.3,224,7.1,225,25.6,22.4,29.8,0.0,71.6,47.7,88.8
2016-09-07,1.6,358,5.5,221,7.1,225,25.1,22.1,28.7,1.0,74.1,53.6,90.8
2016-09-08,1.4,5,4.6,242,6.7,236,23.9,22.0,26.6,3.0,77.6,55.5,94.5
2016-09-09,1.5,360,4.8,222,6.2,225,24.3,20.8,29.1,1.0,74.5,49.9,93.2
2016-09-10,1.9,63,4.9,52,6.5,56,24.7,20.7,29.1,0.0,70.1,49.9,84.2
2016-09-11,1.7,48,4.5,58,5.8,115,25.0,22.4,27.8,0.0,70.2,55.7,80.4
2016-09-12,2.1,23,7.4,2,9.4,357,24.1,21.1,28.7,3.0,74.3,51.2,84.8
2016-09-13,1.8,29,4.3,106,5.9,110,24.7,20.0,30.3,0.0,67.3,45.3,84.5
2016-09-14,1.8,61,4.7,119,5.8,121,25.3,22.7,29.0,0.0,67.4,53.5,78.3
2016-09-15,1.5,3,4.1,45,5.1,222,24.2,19.3,29.6,0.0,72.0,47.9,89.2
2016-09-16,1.4,314,3.9,120,5.1,217,25.1,21.0,29.9,0.0,68.4,44.4,86.0
2016-09-17,2.5,69,6.2,71,9.4,141,23.6,19.1,27.6,8.5,69.5,50.5,93.0
2016-09-18,2.9,40,6.8,69,8.3,73,23.7,21.0,27.2,0.0,58.9,48.1,71.8
2016-09-19,3.2,42,7.5,60,11.4,124,22.2,19.3,26.9,0.0,58.5,45.4,69.8
2016-09-20,2.9,50,7.5,69,9.3,70,21.1,16.7,25.9,0.0,47.0,32.8,67.2
2016-09-21,2.0,43,4.3,64,5.7,48,20.4,15.3,24.8,0.0,49.8,31.9,63.7
2016-09-22,1.6,22,3.6,56,4.8,98,21.8,18.4,26.4,0.0,52.8,35.7,65.2
2016-09-23,1.7,7,3.6,76,4.7,104,21.8,16.7,27.1,0.0,61.1,39.6,77.5
2016-09-24,1.7,352,5.4,191,7.3,200,22.6,17.4,28.5,0.0,63.2,40.2,79.1
2016-09-25,1.4,13,4.6,225,5.9,205,23.4,19.3,29.2,0.0,63.6,35.4,82.8
2016-09-26,1.8,43,5.2,120,6.9,110,23.9,20.2,28.2,0.0,64.7,48.3,77.0
2016-09-27,1.5,8,4.7,349,6.2,3,21.3,19.0,24.2,14.0,84.0,70.4,96.9
2016-09-28,1.3,14,3.4,3,4.3,11,20.8,19.3,22.6,0.5,86.7,76.3,96.8
2016-09-29,2.8,72,5.6,72,8.7,172,20.8,19.1,23.8,0.0,66.6,56.8,80.9
2016-09-30,1.4,48,3.4,115,4.1,113,21.2,18.8,24.3,0.0,68.3,57.3,78.7
2016-10-01,1.5,33,3.5,63,5.2,127,21.5,18.1,25.3,0.0,73.2,49.8,88.6
2016-10-02,1.9,16,5.1,10,6.8,20,19.5,17.4,22.5,13.0,85.8,76.8,92.7
2016-10-03,1.5,280,7.8,238,11.0,228,23.9,20.6,28.4,6.5,75.4,41.4,95.9
2016-10-04,2.5,42,6.3,69,7.9,68,22.3,16.8,27.8,0.0,65.0,42.2,86.2
2016-10-05,2.4,351,5.6,222,8.4,225,21.9,19.0,27.3,0.0,64.9,47.7,73.4
2016-10-06,1.6,320,4.2,226,5.1,259,19.3,15.5,24.1,0.0,62.4,39.2,81.2
2016-10-07,2.2,82,5.4,123,8.3,113,20.2,17.3,24.9,1.0,70.1,52.6,85.0
2016-10-08,2.5,266,7.3,234,11.8,231,17.9,11.7,22.4,6.0,69.7,40.3,98.3
2016-10-09,2.1,316,4.8,356,6.7,225,12.4,8.6,17.3,0.0,48.4,35.3,62.0
2016-10-10,1.7,12,4.2,347,5.6,354,14.4,9.5,20.7,0.0,45.7,18.8,63.1
2016-10-11,1.8,304,5.1,227,7.2,222,15.7,10.8,20.8,0.0,62.9,38.9,84.9
2016-10-12,1.5,338,6.7,213,7.9,211,16.6,13.4,20.8,0.0,61.5,36.4,86.2
2016-10-13,1.6,348,4.9,215,5.9,236,15.8,10.8,21.7,0.0,47.1,28.6,65.0
2016-10-14,1.3,1,3.4,28,4.4,349,17.0,11.5,23.1,0.0,63.9,45.8,79.2
2016-10-15,1.5,1,3.4,34,5.4,23,19.1,13.4,25.8,0.0,65.8,38.3,88.7
2016-10-16,1.4,36,3.2,69,4.0,115,17.9,16.2,20.1,1.0,76.0,61.0,92.0
2016-10-17,1.4,341,4.1,226,6.4,208,18.1,14.8,22.7,0.0,78.3,55.1,92.8
2016-10-18,1.3,359,3.4,2,4.8,37,17.5,12.5,23.3,0.0,75.3,49.4,95.4
2016-10-19,1.6,328,4.4,224,6.0,222,18.7,15.0,24.3,0.0,70.2,39.0,85.8
2016-10-20,1.8,34,5.4,74,8.5,70,18.8,13.8,25.4,0.0,67.1,42.8,87.9
2016-10-21,2.3,84,5.2,54,7.0,65,18.4,16.7,21.4,0.0,62.7,53.1,68.4
2016-10-22,1.8,31,3.8,117,4.8,129,18.8,15.6,22.4,0.0,63.1,49.7,74.8
2016-10-23,3.2,51,8.3,71,12.1,68,14.5,11.5,19.0,2.0,68.1,59.0,84.1
2016-10-24,2.0,63,4.3,128,6.3,115,15.0,10.0,19.8,0.0,59.9,42.7,77.8
2016-10-25,1.7,35,4.7,108,6.3,110,14.7,12.4,18.6,39.0,85.2,61.4,96.2
2016-10-26,1.2,4,3.0,8,3.7,352,13.9,10.8,17.1,0.0,86.0,64.7,98.6
2016-10-27,1.6,39,4.3,110,5.2,79,15.1,10.0,20.0,0.0,72.0,50.8,92.9
2016-10-28,1.7,328,4.4,309,6.7,236,16.0,12.4,19.7,0.0,65.8,44.1,87.4
2016-10-29,1.9,321,5.9,10,7.8,23,10.0,6.2,12.9,0.0,44.2,30.0,59.8
2016-10-30,1.3,350,3.4,248,4.4,236,8.6,3.1,14.1,0.0,34.4,16.6,53.5
2016-10-31,1.8,311,5.6,223,7.5,222,7.3,2.7,10.1,0.0,59.1,43.7,78.4
2016-11-01,1.9,308,5.0,226,7.5,208,3.3,-0.2,7.3,0.0,43.0,30.0,56.1
2016-11-02,1.5,339,5.7,225,6.9,203,4.9,-0.5,10.0,0.0,52.9,30.8,80.0
2016-11-03,1.5,330,5.9,225,7.6,219,9.5,5.2,14.1,0.5,68.2,39.5,90.2
2016-11-04,1.3,159,5.0,243,7.0,239,13.1,8.9,16.4,0.0,68.1,61.3,75.3
2016-11-05,1.1,164,6.0,233,7.9,228,15.8,13.0,19.6,0.0,77.8,65.9,87.9
2016-11-06,3.0,60,6.4,73,8.2,51,14.7,13.1,17.2,0.0,63.7,49.7,91.0
2016-11-07,2.1,128,5.5,228,7.4,236,14.0,9.4,17.9,4.5,70.2,55.3,92.5
2016-11-08,2.3,281,5.3,237,7.1,242,6.2,2.2,9.6,0.0,61.4,43.1,87.0
2016-11-09,2.0,332,5.6,354,6.8,6,3.6,-0.6,8.8,0.0,43.0,23.6,53.8
2016-11-10,1.6,21,4.4,114,5.2,118,6.5,2.5,11.0,1.0,59.9,46.4,82.6
2016-11-11,2.0,213,7.3,226,10.4,228,10.3,7.2,14.2,8.0,66.9,34.1,94.2
2016-11-12,1.3,325,5.5,239,7.2,228,12.0,6.7,17.6,0.0,64.9,40.0,78.0
2016-11-13,1.3,32,3.5,62,4.8,118,15.1,12.5,18.1,0.0,76.4,66.1,90.3
2016-11-14,1.0,318,2.7,225,4.2,219,14.4,12.4,16.7,2.0,83.7,66.2,96.6
2016-11-15,1.9,302,4.8,23,6.2,20,8.0,5.3,12.5,0.0,45.3,33.7,83.6
2016-11-16,1.2,357,2.9,4,3.4,129,6.4,1.7,11.4,0.0,48.1,30.6,65.8
2016-11-17,1.2,357,3.3,8,4.0,0,9.7,5.0,15.7,0.0,57.4,41.9,72.9
2016-11-18,1.5,23,3.5,9,4.4,3,10.7,5.8,15.2,0.0,63.7,47.4,79.4
2016-11-19,2.0,284,5.7,224,7.4,264,13.7,10.9,18.5,0.0,70.7,55.1,89.5
2016-11-20,2.0,335,5.8,346,7.6,8,11.9,8.7,15.2,0.0,52.3,22.1,89.2
2016-11-21,1.7,9,4.2,15,6.3,11,10.7,7.0,14.9,0.0,46.1,37.7,56.7
2016-11-22,2.5,281,6.6,223,8.5,217,4.8,-0.4,10.9,0.0,44.9,29.7,70.4
2016-11-23,2.1,328,4.7,8,6.0,11,0.3,-2.6,4.7,0.0,37.2,23.0,48.7
2016-11-24,1.9,292,6.5,227,7.9,225,-0.6,-3.2,2.6,0.0,38.4,27.6,49.4
2016-11-25,1.4,347,4.1,273,5.8,267,1.8,-2.4,7.1,0.0,45.3,28.2,55.7
2016-11-26,1.6,35,3.4,356,4.3,326,1.6,0.0,3.5,1.0,70.5,47.9,93.8
2016-11-27,1.2,15,2.9,4,3.4,0,4.2,2.0,6.9,0.0,83.3,76.9,89.7
2016-11-28,1.7,280,5.6,234,8.4,219,3.3,0.9,6.0,0.0,58.8,39.3,84.7
2016-11-29,1.2,1,3.2,17,4.1,48,3.0,-0.9,7.5,0.0,45.9,28.1,62.2
2016-11-30,1.2,334,3.8,241,5.3,245,6.6,2.1,10.8,0.5,60.8,48.5,92.0
2016-12-01,2.3,274,7.0,235,10.7,318,6.2,1.3,8.7,0.0,51.2,25.4,90.9
2016-12-02,1.5,334,4.6,237,6.9,219,3.0,-1.5,8.1,0.0,48.3,26.6,67.1
2016-12-03,1.3,6,3.8,228,4.8,225,5.2,0.4,10.4,0.0,61.0,47.4,75.3
2016-12-04,1.1,22,3.0,356,3.4,357,6.2,2.6,9.6,0.0,66.2,53.4,79.3
2016-12-05,2.3,296,6.4,243,9.9,214,7.3,2.1,11.1,2.0,71.2,46.4,87.4
2016-12-06,2.0,263,5.2,238,7.6,256,0.6,-2.3,4.4,0.0,40.5,22.6,56.9
2016-12-07,1.5,15,3.9,224,5.1,239,2.9,-1.6,7.7,0.0,58.7,41.0,78.0
2016-12-08,1.5,16,3.7,124,5.3,127,2.8,-1.3,6.4,3.0,75.2,58.1,91.1
2016-12-09,2.3,284,6.8,219,8.0,264,3.3,-1.2,5.3,4.0,67.8,44.1,95.5
2016-12-10,1.7,340,4.8,232,5.6,231,-0.1,-3.2,4.4,0.0,52.4,33.1,67.1
2016-12-11,1.4,13,3.8,14,5.0,354,0.2,-4.3,5.3,0.0,46.1,28.4,61.6
2016-12-12,1.8,12,3.7,10,4.4,6,2.7,-1.9,6.8,0.0,45.4,32.0,60.2
2016-12-13,1.6,339,5.6,229,6.9,217,4.8,2.1,9.1,0.0,55.5,43.9,66.9
2016-12-14,1.6,333,3.8,12,5.8,3,0.9,0.2,2.3,0.0,73.3,63.1,88.4
2016-12-15,2.3,273,6.4,231,9.1,222,-2.7,-4.9,0.6,0.0,44.4,29.6,66.0
2016-12-16,2.0,287,7.3,227,9.1,217,-3.4,-7.0,0.2,0.0,41.0,24.3,51.8
2016-12-17,1.3,356,2.6,3,3.3,3,3.0,-1.2,8.0,0.0,60.5,50.3,75.3
2016-12-18,1.3,19,3.7,113,4.8,118,5.7,3.1,8.8,0.0,71.7,61.2,80.5
2016-12-19,1.8,15,3.9,57,4.9,56,8.0,4.6,12.0,0.0,70.3,57.1,79.7
2016-12-20,1.2,349,3.3,360,3.9,0,8.6,5.5,13.7,0.0,73.1,48.3,86.9
2016-12-21,2.1,15,4.7,55,6.8,84,8.2,4.4,13.4,31.0,78.5,51.6,96.7
2016-12-22,2.9,250,6.5,220,9.4,225,7.2,3.3,12.2,22.5,92.3,74.6,98.8
2016-12-23,3.0,261,6.6,255,9.8,233,-0.6,-2.5,3.3,0.0,70.4,61.1,79.6
2016-12-24,1.8,12,5.0,11,5.4,6,-0.9,-2.5,1.2,0.0,66.3,58.8,77.6
2016-12-25,1.5,5,3.0,15,4.0,6,1.7,-3.3,6.8,0.0,73.9,58.0,86.5
2016-12-26,1.4,4,4.3,218,5.7,180,3.8,2.4,5.5,0.0,76.5,57.7,82.9
2016-12-27,2.4,269,7.0,229,8.2,228,-0.0,-4.1,3.2,0.0,58.6,29.1,89.1
2016-12-28,1.7,314,4.9,227,7.1,340,-2.4,-6.1,2.7,0.0,48.7,27.7,62.5
2016-12-29,2.1,282,6.1,227,8.4,200,-2.6,-4.7,-0.2,0.0,53.5,32.4,85.3
2016-12-30,1.4,4,3.8,20,4.7,6,-2.6,-6.9,1.5,0.0,51.1,33.8,64.8
2016-12-31,1.2,1,2.6,4,3.3,23,1.4,-2.2,5.7,0.0,66.6,58.8,77.1
2017-01-01,1.2,6,2.7,71,3.7,39,3.5,-0.7,7.7,0.0,77.3,65.9,88.5
2017-01-02,1.6,287,5.5,225,8.0,231,6.2,4.0,9.4,0.0,78.1,64.3,91.1
2017-01-03,1.6,261,5.7,236,7.1,217,3.6,0.0,7.6,0.0,66.5,42.4,84.9
2017-01-04,1.4,345,5.5,224,6.9,228,5.2,2.2,9.6,0.0,61.5,38.9,79.9
2017-01-05,2.3,27,5.9,73,8.8,79,5.0,1.2,8.5,0.0,58.4,51.7,66.1
2017-01-06,1.6,42,4.3,60,5.4,53,6.8,4.4,10.4,0.0,60.3,49.2,73.7
2017-01-07,1.4,1,3.2,358,4.0,352,5.5,1.1,10.1,0.0,68.5,50.7,84.3
2017-01-08,2.0,313,5.8,223,7.2,225,7.5,4.3,11.4,0.0,65.1,50.8,76.4
2017-01-09,2.6,254,7.0,219,9.6,214,3.6,-0.8,5.9,0.0,61.4,47.0,75.4
2017-01-10,2.5,264,7.0,237,10.5,222,-1.4,-5.5,2.3,0.0,47.7,27.4,63.5
2017-01-11,2.1,260,6.7,232,8.9,245,-2.5,-6.4,1.7,0.0,38.7,29.8,51.3
2017-01-12,2.2,297,7.0,232,10.9,217,-0.6,-4.3,2.2,0.0,48.1,23.2,77.8
2017-01-13,2.3,289,6.5,215,11.0,214,-4.3,-6.8,-0.9,0.0,47.0,32.2,81.7
2017-01-14,2.6,282,6.4,271,9.4,262,-6.7,-8.9,-3.9,0.0,36.4,24.8,50.6
2017-01-15,1.6,301,3.8,13,5.2,203,-4.9,-8.8,-0.2,0.0,36.8,26.7,46.4
2017-01-16,1.1,336,3.2,7,4.1,11,-2.5,-7.4,3.2,0.0,41.7,23.1,54.7
2017-01-17,1.3,334,4.0,255,4.9,273,-1.1,-6.1,3.9,0.0,47.0,26.1,62.7
2017-01-18,1.0,345,2.8,219,3.6,225,0.7,-2.2,3.4,0.0,65.2,49.5,75.5
2017-01-19,1.5,350,5.2,223,7.1,225,0.3,-3.0,4.7,0.0,60.1,38.6,76.7
2017-01-20,2.0,272,6.1,222,8.9,222,-2.5,-6.0,0.7,3.0,66.7,46.4,92.6
2017-01-21,1.4,20,4.8,223,7.7,200,-4.3,-8.1,-0.6,0.5,76.3,58.9,90.6
2017-01-22,2.8,272,7.3,229,11.3,245,-6.1,-9.0,-1.4,0.0,51.1,43.1,90.4
2017-01-23,1.9,257,6.1,230,7.5,225,-7.1,-10.1,-3.4,0.0,48.2,37.4,60.7
2017-01-24,1.6,298,4.7,223,6.2,214,-5.6,-10.2,-1.1,0.0,51.0,32.6,67.4
2017-01-25,1.5,334,4.3,234,5.4,228,-4.1,-9.1,1.3,0.0,53.1,31.7,69.6
2017-01-26,1.4,44,4.5,245,7.2,231,-1.2,-7.4,4.7,0.0,62.9,50.0,79.4
2017-01-27,2.8,249,8.0,250,10.8,225,-0.6,-3.4,4.6,4.0,52.3,34.0,89.7
2017-01-28,1.5,10,3.5,25,4.3,6,-0.8,-6.6,4.4,0.0,43.1,19.5,60.6
2017-01-29,1.3,350,3.8,225,5.0,228,1.6,0.6,3.0,5.0,71.3,42.4,96.1
2017-01-30,1.2,314,5.8,220,6.6,256,-2.8,-5.0,0.6,0.0,64.4,45.5,94.3
2017-01-31,1.7,332,4.8,226,5.9,228,-4.1,-8.5,0.5,0.0,49.0,30.3,68.8
2017-02-01,2.1,294,6.6,224,8.5,228,-2.2,-5.0,1.6,0.0,45.6,29.4,67.2
2017-02-02,1.9,257,6.7,222,8.4,203,-1.5,-6.5,3.2,0.0,50.9,26.7,78.0
2017-02-03,1.6,299,5.7,218,7.3,208,2.6,-0.9,6.7,0.0,67.1,43.6,83.3
2017-02-04,1.5,6,3.1,5,3.8,6,1.9,-1.5,4.3,0.0,71.0,59.2,86.0
2017-02-05,2.0,301,5.7,251,8.0,295,2.9,0.7,3.9,0.0,72.5,54.0,87.1
2017-02-06,2.4,276,6.2,284,8.8,281,0.1,-2.5,3.5,0.0,51.0,37.8,64.4
2017-02-07,1.4,321,4.1,228,5.1,208,-0.3,-3.4,3.8,0.0,48.8,34.8,61.0
2017-02-08,1.8,298,5.1,228,6.9,250,-0.4,-2.6,1.8,0.0,52.4,34.5,67.1
2017-02-09,2.9,269,6.7,234,9.7,228,-3.4,-5.1,-1.3,0.0,48.6,35.7,59.7
2017-02-10,3.0,268,7.7,224,11.2,225,-5.2,-7.7,-1.9,0.0,45.3,33.5,52.6
2017-02-11,2.4,250,6.5,221,8.4,259,-3.4,-7.2,0.9,0.0,46.2,36.6,53.0
2017-02-12,2.0,265,6.2,226,8.4,222,-0.9,-6.0,4.2,0.0,52.1,35.4,66.0
2017-02-13,1.4,320,4.7,246,6.7,242,1.1,-4.0,5.9,0.0,63.3,31.9,76.0
2017-02-14,1.5,267,5.6,220,7.8,219,1.9,-1.8,6.5,0.0,48.4,26.0,69.0
2017-02-15,1.3,349,4.0,235,5.1,228,2.7,-2.6,8.4,0.0,52.6,32.8,69.9
2017-02-16,1.1,349,5.0,233,7.5,245,6.1,-0.6,11.7,0.0,61.8,41.3,87.6
2017-02-17,3.0,242,7.8,232,9.2,225,3.5,-2.8,10.4,3.0,61.6,30.6,94.2
2017-02-18,2.5,263,7.0,234,9.9,242,-0.9,-4.8,3.6,0.0,45.9,24.4,72.9
2017-02-19,1.5,110,5.1,114,6.7,138,2.8,-1.9,7.0,2.5,67.4,38.3,94.7
2017-02-20,2.8,283,7.5,230,10.5,273,0.9,-3.3,6.1,1.0,59.6,36.2,97.5
2017-02-21,1.7,11,5.0,346,7.1,329,0.2,-5.2,6.5,0.0,40.0,22.7,56.9
2017-02-22,1.9,358,5.4,115,7.5,124,2.6,1.4,4.2,4.0,72.3,41.4,94.1
2017-02-23,2.5,265,7.1,265,9.5,276,0.4,-2.3,3.4,0.0,57.5,35.9,83.7
2017-02-24,2.0,245,7.1,256,9.5,231,0.3,-3.7,4.1,0.0,50.6,27.0,71.4
2017-02-25,2.2,254,7.1,231,9.5,228,3.4,-1.2,8.3,0.0,63.2,36.1,82.8
2017-02-26,1.5,337,5.3,25,6.7,23,4.8,-0.1,10.0,0.0,55.2,22.9,86.2
2017-02-27,1.8,300,6.7,218,9.7,233,5.1,-0.3,10.8,0.0,42.8,21.7,62.6
2017-02-28,1.5,293,5.2,239,7.1,250,6.2,0.3,12.3,0.0,47.1,27.4,64.5
2017-03-01,1.5,1,7.7,233,9.9,222,6.2,3.2,11.4,3.5,62.4,32.1,91.7
2017-03-02,2.5,261,6.9,228,9.9,236,3.4,1.0,6.8,0.5,64.2,28.8,92.4
2017-03-03,2.0,272,6.5,232,8.2,231,4.2,-1.1,10.1,0.0,53.2,33.5,74.1
2017-03-04,1.6,314,4.4,256,5.8,233,6.3,1.2,12.1,0.0,62.1,33.6,84.9
2017-03-05,1.8,314,5.1,226,7.5,239,6.0,1.8,11.0,0.0,68.9,46.0,87.2
2017-03-06,2.8,275,7.5,13,10.4,6,1.9,-1.0,5.7,0.0,43.8,22.6,82.0
2017-03-07,2.9,264,7.4,229,10.0,290,-0.1,-2.6,2.9,0.0,39.3,25.7,61.7
2017-03-08,2.8,244,8.4,232,12.4,214,1.1,-3.1,5.6,0.0,50.0,33.3,59.9
2017-03-09,2.7,246,8.7,230,12.4,231,4.4,-1.2,10.7,0.0,49.3,30.3,66.0
2017-03-10,1.8,274,5.8,224,8.0,236,6.1,0.3,12.1,0.0,37.5,20.5,58.5
2017-03-11,1.6,327,6.3,229,7.6,228,7.9,0.9,15.8,0.0,38.8,19.2,52.8
2017-03-12,1.9,289,6.0,228,8.5,222,9.2,5.3,14.5,0.0,56.9,35.5,79.2
2017-03-13,1.9,338,4.5,359,6.4,0,8.1,3.6,13.2,0.0,50.2,26.8,76.2
2017-03-14,2.1,312,7.4,223,9.5,217,7.7,3.8,11.7,0.0,39.0,22.0,57.5
2017-03-15,1.9,315,6.6,220,8.2,217,7.4,2.5,13.0,0.0,35.5,20.7,51.6
2017-03-16,2.2,280,6.3,236,8.2,219,7.3,2.1,13.4,0.0,43.1,24.1,62.5
2017-03-17,1.7,287,6.8,226,9.5,219,8.6,2.7,15.9,0.0,43.2,20.6,62.9
2017-03-18,2.1,273,7.6,226,9.7,217,10.7,7.3,15.7,0.0,33.7,17.7,52.3
2017-03-19,1.4,331,5.5,225,8.1,208,11.4,4.5,18.8,0.0,37.4,18.6,56.6
2017-03-20,1.5,358,5.1,224,6.2,217,11.2,7.0,15.9,0.0,41.5,24.4,58.5
2017-03-21,2.2,264,5.9,13,7.8,349,9.1,6.4,12.8,0.0,51.0,25.3,72.8
2017-03-22,2.0,262,6.6,227,8.4,214,8.7,3.5,14.3,0.0,37.1,21.4,56.2
2017-03-23,2.0,299,6.5,227,8.6,211,10.5,6.6,15.0,0.0,36.0,20.7,47.6
2017-03-24,1.8,5,5.8,227,7.8,225,9.7,5.3,14.7,0.0,46.8,25.4,61.7
2017-03-25,1.9,142,6.1,227,8.1,239,9.5,7.4,13.0,0.0,44.1,22.6,60.1
2017-03-26,2.0,225,6.6,225,7.7,225,8.2,6.0,11.4,0.0,53.4,35.5,76.3
2017-03-27,2.0,252,8.9,254,12.0,228,7.4,5.3,10.6,1.0,68.6,45.2,80.5
2017-03-28,2.0,328,6.2,231,7.8,217,7.4,2.6,13.0,0.0,64.1,30.9,88.7
2017-03-29,1.9,248,5.7,226,7.3,233,9.5,4.3,14.6,0.0,53.4,28.8,78.9
2017-03-30,1.4,304,4.9,231,7.8,222,11.8,6.2,18.6,0.0,50.2,28.9,66.5
2017-03-31,2.1,45,5.2,95,6.1,118,9.8,7.0,12.7,4.0,70.9,56.0,91.7
2017-04-01,2.0,14,7.4,358,9.7,338,9.2,6.4,14.5,1.0,66.0,34.6,82.6
2017-04-02,2.3,312,6.8,227,9.4,231,9.6,4.0,16.0,0.0,59.2,27.4,86.5
2017-04-03,1.7,248,6.8,226,8.6,222,12.2,5.4,19.5,0.0,48.3,21.9,74.1
2017-04-04,1.9,299,6.3,227,8.7,228,14.6,7.8,22.3,0.0,39.9,20.5,61.2
2017-04-05,1.7,20,5.1,114,6.6,107,13.1,11.1,15.3,35.5,61.8,30.4,98.4
2017-04-06,2.0,238,5.2,233,7.2,231,11.7,10.6,13.5,4.0,89.4,73.2,98.4
2017-04-07,1.8,238,6.1,225,7.8,225,15.5,10.4,24.0,0.0,69.0,38.5,88.3
2017-04-08,2.2,233,6.1,229,8.3,214,14.6,10.5,20.5,0.5,70.9,47.6,86.1
2017-04-09,2.6,70,6.8,71,9.5,124,15.2,11.9,19.2,0.5,65.2,41.4,92.2
2017-04-10,2.0,101,6.0,97,8.6,118,16.9,11.5,23.2,0.0,28.0,11.4,49.5
2017-04-11,2.8,267,7.9,227,11.2,225,16.4,12.9,20.4,0.0,36.7,20.3,55.5
2017-04-12,3.2,259,9.0,225,13.8,222,12.7,9.4,16.4,0.0,19.8,13.4,55.9
2017-04-13,2.2,240,6.8,235,11.7,225,13.1,7.0,20.3,0.0,53.6,19.7,76.7
2017-04-14,1.9,235,7.7,233,11.0,236,14.0,10.9,19.7,5.0,59.5,32.2,87.5
2017-04-15,1.7,211,6.2,231,9.0,228,17.0,11.9,24.4,0.0,63.8,35.3,84.6
2017-04-16,1.3,318,5.1,235,7.0,225,19.3,13.6,24.5,0.0,56.0,36.2,78.5
2017-04-17,1.9,353,6.2,96,11.7,349,16.1,12.3,20.2,5.0,66.0,37.8,88.9
2017-04-18,2.4,214,7.4,236,10.8,214,12.6,10.3,16.6,10.0,78.4,61.7,91.8
2017-04-19,2.9,237,7.4,221,10.4,228,13.5,8.9,18.4,0.0,45.7,28.3,69.2
2017-04-20,2.0,272,6.4,234,8.3,225,13.8,10.8,18.4,0.0,46.9,33.9,59.0
2017-04-21,1.9,270,6.7,226,9.3,219,13.7,8.1,19.5,0.0,55.8,30.4,73.5
2017-04-22,2.1,326,6.4,229,10.2,250,15.4,9.7,22.1,0.0,49.6,19.5,80.4
2017-04-23,2.2,249,8.1,233,10.7,225,15.8,9.7,21.8,0.0,41.9,20.5,68.4
2017-04-24,2.3,274,7.8,227,11.1,217,15.6,9.3,21.9,0.0,41.0,23.4,60.9
2017-04-25,2.2,234,7.2,235,10.0,217,17.0,13.8,20.9,0.0,55.0,42.3,64.8
2017-04-26,2.8,306,8.2,230,11.2,208,16.4,12.9,20.9,0.0,31.4,16.0,62.4
2017-04-27,2.8,273,10.0,228,14.7,225,14.8,10.0,19.8,0.0,40.9,20.4,70.3
2017-04-28,2.1,193,7.4,236,10.4,231,15.4,10.7,21.7,0.0,56.7,33.2,75.5
2017-04-29,2.0,255,7.2,235,9.9,231,17.5,10.7,24.2,0.0,47.7,19.4,79.5
2017-04-30,2.0,202,6.9,220,8.9,222,20.3,14.7,28.0,0.0,55.6,30.8,75.8
2017-05-01,1.6,275,6.2,231,8.2,225,20.8,14.7,28.7,0.0,51.9,21.6,82.2
2017-05-02,1.5,249,5.7,224,7.5,203,21.5,16.2,27.7,0.0,48.5,28.9,72.9
2017-05-03,1.8,331,7.0,222,9.3,217,22.0,15.6,30.3,0.0,42.1,19.9,62.4
2017-05-04,1.7,296,5.5,220,7.9,200,21.9,16.1,28.3,0.0,46.1,29.9,60.8
2017-05-05,2.8,233,7.9,227,12.1,217,22.0,16.8,26.9,0.0,56.8,40.0,76.8
2017-05-06,3.6,255,11.0,234,15.3,217,16.1,12.7,19.6,0.0,32.2,15.9,74.8
2017-05-07,3.0,235,8.9,227,12.5,225,17.3,12.1,23.0,0.0,43.4,19.0,74.5
2017-05-08,1.7,236,6.0,237,7.5,217,18.5,12.4,23.7,0.0,46.0,37.7,55.2
2017-05-09,1.8,48,5.9,65,8.2,51,17.8,16.0,20.9,1.0,60.4,39.1,86.8
2017-05-10,2.0,267,7.3,227,9.1,211,17.1,14.3,21.4,4.0,74.2,56.8,97.2
2017-05-11,1.5,244,4.7,227,6.5,217,19.4,13.7,25.4,0.0,65.5,47.0,81.8
2017-05-12,1.3,259,6.2,227,9.3,231,20.1,18.1,22.2,0.0,72.1,63.3,83.0
2017-05-13,2.1,201,10.1,229,14.3,228,17.6,13.4,23.6,6.5,77.7,57.2,88.2
2017-05-14,3.4,236,10.7,230,14.1,236,16.5,12.2,21.0,0.0,58.4,36.7,85.9
2017-05-15,2.1,242,6.0,233,8.3,225,16.5,13.2,19.9,0.0,62.8,51.8,75.7
2017-05-16,1.7,218,5.5,230,7.0,228,17.8,14.4,21.9,0.0,63.4,46.1,80.2
2017-05-17,2.2,309,8.0,222,10.1,205,19.5,13.0,26.5,0.0,55.3,33.5,81.4
2017-05-18,2.2,265,7.1,230,9.5,281,21.1,14.9,27.2,0.0,46.8,34.1,66.2
2017-05-19,2.5,253,7.5,230,9.8,228,21.8,15.8,28.0,0.0,44.3,26.9,68.1
2017-05-20,2.6,266,7.6,229,9.3,225,21.6,15.9,28.0,0.0,45.6,28.4,62.8
2017-05-21,2.2,246,6.6,233,8.3,214,22.1,17.2,27.8,0.0,47.3,23.0,63.0
2017-05-22,1.9,250,5.5,243,7.7,222,22.4,17.2,28.5,0.0,55.2,33.6,75.4
2017-05-23,1.7,287,6.7,227,8.6,222,20.6,17.7,24.5,4.0,67.2,50.6,91.1
2017-05-24,1.8,346,6.2,232,8.3,233,22.2,17.5,28.4,0.5,63.3,30.2,92.5
2017-05-25,2.5,264,8.8,230,12.3,248,20.7,16.0,27.7,0.0,47.9,16.9,73.3
2017-05-26,2.1,282,7.1,229,9.7,222,18.3,13.6,23.7,0.0,41.2,31.0,61.5
2017-05-27,2.1,234,6.6,222,9.4,225,20.3,14.6,26.1,0.0,48.8,29.4,76.1
2017-05-28,2.3,257,6.9,234,8.4,239,21.6,15.0,28.3,0.0,51.7,32.2,76.1
2017-05-29,1.9,206,6.6,239,8.8,231,23.5,19.8,29.2,0.0,63.6,43.7,77.0
2017-05-30,1.6,236,6.6,225,8.6,219,24.7,19.4,30.9,0.0,42.3,6.1,79.2
2017-05-31,1.8,314,5.7,226,7.1,225,23.9,19.2,29.8,0.0,48.5,25.6,72.6
2017-06-01,2.7,280,8.5,226,10.8,222,24.0,21.6,27.1,0.0,55.7,26.7,79.7
2017-06-02,2.7,298,8.6,234,10.1,228,21.4,17.2,26.1,0.0,40.0,23.9,63.4
2017-06-03,2.6,264,7.7,231,10.1,233,21.3,17.6,26.9,0.0,43.3,25.3,59.1
2017-06-04,2.3,299,6.9,243,9.5,219,22.6,16.7,29.0,0.0,38.9,22.5,58.6
2017-06-05,1.9,58,5.6,117,7.9,132,24.4,18.0,30.2,0.0,36.2,20.9,53.3
2017-06-06,2.6,90,5.7,119,8.1,152,20.1,14.6,24.0,13.0,59.1,42.6,94.7
2017-06-07,1.4,178,4.8,225,6.3,217,18.2,15.4,19.8,12.5,90.5,75.3,97.5
2017-06-08,2.0,239,6.4,234,9.0,233,20.8,16.2,26.7,0.0,66.5,40.7,87.1
2017-06-09,2.4,209,8.0,232,11.9,214,21.8,18.6,26.8,0.0,69.0,50.5,81.5
2017-06-10,1.7,257,4.5,230,6.0,236,22.5,16.9,28.2,2.5,49.6,17.6,91.8
2017-06-11,2.2,17,10.5,228,13.8,222,23.3,15.9,30.1,0.0,37.0,21.3,55.9
2017-06-12,2.6,77,5.7,114,7.9,208,22.5,18.1,28.7,0.0,45.3,26.8,61.6
2017-06-13,2.5,234,7.4,227,9.7,225,21.9,18.7,26.3,5.0,63.6,47.6,90.0
2017-06-14,2.5,264,7.1,230,9.7,219,22.2,17.9,27.3,0.0,64.5,41.4,85.0
2017-06-15,1.9,233,6.1,225,8.6,222,23.8,18.9,30.5,0.0,61.9,27.9,84.5
2017-06-16,1.9,143,6.5,231,8.4,228,25.8,20.5,33.2,0.0,57.0,36.0,77.9
2017-06-17,2.1,225,6.0,222,8.2,222,25.1,21.8,30.1,0.0,51.0,34.8,61.8
2017-06-18,2.5,265,7.5,222,9.6,214,25.3,19.4,32.2,0.0,50.8,31.6,73.6
2017-06-19,1.7,268,5.9,236,8.6,214,25.7,20.4,30.2,0.0,50.1,30.5,79.5
2017-06-20,1.7,314,6.8,232,9.4,217,26.5,20.8,33.1,0.0,46.2,30.6,60.9
2017-06-21,2.6,243,7.5,232,10.1,222,26.3,22.9,31.7,0.0,51.1,35.1,68.6
2017-06-22,2.3,248,7.1,229,9.8,222,25.7,21.2,30.3,0.0,60.3,41.9,79.9
2017-06-23,1.9,299,6.5,229,8.5,211,27.6,22.3,34.2,0.0,52.0,30.2,68.1
2017-06-24,1.3,15,3.8,37,4.7,34,25.6,21.1,28.2,1.5,57.9,46.1,91.1
2017-06-25,1.6,19,8.2,120,9.3,129,23.3,20.7,28.5,40.0,80.5,52.1,93.3
2017-06-26,1.9,48,8.2,119,10.7,115,23.6,20.7,29.9,7.5,75.1,49.2,87.7
2017-06-27,1.9,48,5.0,282,6.8,290,25.3,21.3,30.8,1.0,70.6,49.9,88.0
2017-06-28,1.9,251,5.8,225,7.8,233,26.3,22.6,31.6,0.0,68.7,47.1,91.6
2017-06-29,1.9,239,5.2,224,7.5,242,27.0,23.0,31.5,0.0,61.7,44.3,80.2
2017-06-30,2.2,264,6.2,226,8.0,217,26.9,23.2,31.5,0.0,64.2,45.8,82.9
2017-07-01,1.5,248,4.8,253,6.7,273,25.9,23.6,31.1,1.5,72.7,48.8,93.5
2017-07-02,1.4,245,6.5,227,9.1,253,25.2,21.7,28.0,85.0,91.3,81.9,97.3
2017-07-03,2.1,230,7.0,236,10.0,253,25.3,21.8,29.3,54.0,87.8,69.2,97.3
2017-07-04,1.7,256,6.0,226,8.5,228,27.5,24.1,32.5,1.0,76.1,52.9,97.0
2017-07-05,1.2,331,5.1,227,6.0,236,28.5,24.2,34.3,0.0,66.7,41.8,85.5
2017-07-06,1.5,16,7.7,248,10.1,262,27.8,23.1,34.2,50.5,73.5,46.9,91.8
2017-07-07,1.6,112,4.6,123,7.0,121,27.0,25.2,29.1,29.5,82.7,71.3,94.9
2017-07-08,1.1,229,5.2,236,6.2,217,26.9,25.0,29.3,3.5,84.9,74.2,94.2
2017-07-09,0.9,32,5.4,123,6.6,121,26.6,23.9,30.0,18.5,87.1,74.0,94.6
2017-07-10,1.3,145,6.0,231,8.7,225,24.7,22.9,26.1,154.5,94.8,89.6,97.2
2017-07-11,1.4,249,4.9,235,6.1,267,26.8,22.9,32.8,4.5,81.3,53.4,97.2
2017-07-12,1.8,246,5.6,223,8.2,219,28.2,25.7,32.3,0.0,74.4,55.3,90.7
2017-07-13,1.6,302,4.6,229,6.3,205,28.5,23.9,33.1,0.0,69.9,51.1,89.4
2017-07-14,1.9,111,8.2,227,10.7,217,29.5,26.6,33.9,0.0,70.0,50.8,82.1
2017-07-15,1.4,218,5.9,226,8.4,250,25.6,22.9,27.5,54.0,88.4,78.2,95.3
2017-07-16,1.2,15,4.1,9,5.4,11,26.5,23.3,29.5,17.0,83.9,67.5,96.6
2017-07-17,1.0,239,5.0,242,8.0,250,27.6,24.3,30.3,13.5,77.8,66.7,90.2
2017-07-18,1.3,226,4.9,219,6.2,225,27.0,24.0,31.7,2.5,81.9,59.9,94.6
2017-07-19,1.6,237,6.3,228,8.9,214,28.9,25.0,34.8,0.0,72.7,50.7,88.1
2017-07-20,1.4,244,4.9,224,5.9,231,30.5,27.1,34.9,0.0,68.3,50.1,81.5
2017-07-21,1.7,235,5.1,235,6.3,233,30.7,28.0,33.5,0.0,71.8,62.3,81.6
2017-07-22,1.3,240,5.6,233,6.7,250,30.0,27.9,32.9,1.0,75.6,61.4,86.4
2017-07-23,1.0,223,5.7,119,6.6,124,27.5,25.9,29.2,106.5,89.5,77.0,97.1
2017-07-24,1.0,326,3.3,359,4.0,6,27.0,25.5,28.6,3.0,81.3,70.9,86.8
2017-07-25,2.2,34,5.4,66,7.2,124,29.7,25.2,35.3,0.0,67.8,43.5,90.4
2017-07-26,2.5,97,6.0,66,7.6,70,29.1,24.9,32.9,0.0,58.2,46.0,72.3
2017-07-27,1.8,70,4.3,113,6.0,138,27.6,25.2,29.5,2.0,61.7,47.6,87.3
2017-07-28,1.4,59,3.8,68,5.0,17,25.5,24.4,26.8,8.5,90.5,85.3,94.0
2017-07-29,2.1,73,4.7,69,5.9,121,27.6,25.8,30.3,0.0,74.4,63.5,86.6
2017-07-30,1.7,127,4.7,110,6.2,225,28.6,25.4,33.2,0.0,64.3,46.1,77.5
2017-07-31,1.3,64,4.3,121,5.4,138,26.1,24.7,27.8,7.5,83.0,72.4,92.7
2017-08-01,1.4,43,4.6,221,5.3,222,28.9,24.1,34.2,2.0,72.4,53.0,92.7
2017-08-02,1.4,30,3.6,59,4.8,51,30.6,26.9,33.7,0.0,71.3,57.2,86.8
2017-08-03,2.4,97,6.5,117,7.8,124,30.3,27.5,33.6,0.0,64.2,39.2,83.2
2017-08-04,2.0,72,4.7,90,6.9,115,30.6,27.0,35.8,0.0,61.3,43.0,71.8
2017-08-05,1.9,30,4.6,350,7.3,352,31.9,27.9,36.3,0.0,64.3,48.6,76.8
2017-08-06,1.7,56,5.2,117,7.1,135,30.5,27.7,34.0,0.0,70.2,54.1,83.4
2017-08-07,2.0,254,6.2,238,7.8,222,30.1,27.3,35.3,0.0,65.3,36.7,84.4
2017-08-08,1.7,306,5.1,223,7.5,256,28.8,26.3,31.9,0.0,64.0,41.9,76.0
2017-08-09,2.2,71,5.3,69,6.6,62,27.7,23.9,31.4,4.0,68.2,46.5,92.3
2017-08-10,1.8,10,3.6,59,4.8,62,24.8,23.6,26.2,12.5,90.5,85.5,94.2
2017-08-11,2.1,45,5.5,67,7.6,70,27.6,24.2,32.3,0.0,70.3,47.9,90.1
2017-08-12,2.3,75,5.8,73,6.9,76,28.2,24.4,32.2,0.0,60.1,48.1,71.1
2017-08-13,2.7,84,5.5,123,7.7,129,26.7,24.4,28.9,0.0,64.1,56.1,73.5
2017-08-14,2.9,66,6.5,67,8.9,160,25.5,24.3,27.4,0.0,66.7,60.4,75.6
2017-08-15,2.2,40,5.3,72,6.5,70,22.8,21.4,25.3,67.5,87.3,67.2,95.6
2017-08-16,2.3,24,5.4,75,6.7,73,23.5,21.0,26.6,9.0,79.8,69.0,91.1
2017-08-17,1.6,40,4.2,59,5.5,65,24.9,21.3,28.6,1.5,78.9,64.0,91.5
2017-08-18,1.0,48,8.4,119,10.1,124,26.2,24.5,29.9,0.5,76.8,58.7,86.1
2017-08-19,1.8,46,4.0,74,4.8,65,26.1,23.3,28.7,0.0,77.2,63.8,88.4
2017-08-20,1.9,47,5.7,109,8.8,121,23.7,22.0,26.2,118.5,90.6,79.1,95.6
2017-08-21,1.4,141,5.6,239,7.5,118,26.2,23.6,29.7,6.0,81.4,64.6,95.5
2017-08-22,1.3,248,4.6,240,6.1,228,28.0,23.8,32.7,0.0,69.3,48.7,86.4
2017-08-23,1.7,295,6.8,240,10.6,228,27.2,24.1,30.4,26.5,84.7,73.9,94.9
2017-08-24,2.4,231,9.6,227,14.2,217,27.5,24.3,29.0,10.5,83.2,77.8,91.0
2017-08-25,1.7,308,5.6,225,7.3,233,26.3,22.7,31.8,0.0,63.2,16.0,94.3
2017-08-26,1.8,312,5.2,267,9.2,253,25.3,20.2,29.6,0.0,50.1,23.4,73.6
2017-08-27,1.8,35,4.3,76,5.3,82,23.1,19.5,26.6,0.0,63.9,48.6,77.2
2017-08-28,1.8,11,7.3,12,8.5,6,22.1,18.5,26.2,8.5,74.0,53.9,90.4
2017-08-29,2.0,336,5.1,11,6.8,17,20.8,18.4,24.8,0.0,52.3,30.5,84.2
2017-08-30,1.6,349,5.1,224,6.5,0,20.3,17.6,23.6,0.0,49.8,38.6,75.7
2017-08-31,1.6,357,4.7,17,6.2,20,22.6,17.6,27.9,0.0,61.0,34.9,82.8
2017-09-01,1.7,14,4.2,23,6.3,113,23.7,18.3,29.3,0.0,53.7,32.6,75.4
2017-09-02,1.8,33,5.0,228,6.3,222,24.2,19.2,29.1,0.0,55.7,33.2,74.3
2017-09-03,1.7,39,5.0,223,5.9,222,24.5,19.9,30.4,0.0,59.2,36.0,74.1
2017-09-04,1.4,22,4.8,114,6.1,113,24.9,20.1,30.0,0.0,54.7,29.3,81.1
2017-09-05,1.6,42,4.3,101,5.2,127,22.5,20.7,24.1,0.0,61.5,51.2,71.8
2017-09-06,0.7,5,3.1,360,3.5,31,21.4,19.6,24.5,1.5,73.0,59.8,82.1
2017-09-07,0.9,341,5.7,227,7.5,219,22.8,18.9,27.9,0.0,71.5,51.9,85.0
2017-09-08,1.2,325,4.8,236,6.3,225,24.8,20.7,30.3,0.0,64.7,31.3,86.3
2017-09-09,1.1,347,4.2,250,5.7,205,24.5,20.0,29.5,0.0,64.5,42.8,83.3
2017-09-10,1.4,35,3.8,60,5.1,115,23.5,20.5,26.0,0.0,72.5,61.0,83.1
2017-09-11,1.8,14,4.9,20,6.1,14,21.7,18.7,25.3,17.5,77.2,58.3,92.9
2017-09-12,1.3,331,6.3,232,7.9,225,23.0,18.1,28.0,0.0,58.1,28.8,86.6
2017-09-13,1.3,340,5.5,223,6.7,231,22.2,16.6,28.1,0.0,48.3,23.8,67.0
2017-09-14,1.4,13,4.1,15,5.7,23,22.5,16.1,29.2,0.0,49.9,29.1,71.0
2017-09-15,2.9,58,7.2,62,9.3,65,23.0,19.2,27.3,0.0,49.3,34.7,63.6
2017-09-16,2.8,43,7.2,76,11.0,205,22.2,17.5,27.0,0.0,51.0,42.2,62.3
2017-09-17,2.5,20,6.3,30,7.5,28,23.1,19.4,27.9,0.0,53.6,41.2,62.6
2017-09-18,1.4,320,5.8,224,7.8,211,22.3,17.7,27.7,0.0,59.8,37.7,73.8
2017-09-19,2.1,188,9.6,236,13.3,253,23.4,20.2,26.6,8.0,74.3,63.1,85.6
2017-09-20,1.5,293,5.9,219,8.0,222,20.6,16.7,24.7,0.0,45.1,28.7,79.2
2017-09-21,0.3,3,3.3,62,4.8,62,20.3,14.9,26.3,0.0,54.2,29.3,76.9
2017-09-22,0.6,353,5.2,252,6.9,259,20.9,15.6,27.0,0.0,57.9,37.4,72.3
2017-09-23,0.6,359,3.9,241,5.4,239,21.9,17.8,26.8,0.0,66.9,39.6,83.1
2017-09-24,0.9,354,7.5,359,9.6,357,22.6,18.7,27.9,0.0,70.7,52.8,82.2
2017-09-25,0.6,14,4.4,62,5.4,65,23.4,17.9,29.0,0.0,60.0,40.1,79.2
2017-09-26,1.4,35,4.6,55,5.7,42,24.5,19.3,29.5,0.0,59.1,42.0,76.4
2017-09-27,0.9,4,6.1,10,7.8,3,23.3,20.7,26.9,0.0,63.3,53.9,77.7
2017-09-28,2.3,300,9.2,228,12.4,225,20.3,16.1,24.2,0.0,49.4,19.1,73.7
2017-09-29,1.5,291,6.1,227,8.5,228,17.5,12.5,22.1,0.0,40.1,24.7,58.6
2017-09-30,0.8,5,4.6,115,5.4,138,20.1,15.6,25.3,0.0,59.0,49.1,76.4
2017-10-01,0.5,8,3.6,3,4.6,248,18.4,15.5,21.3,3.0,72.6,57.0,90.1
2017-10-02,1.1,0,5.0,8,6.2,53,21.4,15.5,28.4,2.5,66.1,37.6,92.0
2017-10-03,1.5,341,5.3,354,7.0,23,18.8,15.3,23.0,0.0,48.6,38.1,58.1
2017-10-04,1.6,7,4.3,116,5.8,121,17.3,12.6,23.0,0.0,45.1,32.7,55.7
2017-10-05,1.2,34,4.7,118,6.1,127,18.5,14.6,22.5,0.0,58.7,46.3,68.9
2017-10-06,1.3,23,6.3,76,7.8,79,18.6,16.5,22.1,0.0,66.4,50.0,88.5
2017-10-07,0.6,15,4.8,118,5.8,118,21.3,17.0,26.2,0.0,69.4,49.9,88.0
2017-10-08,0.5,351,3.7,239,4.8,236,23.0,20.2,27.2,0.0,65.8,45.1,81.3
2017-10-09,0.8,324,4.4,225,5.7,228,22.8,20.3,27.7,0.0,63.7,29.1,79.3
2017-10-10,0.3,9,2.8,242,4.8,248,21.7,19.0,24.7,0.5,73.6,58.3,86.1
2017-10-11,1.4,308,5.8,222,7.7,217,16.8,13.4,21.8,20.0,75.2,53.6,91.4
2017-10-12,1.6,325,4.4,3,6.7,352,12.9,10.8,15.3,0.0,62.2,53.1,68.1
2017-10-13,1.3,346,4.7,233,6.1,191,13.3,8.1,18.7,0.0,49.2,23.3,67.0
2017-10-14,1.6,360,6.5,24,8.0,42,14.6,9.4,19.7,0.0,42.8,18.5,73.4
2017-10-15,1.5,20,4.9,18,6.6,11,15.6,10.1,20.8,0.0,41.3,23.5,55.8
2017-10-16,1.0,0,5.0,0,5.7,357,16.9,14.2,21.2,0.0,46.4,25.6,65.8
2017-10-17,0.6,360,3.8,358,4.5,323,16.3,10.7,22.6,0.0,44.6,26.3,60.9
2017-10-18,0.9,23,3.8,0,5.7,65,16.8,14.8,18.7,0.0,55.9,43.5,70.8
2017-10-19,1.0,18,4.3,53,5.0,73,16.9,12.3,21.7,0.0,55.4,30.9,76.1
2017-10-20,0.8,354,3.3,1,4.4,239,17.0,11.7,23.0,0.0,54.0,29.5,74.7
2017-10-21,0.8,360,4.6,14,6.3,11,17.5,12.0,24.4,0.0,50.8,25.4,72.9
2017-10-22,3.0,27,8.8,15,12.0,28,16.3,11.9,21.7,0.0,49.3,34.9,63.6
2017-10-23,1.3,13,4.4,23,5.5,20,14.0,10.0,18.4,0.0,43.4,28.7,55.2
2017-10-24,0.9,0,3.6,223,4.5,222,14.3,10.4,20.0,0.0,49.0,29.5,63.8
2017-10-25,0.6,348,5.2,225,6.4,228,14.6,10.0,20.2,0.0,54.7,26.4,77.7
2017-10-26,0.3,358,2.8,354,3.3,11,14.7,10.7,18.7,0.0,53.5,34.2,71.1
2017-10-27,0.4,2,2.8,13,3.8,23,17.1,12.7,24.0,0.0,47.7,15.8,71.5
2017-10-28,0.9,1,4.2,73,4.6,76,16.8,11.2,24.0,0.0,40.9,16.8,57.2
2017-10-29,1.7,315,6.6,275,11.0,273,12.9,7.8,17.3,0.0,35.3,10.6,60.1
2017-10-30,1.9,310,5.8,226,7.4,205,8.6,5.0,12.7,0.0,14.4,4.8,30.8
2017-10-31,1.3,336,6.3,225,7.7,225,10.0,3.5,15.7,0.0,41.6,24.9,61.8
2017-11-01,0.6,38,5.3,234,6.3,236,14.5,11.4,18.4,0.0,60.7,41.2,67.3
2017-11-02,0.1,9,2.1,118,3.6,127,14.9,14.2,16.3,0.0,67.8,64.8,69.7
2017-11-03,NaN,NaN,NaN,NaN,NaN,NaN,NaN,NaN,NaN,NaN,NaN,NaN,NaN
2017-11-04,NaN,NaN,NaN,NaN,NaN,NaN,NaN,NaN,NaN,NaN,NaN,NaN,NaN
2017-11-05,NaN,NaN,NaN,NaN,NaN,NaN,NaN,NaN,NaN,NaN,NaN,NaN,NaN
2017-11-06,NaN,NaN,NaN,NaN,NaN,NaN,NaN,NaN,NaN,NaN,NaN,NaN,NaN
2017-11-07,0.6,5,3.1,75,4.1,68,14.1,9.6,18.6,0.0,53.4,37.9,67.2
2017-11-08,2.2,263,6.6,224,8.7,214,14.5,8.8,17.7,0.0,45.4,13.6,74.0
2017-11-09,1.0,1,3.1,10,4.3,51,10.3,5.0,16.3,0.0,32.9,14.2,48.6
2017-11-10,2.2,304,8.4,234,14.6,245,10.2,-9.9,19.9,8.5,44.9,27.3,73.4
2017-11-11,1.8,281,6.6,266,10.8,264,7.2,4.7,11.0,0.0,24.9,11.7,43.7
2017-11-12,1.4,342,4.8,235,5.9,222,6.1,0.9,11.2,0.0,46.4,27.5,63.9
2017-11-13,1.1,10,4.1,232,6.0,242,8.3,3.8,12.4,2.0,53.7,37.8,72.9
2017-11-14,2.1,263,7.0,221,9.4,222,9.0,5.0,11.7,0.0,32.9,14.5,68.8
2017-11-15,2.4,298,8.9,228,12.8,293,4.3,0.7,6.5,0.0,29.8,9.6,46.0
2017-11-16,1.6,356,4.8,229,6.4,236,2.3,-1.2,7.1,0.0,19.4,5.6,33.3
2017-11-17,2.0,7,5.3,18,6.6,45,3.4,-0.3,6.6,0.0,21.6,7.9,40.7
2017-11-18,2.3,297,5.2,296,7.4,295,-0.5,-3.4,3.4,0.0,18.4,0.0,43.2
2017-11-19,2.0,275,7.3,231,9.4,242,-0.6,-5.1,3.7,0.0,15.6,0.3,27.1
2017-11-20,1.6,4,3.9,16,5.6,222,0.7,-2.0,3.6,0.0,32.9,12.7,55.9
2017-11-21,1.3,5,3.3,7,4.1,17,1.6,-3.7,7.3,0.0,40.1,14.2,64.1
2017-11-22,1.7,331,6.3,229,9.0,225,4.9,2.0,10.5,0.0,36.5,16.3,55.8
2017-11-23,2.1,288,7.8,225,11.8,214,2.2,-1.0,4.8,0.0,25.8,14.0,62.4
2017-11-24,1.7,324,6.1,221,9.3,228,0.6,-1.1,3.5,0.5,44.5,14.6,68.3
2017-11-25,1.4,13,4.1,115,5.1,124,2.6,-2.3,7.2,21.5,57.0,32.2,78.9
2017-11-26,1.7,7,6.3,18,8.4,354,4.2,1.3,7.2,0.0,54.0,22.0,76.2
2017-11-27,0.9,0,2.7,24,3.2,6,3.1,-1.5,8.6,0.0,37.9,21.0,54.3
2017-11-28,0.8,2,4.1,233,5.5,222,6.3,1.6,10.8,0.5,46.1,31.5,69.0
2017-11-29,1.5,317,4.4,263,5.8,248,5.0,0.1,8.2,0.0,35.0,10.7,71.8
2017-11-30,2.7,320,6.3,278,8.7,281,-1.0,-3.7,3.1,0.0,17.0,0.0,37.8
2017-12-01,1.5,326,5.7,231,8.1,233,-1.5,-5.5,3.1,0.0,47.3,22.2,81.6
2017-12-02,1.2,7,3.4,236,4.7,259,1.9,-3.9,6.9,0.0,63.1,41.3,80.9
2017-12-03,1.3,24,4.5,122,5.9,121,5.1,2.9,7.6,3.0,81.3,57.0,93.8
2017-12-04,2.7,279,7.8,224,10.3,222,0.4,-4.8,4.6,0.0,53.2,27.6,92.4
2017-12-05,2.1,271,6.4,274,8.8,264,-3.4,-6.4,-0.1,0.0,39.2,27.7,66.6
2017-12-06,1.7,68,6.4,248,8.0,225,0.2,-3.3,5.7,3.0,72.8,35.9,93.8
2017-12-07,1.8,323,5.6,268,6.9,284,1.8,-2.3,5.8,0.0,67.5,29.7,93.3
2017-12-08,2.1,265,5.5,224,7.3,222,-2.8,-5.4,-0.4,0.0,43.3,26.3,55.7
2017-12-09,1.3,28,3.6,124,4.7,129,-0.1,-4.4,4.6,0.0,49.9,34.9,61.3
2017-12-10,2.1,327,6.8,221,11.9,281,1.5,-1.7,6.9,5.5,71.4,39.1,95.3
2017-12-11,3.1,269,8.0,225,11.0,250,-5.7,-9.8,-1.7,0.0,42.0,32.0,55.6
2017-12-12,2.0,320,5.5,226,7.7,217,-8.3,-10.9,-5.1,0.0,44.0,31.7,52.7
2017-12-13,1.6,1,4.5,226,5.5,225,-7.2,-10.6,-3.0,0.0,43.4,30.7,60.5
2017-12-14,1.5,11,3.7,19,4.7,11,-6.1,-10.8,-2.1,0.0,48.5,36.9,59.9
2017-12-15,1.2,2,3.5,261,4.8,245,-2.9,-7.7,0.8,0.0,56.1,41.6,68.6
2017-12-16,2.3,287,6.1,227,9.2,273,-4.2,-6.8,-1.1,0.0,47.0,25.0,72.5
2017-12-17,1.7,303,6.0,218,8.2,228,-5.8,-9.0,-2.1,0.0,41.6,28.6,56.1
2017-12-18,1.3,350,5.2,276,7.8,281,-2.2,-5.7,3.3,1.5,81.0,55.8,90.8
2017-12-19,1.8,272,5.9,262,9.4,307,-2.9,-5.3,0.0,0.0,51.1,26.5,71.0
2017-12-20,1.8,19,4.5,3,5.6,8,-3.8,-8.7,0.5,0.0,66.6,46.4,88.7
2017-12-21,1.3,334,4.3,225,5.6,228,-0.4,-4.8,4.0,0.0,74.4,47.5,88.9
2017-12-22,1.1,5,2.8,118,4.3,118,2.8,-1.4,6.3,0.0,69.7,58.7,80.6
2017-12-23,0.8,53,2.6,234,4.0,127,6.5,5.0,8.8,0.0,75.4,64.3,82.1
2017-12-24,1.7,336,4.7,228,6.9,228,3.6,0.6,5.5,19.5,82.8,63.2,95.4
2017-12-25,2.2,267,6.2,225,8.5,217,-1.3,-3.9,0.7,0.0,46.0,28.7,63.8
2017-12-26,2.4,263,8.7,237,12.1,239,-2.5,-6.8,0.0,0.0,45.9,18.6,77.8
2017-12-27,2.1,263,6.2,243,7.9,236,-6.0,-8.9,-3.2,0.0,33.0,19.7,45.2
2017-12-28,1.2,356,3.1,20,4.3,39,-1.9,-6.0,2.1,0.0,51.1,37.9,68.5
2017-12-29,1.2,331,4.3,233,5.8,242,2.7,0.9,6.3,0.0,67.8,56.0,81.2
2017-12-30,1.3,11,2.7,13,3.6,214,1.9,-0.8,4.6,0.5,78.8,63.5,92.1
2017-12-31,2.4,265,5.9,235,8.2,264,1.1,-0.6,3.9,0.5,56.5,25.8,92.6
